-- MySQL dump 10.13  Distrib 8.0.32, for Win64 (x86_64)
--
-- Host: localhost    Database: dictionary
-- ------------------------------------------------------
-- Server version	8.0.32

/*!40101 SET @OLD_CHARACTER_SET_CLIENT=@@CHARACTER_SET_CLIENT */;
/*!40101 SET @OLD_CHARACTER_SET_RESULTS=@@CHARACTER_SET_RESULTS */;
/*!40101 SET @OLD_COLLATION_CONNECTION=@@COLLATION_CONNECTION */;
/*!50503 SET NAMES utf8mb4 */;
/*!40103 SET @OLD_TIME_ZONE=@@TIME_ZONE */;
/*!40103 SET TIME_ZONE='+00:00' */;
/*!40014 SET @OLD_UNIQUE_CHECKS=@@UNIQUE_CHECKS, UNIQUE_CHECKS=0 */;
/*!40014 SET @OLD_FOREIGN_KEY_CHECKS=@@FOREIGN_KEY_CHECKS, FOREIGN_KEY_CHECKS=0 */;
/*!40101 SET @OLD_SQL_MODE=@@SQL_MODE, SQL_MODE='NO_AUTO_VALUE_ON_ZERO' */;
/*!40111 SET @OLD_SQL_NOTES=@@SQL_NOTES, SQL_NOTES=0 */;

--
-- Table structure for table `antonyms`
--

DROP TABLE IF EXISTS `antonyms`;
/*!40101 SET @saved_cs_client     = @@character_set_client */;
/*!50503 SET character_set_client = utf8mb4 */;
CREATE TABLE `antonyms` (
  `Meaning_ID` int NOT NULL,
  `Antonym_ID` int NOT NULL,
  PRIMARY KEY (`Meaning_ID`,`Antonym_ID`),
  KEY `fk_word_5` (`Antonym_ID`),
  CONSTRAINT `fk_mean_1` FOREIGN KEY (`Meaning_ID`) REFERENCES `meaning` (`Meaning_ID`),
  CONSTRAINT `fk_word_5` FOREIGN KEY (`Antonym_ID`) REFERENCES `word` (`Word_ID`)
) ENGINE=InnoDB DEFAULT CHARSET=utf8mb4 COLLATE=utf8mb4_0900_ai_ci;
/*!40101 SET character_set_client = @saved_cs_client */;

--
-- Dumping data for table `antonyms`
--

LOCK TABLES `antonyms` WRITE;
/*!40000 ALTER TABLE `antonyms` DISABLE KEYS */;
INSERT INTO `antonyms` VALUES (19,11),(20,11),(33,11),(17,12),(17,13),(38,13),(45,14),(26,15),(27,15),(29,15),(35,15),(25,16),(38,16),(25,17),(38,17),(26,18),(27,18),(29,18),(35,18),(25,19),(38,19),(25,20),(26,21),(27,21),(29,21),(43,22),(44,22),(45,22),(23,23),(39,23),(23,24),(39,24),(23,25),(39,25);
/*!40000 ALTER TABLE `antonyms` ENABLE KEYS */;
UNLOCK TABLES;

--
-- Table structure for table `interpretation`
--

DROP TABLE IF EXISTS `interpretation`;
/*!40101 SET @saved_cs_client     = @@character_set_client */;
/*!50503 SET character_set_client = utf8mb4 */;
CREATE TABLE `interpretation` (
  `Word_ID` int NOT NULL,
  `Language_ID` int NOT NULL,
  `Lexeme_ID` int NOT NULL,
  PRIMARY KEY (`Word_ID`,`Lexeme_ID`,`Language_ID`),
  KEY `fk_Lang_1` (`Language_ID`),
  KEY `fk_Lex_1` (`Lexeme_ID`),
  CONSTRAINT `fk_Lang_1` FOREIGN KEY (`Language_ID`) REFERENCES `language` (`Language_ID`),
  CONSTRAINT `fk_Lex_1` FOREIGN KEY (`Lexeme_ID`) REFERENCES `lexeme` (`Lexeme_ID`),
  CONSTRAINT `fk_Word_3` FOREIGN KEY (`Word_ID`) REFERENCES `word` (`Word_ID`)
) ENGINE=InnoDB DEFAULT CHARSET=utf8mb4 COLLATE=utf8mb4_0900_ai_ci;
/*!40101 SET character_set_client = @saved_cs_client */;

--
-- Dumping data for table `interpretation`
--

LOCK TABLES `interpretation` WRITE;
/*!40000 ALTER TABLE `interpretation` DISABLE KEYS */;
INSERT INTO `interpretation` VALUES (1,1,1),(2,1,5),(2,1,6),(2,1,7),(3,1,11),(3,1,12),(3,1,13),(3,1,14),(3,1,15),(3,1,16),(3,1,17),(4,1,23),(4,1,24),(4,1,25),(5,1,8),(5,1,18),(5,1,19),(5,1,33),(5,1,34),(5,1,35),(6,1,11),(6,1,12),(6,1,13),(6,1,14),(7,1,8),(7,1,36),(7,1,44),(7,1,45),(7,1,46),(7,1,47),(7,1,48),(7,1,49),(7,1,50),(7,1,51),(8,1,8),(8,1,18),(8,1,63),(8,1,64),(9,1,68),(9,1,69),(9,1,70),(9,1,71),(9,1,72),(9,1,73),(10,1,70),(10,1,87),(11,1,94),(11,1,95),(11,1,96),(11,1,97),(11,1,98),(12,1,107),(12,1,108),(12,1,109),(12,1,110),(12,1,111),(13,1,121),(13,1,122),(13,1,123),(13,1,124),(13,1,125),(14,1,137),(14,1,138),(14,1,139),(14,1,140),(14,1,141),(14,1,142),(14,1,143),(14,1,144),(15,1,155),(15,1,156),(15,1,157),(16,1,167),(16,1,168),(16,1,169),(16,1,170),(16,1,171),(16,1,172),(16,1,173),(17,1,171),(17,1,172),(17,1,183),(18,1,155),(18,1,190),(18,1,191),(19,1,124),(19,1,200),(19,1,201),(19,1,202),(19,1,203),(20,1,183),(20,1,214),(20,1,215),(20,1,216),(21,1,228),(21,1,229),(21,1,230),(22,1,142),(22,1,234),(22,1,235),(22,1,236),(23,1,240),(24,1,244),(24,1,245),(24,1,246),(25,1,245),(25,1,261),(25,1,262),(25,1,263),(26,1,271),(27,1,275),(28,1,279),(29,1,283),(30,1,156),(31,1,290),(32,1,294),(33,1,298),(34,1,302),(1,2,2),(2,2,5),(3,2,12),(3,2,14),(4,2,26),(4,2,27),(5,2,18),(5,2,33),(5,2,36),(6,2,12),(7,2,33),(7,2,36),(7,2,52),(7,2,53),(8,2,65),(9,2,68),(9,2,74),(9,2,75),(9,2,76),(10,2,87),(10,2,88),(11,2,99),(11,2,100),(11,2,101),(12,2,112),(12,2,113),(12,2,114),(12,2,115),(13,2,126),(13,2,127),(14,2,137),(14,2,141),(14,2,145),(14,2,146),(15,2,155),(15,2,158),(16,2,171),(16,2,174),(17,2,171),(17,2,174),(17,2,184),(18,2,192),(18,2,193),(19,2,204),(19,2,205),(19,2,206),(20,2,174),(20,2,217),(20,2,218),(21,2,155),(22,2,237),(23,2,241),(24,2,247),(24,2,248),(24,2,249),(25,2,247),(25,2,263),(25,2,264),(25,2,265),(25,2,266),(26,2,272),(27,2,276),(28,2,280),(29,2,284),(30,2,287),(31,2,291),(32,2,295),(33,2,299),(34,2,303),(1,3,3),(2,3,9),(3,3,20),(4,3,28),(4,3,29),(5,3,37),(5,3,38),(6,3,20),(6,3,40),(6,3,42),(7,3,54),(7,3,55),(7,3,56),(7,3,57),(7,3,58),(7,3,59),(7,3,60),(8,3,66),(9,3,77),(9,3,78),(9,3,79),(10,3,78),(10,3,89),(11,3,102),(11,3,103),(12,3,116),(13,3,128),(13,3,129),(13,3,130),(13,3,131),(13,3,132),(14,3,147),(14,3,148),(14,3,149),(14,3,150),(15,3,159),(15,3,160),(15,3,161),(15,3,162),(15,3,163),(16,3,175),(16,3,176),(16,3,177),(16,3,178),(17,3,185),(17,3,186),(17,3,187),(18,3,194),(18,3,195),(18,3,196),(18,3,197),(19,3,207),(19,3,208),(19,3,209),(20,3,219),(20,3,220),(20,3,221),(20,3,222),(20,3,223),(21,3,231),(22,3,238),(23,3,242),(24,3,250),(24,3,251),(24,3,252),(24,3,253),(25,3,250),(25,3,251),(25,3,267),(25,3,268),(26,3,273),(27,3,277),(28,3,281),(29,3,285),(30,3,288),(31,3,292),(32,3,296),(33,3,300),(34,3,304),(1,4,4),(2,4,10),(3,4,21),(3,4,22),(4,4,30),(4,4,31),(4,4,32),(5,4,39),(5,4,41),(6,4,43),(7,4,61),(7,4,62),(8,4,67),(9,4,80),(9,4,81),(9,4,82),(9,4,83),(9,4,84),(9,4,85),(9,4,86),(10,4,90),(10,4,91),(10,4,92),(10,4,93),(11,4,104),(11,4,105),(11,4,106),(12,4,117),(12,4,118),(12,4,119),(12,4,120),(13,4,133),(13,4,134),(13,4,135),(13,4,136),(14,4,151),(14,4,152),(14,4,153),(14,4,154),(15,4,164),(15,4,165),(15,4,166),(16,4,179),(16,4,180),(16,4,181),(16,4,182),(17,4,180),(17,4,188),(17,4,189),(18,4,198),(18,4,199),(19,4,210),(19,4,211),(19,4,212),(19,4,213),(20,4,224),(20,4,225),(20,4,226),(20,4,227),(21,4,232),(21,4,233),(22,4,239),(23,4,243),(24,4,254),(24,4,255),(24,4,256),(24,4,257),(24,4,258),(24,4,259),(24,4,260),(25,4,254),(25,4,269),(25,4,270),(26,4,274),(27,4,278),(28,4,282),(29,4,286),(30,4,289),(31,4,293),(32,4,297),(33,4,301),(34,4,305);
/*!40000 ALTER TABLE `interpretation` ENABLE KEYS */;
UNLOCK TABLES;

--
-- Table structure for table `language`
--

DROP TABLE IF EXISTS `language`;
/*!40101 SET @saved_cs_client     = @@character_set_client */;
/*!50503 SET character_set_client = utf8mb4 */;
CREATE TABLE `language` (
  `Language_ID` int NOT NULL AUTO_INCREMENT,
  `Language` varchar(12) NOT NULL,
  PRIMARY KEY (`Language_ID`)
) ENGINE=InnoDB AUTO_INCREMENT=5 DEFAULT CHARSET=utf8mb4 COLLATE=utf8mb4_0900_ai_ci;
/*!40101 SET character_set_client = @saved_cs_client */;

--
-- Dumping data for table `language`
--

LOCK TABLES `language` WRITE;
/*!40000 ALTER TABLE `language` DISABLE KEYS */;
INSERT INTO `language` VALUES (1,'Hindi'),(2,'Marathi'),(3,'Tamil'),(4,'Telugu');
/*!40000 ALTER TABLE `language` ENABLE KEYS */;
UNLOCK TABLES;

--
-- Table structure for table `lexeme`
--

DROP TABLE IF EXISTS `lexeme`;
/*!40101 SET @saved_cs_client     = @@character_set_client */;
/*!50503 SET character_set_client = utf8mb4 */;
CREATE TABLE `lexeme` (
  `Lexeme_ID` int NOT NULL AUTO_INCREMENT,
  `Lexeme` varchar(80) CHARACTER SET utf32 COLLATE utf32_unicode_ci NOT NULL,
  PRIMARY KEY (`Lexeme_ID`),
  UNIQUE KEY `Lexeme_UNIQUE` (`Lexeme`)
) ENGINE=InnoDB AUTO_INCREMENT=306 DEFAULT CHARSET=utf32 COLLATE=utf32_unicode_ci;
/*!40101 SET character_set_client = @saved_cs_client */;

--
-- Dumping data for table `lexeme`
--

LOCK TABLES `lexeme` WRITE;
/*!40000 ALTER TABLE `lexeme` DISABLE KEYS */;
INSERT INTO `lexeme` VALUES (45,'рдЕрдВрдХ'),(183,'рдЕрдЪреНрдЫрд╛'),(249,'рдЕрдбрдЦрд│рдгреЗ'),(121,'рдЕрдиреБрдмреЛрдз'),(15,'рдЕрднрд┐рдзрд╛рди'),(303,'рдЕрд░реЗрд░реЗ!'),(70,'рдЕрд╡рд╕рд░'),(235,'рдЖрдЧреЗ рдЬрд╛рдирд╛'),(234,'рдЖрдЧреЗ рдмреЭрдирд╛'),(299,'рдЖрдгрд┐'),(291,'рдЖрдп'),(7,'рдЗрдиреНрд╕рд╛рди'),(248,'рдЙрддрд░рдгреЗ'),(137,'рдЙрддреНрд╕рд╛рд╣'),(241,'рдЙрднреЗ рд░рд╛рд╣рд╛'),(156,'рдЙрд▓реНрд▓реВ'),(100,'рдЙрд╢реАрд░рд╛'),(298,'рдФрд░'),(24,'рдХрджрд▓реА(f)'),(74,'рдХрд╛рд│'),(302,'рдХрд╛рд╢!'),(8,'рдХрд┐рддрд╛рдм'),(271,'рдХреБрддреНрддрд╛'),(272,'рдХреБрддреНрд░рд╛'),(167,'рдХреБрд╢рд▓'),(23,'рдХреЗрд▓рд╛(m)'),(25,'рдХреЗрд▓реЗ рдХрд╛ рдкреМрдзрд╛'),(26,'рдХреЗрд│реЗ'),(280,'рдХреЛрд▓реНрд╣рд╛'),(14,'рдХреЛрд╢'),(11,'рдХреЛрд╖'),(36,'рдЦрдВрдб'),(240,'рдЦрдбрд╝рд╛ рд╣реЛрдирд╛'),(96,'рдЧрдд'),(173,'рдЧреБрдгреА'),(33,'рдЧреНрд░рдВрде'),(87,'рдШрдВрдЯрд╛'),(51,'рдШрдирдлрд▓'),(53,'рдШрдирдлрд│'),(287,'рдШреБрдмрдб'),(218,'рдЪрдХрдЪрдХреАрдд'),(170,'рдЪрддреБрд░'),(215,'рдЪрдордХрджрд╛рд░'),(142,'рдЪрд▓рдирд╛'),(184,'рдЪрд▓рд╛рдЦ'),(144,'рдЪрд▓рд╛рдирд╛'),(295,'рдЪреНрдпрд╛рдЦрд╛рд▓реА'),(157,'рдЬреЬрдмреБрджреНрдзрд┐'),(75,'рдЬрдорд╛рдирд╛'),(141,'рдЬрд╛'),(140,'рдЬрд╛рдирд╛'),(146,'рдЬрд╛рд╡рд╛'),(63,'рдЬрд┐рд▓реНрдж'),(246,'рдард╣рд░рд╛рдирд╛'),(261,'рдард╣рд░рд╛рд╡'),(47,'рдвреЗрд░'),(126,'рддрддреНрдкрд░'),(127,'рддрд╛рддреНрдХрд╛рд▓реАрди'),(88,'рддрд╛рд╕'),(72,'рддрд┐рдерд┐'),(200,'рддреАрдХреНрд╖рдг'),(206,'рддреАрдХреНрд╖реНрдг'),(204,'рддреАрд╡реНрд░'),(48,'рддреАрд╡реНрд░рддрд╛'),(124,'рддреЗрдЬрд╝'),(217,'рддреЗрдЬрд╕реНрд╡реА'),(123,'рддреИрдпрд╛рд░'),(266,'рдерд╛рдВрдмрд╡рдгреЗ'),(247,'рдерд╛рдВрдмрд╛'),(264,'рдереЛрдкрд╡рдгреЗ'),(94,'рджреЗрд░'),(205,'рдзрд╛рд░рджрд╛рд░'),(201,'рдирд┐рдкреВрдг'),(112,'рдирд┐рдпрдорд┐рдд'),(229,'рдирд┐рд░реНрдмреБрджреНрдзрд┐'),(294,'рдиреАрдЪреЗ'),(203,'рдиреЛрдХ'),(244,'рдкрдбрд╝рд╛рд╡'),(50,'рдкрд░рд┐рдорд╛рдг'),(73,'рдкрд░рд┐рд╕реНрдерд┐рддрд┐'),(108,'рдкрд╛рдмрдВрдж'),(97,'рдкрд┐рдЫрд▓рд╛'),(237,'рдкреБрдвреЗ рдЬрд╛'),(18,'рдкреБрд╕реНрддрдХ'),(34,'рдкреЛрдереА'),(125,'рдкреНрд░рд╕реНрддреБрдд'),(76,'рдкреНрд░рд╣рд░'),(49,'рдлреИрд▓рд╛рд╡'),(236,'рдмреЭрддреЗ рдЬрд╛рдирд╛'),(143,'рдмрдврд╝рд╛рдирд╛'),(1,'рдмрд╛рдШ'),(138,'рдмрд╛рд░реА'),(275,'рдмрд┐рд▓реНрд▓реА'),(171,'рдмреБрджреНрдзрд┐рдорд╛рди'),(230,'рдмреБрджреНрдзрд┐рд╣рд┐рди'),(64,'рдмреГрд╣рддреН рдЧреНрд░рдВрде'),(228,'рдмреЗрд╡рдХреВрдлрд╝'),(52,'рднрд╛рдЧ'),(99,'рднреВрддрдкреВрд░реНрд╡'),(190,'рднреЛрд▓рд╛ рднрд╛рд▓рд╛'),(6,'рдордиреБрд╖реНрдп'),(65,'рдорд▓рд╛'),(216,'рдорд╣рд╛рди'),(276,'рдорд╛рдВрдЬрд░'),(5,'рдорд╛рдирд╡'),(191,'рдореБрдХ'),(193,'рдореБрдХрд╛'),(192,'рдореБрдХреЗ'),(158,'рдореБрд░реНрдЦ'),(155,'рдореВрд░реНрдЦ'),(95,'рдореГрдд'),(290,'рдореИрдВ'),(111,'рдпрдерд╛рд╕рдордп'),(71,'рдпреБрдЧ'),(245,'рд░реБрдХрдирд╛'),(262,'рд░реЛрдХрдирд╛'),(265,'рд░реЛрдЦрдгреЗ'),(279,'рд▓реЛрдордбрд╝реА'),(115,'рд╡рдХрддрд╢реАрд░'),(69,'рд╡рдХреНрдд'),(113,'рд╡рдХреНрддрд╢реАрд░'),(114,'рд╡рдХреНрддрд╢реАрд░рдкрдгреЗ'),(2,'рд╡рд╛рдШ'),(263,'рд╡рд┐рд╢реНрд░рд╛рдо'),(44,'рд╡рд┐рд╕реНрддрд╛рд░'),(46,'рд╡рд┐рд╕реНрддрд╛рд░-рдХреНрд╖реЗрддреНрд░'),(145,'рд╢рдХреНрддреА'),(17,'рд╢рдмреНрдж-рд╕рдВрдЧреНрд░рд╣'),(12,'рд╢рдмреНрджрдХреЛрд╢'),(13,'рд╢рдмреНрджрдХреЛрд╖'),(16,'рд╢рдмреНрджрд╕рд╛рдЧрд░'),(168,'рд╢рд┐рдХреНрд╖рд┐рдд'),(19,'рд╕рдВрдЧреНрд░рд╣'),(35,'рд╕рдВрдкрддреНрд░'),(169,'рд╕рдордЭрджрд╛рд░'),(68,'рд╕рдордп'),(110,'рд╕рдордп рдкрд░'),(109,'рд╕рдордпрд╛рдиреБрдХреВрд▓'),(122,'рд╕рдВрд╡рд╛рдж рдмрддрд╛рдирд╛'),(202,'рд╕рд╣рд╕рд╛'),(214,'рд╕рд╛рдл'),(107,'рд╕рд╛рдордпрд┐рдХ'),(98,'рд╕реБрд╕реНрдд'),(27,'рд╕реЛрдирдХреЗрд│реЗ'),(139,'рд╕реНрдлреВрд░реНрддрд┐'),(101,'рд╕реНрд╡рд░реНрдЧрд╡рд╛рд╕реА'),(284,'рд╣рддреНрддреА'),(283,'рд╣рд╛рдереА'),(174,'рд╣реБрд╢рд╛рд░'),(172,'рд╣реЛрд╢рд┐рдпрд╛рд░'),(20,'роЕроХро░ро╛родро┐'),(40,'роЕроХро░ро╛родро┐ропро┐ро▓рпН'),(222,'роЕро▒ро┐ро╡рпБроХрпНроХрпВро░рпНроорпИропро╛рой'),(175,'роЕро▒ро┐ро╡рпБродрпНродро┐ро▒роорпН ро╡ро╛ропрпНроирпНрод'),(288,'роЖроирпНродрпИ'),(252,'роЗроЯрпИродрпН родроЩрпНроХро▓рпН'),(219,'роИро░рооро┐ро▓ро╛ роЙропро╡рпЖрогрпНрогрпЖропрпН'),(129,'роЙроЯройроЯро┐ропро╛рой'),(132,'роКроХрпНроХрпБро╡ро┐'),(194,'роКроорпИ'),(197,'роКроорпИропро╛рой'),(304,'роРропрпЛ!'),(89,'роТро░рпБроорогро┐роирпЗро░роорпН'),(60,'роТро▓ро┐ роЕро│ро╡рпБ'),(221,'роТро│ро┐рооро┐роХрпНроХ'),(116,'роХро╛ро▓роирпНродро╡ро▒ро╛род'),(79,'роХро╛ро▓роорпН'),(130,'роХро╛ро▓роорпН родро╡ро▒ро╛род'),(296,'роХрпАро┤рпЗ'),(208,'роХрпВро░ро┐роп'),(207,'роХрпВро░рпН'),(209,'роХрпВро░рпНроорпИропро╛рой'),(150,'роЪрпЖро▓ро╡ро╛роХро┐рокрпЛройродрпБ'),(147,'роЪрпЖро▓рпН'),(103,'родро╛роородрооро╛рой'),(131,'родро╛роородрооро┐ройрпНро▒ро┐'),(187,'родрпБрогро┐роЪрпНроЪро▓рпН'),(128,'родрпВрогрпНроЯро┐'),(55,'родрпКроХрпБрокрпНрокрпБ'),(238,'родрпКроЯро░ро╡рпБроорпН'),(148,'роироЯ'),(281,'роиро░ро┐'),(292,'роиро╛ройрпН'),(273,'роиро╛ропрпН'),(253,'роиро┐ро▒рпБродрпНрод'),(267,'роиро┐ро▒рпБродрпНродроорпН'),(250,'роиро┐ро▒рпБродрпНродрпБ'),(242,'роиро┐ро▒рпНроХ'),(251,'роиро┐ро▓рпН'),(178,'роирпБрогрпНрогро▒ро┐ро╡рпБро│рпНро│'),(37,'роирпВро▓рпН'),(77,'роирпЗро░роорпН'),(38,'рокродрпНродроХроорпН'),(57,'рокро░ро┐рооро╛рогроорпН'),(59,'рокро░рпБроо роЕро│ро╡рпБ'),(58,'рокро░рпБрооройро│ро╡рпБ'),(66,'рокро░рпБрооройро╛рой рокрпБродрпНродроХроорпН'),(56,'рокро░рпБрооройрпН'),(149,'рокро▒рокрпНрокро╛роЯрпБ'),(54,'рокро╛роХроорпН'),(220,'рокро┐ро░роХро╛роЪрооро╛рой'),(185,'рокрпБродрпНродро┐роЪро╛ро▓ро┐'),(3,'рокрпБро▓ро┐'),(277,'рокрпВройрпИ'),(161,'рокрпЗродрпИ'),(42,'рокрпЗро░роХро░ро╛родро┐'),(223,'рокрпКро▓ро┐ро╡ро╛рой'),(159,'роороЯрпНроЯро┐'),(78,'роорогро┐'),(177,'роородро┐роирпБроЯрпНрок'),(163,'роороирпНродройрпН'),(176,'рооройродро┐роЯроорпН'),(9,'рооройро┐родройрпН'),(300,'рооро▒рпНро▒рпБроорпН'),(186,'рооро┐роЯрпБроХрпНроХрпБроЯрпИроп'),(160,'роорпБроЯрпНроЯро╛ро│рпН'),(196,'роорпБроЯрпНроЯро╛ро│рпНродройрооро╛рой'),(102,'роорпБройрпНройро╛ро│рпН'),(162,'роорпВроЯройрпН'),(231,'роорпВро│рпИ роЗро▓рпНро▓ро╛род'),(195,'роорпЖро│ройроорпН'),(285,'ропро╛ройрпИ'),(28,'ро╡ро╛ро┤рпИ'),(29,'ро╡ро╛ро┤рпИрокрпНрокро┤роорпН'),(268,'ро╡ро┐ро▓рпНро▓рпИ роТро│ро┐ роЗроЯрпИро╡рпЖро│ро┐'),(270,'р░Ер░бр▒Нр░бр░Чр░┐р░Вр░Ър▒Бр░Я'),(305,'р░Ер░пр▒Нр░пр▒Л!'),(31,'р░Ер░░р░Яр░┐р░Ър▒Жр░Яр▒Нр░Яр▒Б'),(32,'р░Ер░░р░Яр░┐р░кр░Вр░бр▒Б'),(259,'р░Жр░Чр▒Б'),(254,'р░Жр░кр▒Б'),(120,'р░Жр░▓р░╕р▒Нр░пр░ор▒Б р░Хр░╛р░ир░Яр▒Нр░Яр░┐'),(104,'р░Жр░▓р░╕р▒Нр░пр░ор▒Ир░и'),(105,'р░Зр░Яр▒Ар░╡р░▓р░┐'),(226,'р░Йр░Ьр▒Нр░╡р░▓р░ор▒Ир░и'),(133,'р░Йр░жр▒Нр░пр▒Бр░Хр▒Нр░др░ор░╛р░и'),(286,'р░Пр░ир▒Бр░Чр▒Б'),(118,'р░Хр░░р░╛р░░р▒Ир░и'),(188,'р░Хр░╛р░░р░ор▒Ир░и'),(80,'р░Хр░╛р░▓р░ор▒Б'),(297,'р░Хр░┐р░Вр░ж'),(274,'р░Хр▒Бр░Хр▒Нр░Х'),(258,'р░Хр▒Бр░Вр░Яр░┐'),(257,'р░Хр▒Бр░Вр░Яр▒Бр░Я'),(30,'р░Хр▒Вр░░р░Ер░░р░Яр░┐'),(239,'р░Хр▒Кр░ир░╕р░╛р░Чр░Вр░бр░┐'),(119,'р░Цр░Вр░бр░┐р░др░ор▒Ир░и'),(90,'р░Чр░Вр░Я'),(91,'р░Чр░бр░┐р░п'),(289,'р░Чр▒Бр░бр▒Нр░▓р░Чр▒Вр░м'),(41,'р░Чр▒Нр░░р░Вр░зр░ор▒Б'),(92,'р░Шр░Вр░Я'),(85,'р░Ър░╛р░▓р░╛р░╕р░╛р░░р▒Нр░▓р▒Б'),(189,'р░Ър▒Бр░░р▒Бр░Хр▒Б'),(134,'р░Ър▒Бр░░р▒Бр░Хр▒Бр░Чр░▓'),(152,'р░Ьр░░р▒Бр░Чр▒Бр░Я'),(135,'р░Ьр░╛р░Чр▒Нр░░р░др░Чр░▓'),(67,'р░Яр▒Лр░ор▒Н'),(224,'р░др░│р░др░│р░▓р░╛р░бр▒З'),(106,'р░др░╛р░ор░╕р░ор▒Ир░и'),(211,'р░др▒Ар░Хр▒Нр░╖р░гр░ор▒Ир░и'),(81,'р░др▒Вр░░р░┐'),(179,'р░др▒Жр░▓р░┐р░╡р░┐р░Чр░▓'),(232,'р░др▒Жр░▓р░┐р░╡р░┐р░ор░╛р░▓р░┐р░и'),(180,'р░др▒Жр░▓р░┐р░╡р▒Ир░и'),(260,'р░жр░┐р░Вр░Ър▒Бр░Я'),(166,'р░жр▒Бр░░р▒Нр░нр▒Бр░жр▒Нр░жр░┐'),(153,'р░ир░бр▒Бр░Ър▒Бр░Я'),(293,'р░ир░ир▒Нр░ир▒Б'),(227,'р░ир░┐р░Чр░ир░┐р░Чр░▓р░╛р░бр▒З'),(21,'р░ир░┐р░Шр░Вр░Яр▒Бр░╡р▒Б'),(243,'р░ир░┐р░▓р░мр░бр▒Б'),(269,'р░ир░┐р░▓р▒Бр░кр▒Б'),(212,'р░кр░жр▒Бр░ир▒Бр░Чр░▓'),(210,'р░кр░жр▒Бр░ир▒Ир░и'),(61,'р░кр░░р░┐р░ор░╛р░гр░В'),(82,'р░кр░░р▒Нр░пр░╛р░пр░ор▒Б'),(233,'р░кр░┐р░Ър▒Нр░Ър░┐'),(278,'р░кр░┐р░▓р▒Нр░▓р░┐'),(4,'р░кр▒Бр░▓р░┐'),(39,'р░кр▒Бр░╕р▒Нр░др░Хр░ор▒Б'),(83,'р░кр▒Кр░жр▒Нр░жр▒Б'),(154,'р░кр▒Лр░╡р▒Бр░Я'),(225,'р░кр▒Нр░░р░Хр░╛р░╢р░╡р░Вр░др░ор▒Ир░и'),(282,'р░лр░╛р░Хр▒Нр░╕р▒Н'),(181,'р░мр▒Бр░жр▒Нр░жр░┐р░╢р░╛р░▓р░┐р░пр▒Ир░и'),(198,'р░ор░Вр░жр░мр▒Бр░жр▒Нр░жр░┐'),(301,'р░ор░░р░┐р░пр▒Б'),(84,'р░ор░╛р░Яр▒Б'),(10,'р░ор░╛р░ир░╡р▒Бр░бр▒Б'),(199,'р░ор▒Вр░Ч'),(164,'р░ор▒Вр░░р▒Нр░Цр░ор▒Ир░и'),(165,'р░ор▒Вр░░р▒Нр░Цр▒Бр░бр▒Б'),(136,'р░░р░Вр░Ьр░Хр░ор▒Ир░и'),(43,'р░▓р▒Жр░Хр▒Нр░╕р░┐р░Хр░ир▒Н'),(255,'р░╡р░┐р░░р░╛р░ор░ор▒Б'),(182,'р░╡р░┐р░╡р▒Зр░Хр░┐р░пр▒Ир░и'),(256,'р░╡р░┐р░╢р▒Нр░░р░╛р░Вр░др░┐'),(62,'р░╡р▒Жр░бр░▓р▒Нр░кр▒Б'),(151,'р░╡р▒Жр░│р▒Нр░│р▒Б'),(117,'р░╡р▒Зр░│р░ир▒Б р░кр░╛р░Яр░┐р░Вр░Ър▒З'),(22,'р░╢р░мр▒Нр░жр░ор░Вр░Ьр░░р░┐'),(86,'р░╕р░ор░пр░В'),(93,'р░╕р░ор░пр░ор▒Б'),(213,'р░╕р▒Вр░Хр▒Нр░╖р▒Нр░ор░мр▒Бр░жр▒Нр░жр░┐р░Чр░▓');
/*!40000 ALTER TABLE `lexeme` ENABLE KEYS */;
UNLOCK TABLES;

--
-- Table structure for table `living`
--

DROP TABLE IF EXISTS `living`;
/*!40101 SET @saved_cs_client     = @@character_set_client */;
/*!50503 SET character_set_client = utf8mb4 */;
CREATE TABLE `living` (
  `Word_ID` int NOT NULL,
  `Image` longblob,
  `Scientific_name` varchar(80) DEFAULT NULL,
  PRIMARY KEY (`Word_ID`),
  KEY `fk_Word_1` (`Word_ID`),
  CONSTRAINT `fk_Word_1` FOREIGN KEY (`Word_ID`) REFERENCES `word` (`Word_ID`)
) ENGINE=InnoDB DEFAULT CHARSET=utf8mb4 COLLATE=utf8mb4_0900_ai_ci;
/*!40101 SET character_set_client = @saved_cs_client */;

--
-- Dumping data for table `living`
--

LOCK TABLES `living` WRITE;
/*!40000 ALTER TABLE `living` DISABLE KEYS */;
INSERT INTO `living` VALUES (1,_binary ' \╪ \р\0JFIF\0,,\0\0 \э7XPhotoshop 3.0\08BIM%\0\0\0\0\0Oмц│ШD е\╧D\ї*\"fiи8BIM\ъ\0\0\0\0░<?xml version=\"1.0\" encoding=\"UTF-8\"?>\n<!DOCTYPE plist PUBLIC \"-//Apple Computer//DTD PLIST 1.0//EN\" \"http://www.apple.com/DTDs/PropertyList-1.0.dtd\">\n<plist version=\"1.0\">\n<dict>\n	<key>com.apple.print.PageFormat.PMHorizontalRes</key>\n	<dict>\n		<key>com.apple.print.ticket.creator</key>\n		<string>com.apple.printingmanager</string>\n		<key>com.apple.print.ticket.itemArray</key>\n		<array>\n			<dict>\n				<key>com.apple.print.PageFormat.PMHorizontalRes</key>\n				<real>72</real>\n				<key>com.apple.print.ticket.client</key>\n				<string>com.apple.printingmanager</string>\n				<key>com.apple.print.ticket.modDate</key>\n				<date>2007-09-21T19:30:17Z</date>\n				<key>com.apple.print.ticket.stateFlag</key>\n				<integer>0</integer>\n			</dict>\n		</array>\n	</dict>\n	<key>com.apple.print.PageFormat.PMOrientation</key>\n	<dict>\n		<key>com.apple.print.ticket.creator</key>\n		<string>com.apple.printingmanager</string>\n		<key>com.apple.print.ticket.itemArray</key>\n		<array>\n			<dict>\n				<key>com.apple.print.PageFormat.PMOrientation</key>\n				<integer>1</integer>\n				<key>com.apple.print.ticket.client</key>\n				<string>com.apple.printingmanager</string>\n				<key>com.apple.print.ticket.modDate</key>\n				<date>2007-09-21T19:30:17Z</date>\n				<key>com.apple.print.ticket.stateFlag</key>\n				<integer>0</integer>\n			</dict>\n		</array>\n	</dict>\n	<key>com.apple.print.PageFormat.PMScaling</key>\n	<dict>\n		<key>com.apple.print.ticket.creator</key>\n		<string>com.apple.printingmanager</string>\n		<key>com.apple.print.ticket.itemArray</key>\n		<array>\n			<dict>\n				<key>com.apple.print.PageFormat.PMScaling</key>\n				<real>1</real>\n				<key>com.apple.print.ticket.client</key>\n				<string>com.apple.printingmanager</string>\n				<key>com.apple.print.ticket.modDate</key>\n				<date>2007-09-21T19:30:17Z</date>\n				<key>com.apple.print.ticket.stateFlag</key>\n				<integer>0</integer>\n			</dict>\n		</array>\n	</dict>\n	<key>com.apple.print.PageFormat.PMVerticalRes</key>\n	<dict>\n		<key>com.apple.print.ticket.creator</key>\n		<string>com.apple.printingmanager</string>\n		<key>com.apple.print.ticket.itemArray</key>\n		<array>\n			<dict>\n				<key>com.apple.print.PageFormat.PMVerticalRes</key>\n				<real>72</real>\n				<key>com.apple.print.ticket.client</key>\n				<string>com.apple.printingmanager</string>\n				<key>com.apple.print.ticket.modDate</key>\n				<date>2007-09-21T19:30:17Z</date>\n				<key>com.apple.print.ticket.stateFlag</key>\n				<integer>0</integer>\n			</dict>\n		</array>\n	</dict>\n	<key>com.apple.print.PageFormat.PMVerticalScaling</key>\n	<dict>\n		<key>com.apple.print.ticket.creator</key>\n		<string>com.apple.printingmanager</string>\n		<key>com.apple.print.ticket.itemArray</key>\n		<array>\n			<dict>\n				<key>com.apple.print.PageFormat.PMVerticalScaling</key>\n				<real>1</real>\n				<key>com.apple.print.ticket.client</key>\n				<string>com.apple.printingmanager</string>\n				<key>com.apple.print.ticket.modDate</key>\n				<date>2007-09-21T19:30:17Z</date>\n				<key>com.apple.print.ticket.stateFlag</key>\n				<integer>0</integer>\n			</dict>\n		</array>\n	</dict>\n	<key>com.apple.print.subTicket.paper_info_ticket</key>\n	<dict>\n		<key>com.apple.print.PageFormat.PMAdjustedPageRect</key>\n		<dict>\n			<key>com.apple.print.ticket.creator</key>\n			<string>com.apple.printingmanager</string>\n			<key>com.apple.print.ticket.itemArray</key>\n			<array>\n				<dict>\n					<key>com.apple.print.PageFormat.PMAdjustedPageRect</key>\n					<array>\n						<real>0.0</real>\n						<real>0.0</real>\n						<real>734</real>\n						<real>576</real>\n					</array>\n					<key>com.apple.print.ticket.client</key>\n					<string>com.apple.printingmanager</string>\n					<key>com.apple.print.ticket.modDate</key>\n					<date>2011-02-01T01:27:01Z</date>\n					<key>com.apple.print.ticket.stateFlag</key>\n					<integer>0</integer>\n				</dict>\n			</array>\n		</dict>\n		<key>com.apple.print.PageFormat.PMAdjustedPaperRect</key>\n		<dict>\n			<key>com.apple.print.ticket.creator</key>\n			<string>com.apple.printingmanager</string>\n			<key>com.apple.print.ticket.itemArray</key>\n			<array>\n				<dict>\n					<key>com.apple.print.PageFormat.PMAdjustedPaperRect</key>\n					<array>\n						<real>-18</real>\n						<real>-18</real>\n						<real>774</real>\n						<real>594</real>\n					</array>\n					<key>com.apple.print.ticket.client</key>\n					<string>com.apple.printingmanager</string>\n					<key>com.apple.print.ticket.modDate</key>\n					<date>2011-02-01T01:27:01Z</date>\n					<key>com.apple.print.ticket.stateFlag</key>\n					<integer>0</integer>\n				</dict>\n			</array>\n		</dict>\n		<key>com.apple.print.PaperInfo.PMPaperName</key>\n		<dict>\n			<key>com.apple.print.ticket.creator</key>\n			<string>com.apple.print.pm.PostScript</string>\n			<key>com.apple.print.ticket.itemArray</key>\n			<array>\n				<dict>\n					<key>com.apple.print.PaperInfo.PMPaperName</key>\n					<string>na-letter</string>\n					<key>com.apple.print.ticket.client</key>\n					<string>com.apple.print.pm.PostScript</string>\n					<key>com.apple.print.ticket.modDate</key>\n					<date>2003-07-01T17:49:36Z</date>\n					<key>com.apple.print.ticket.stateFlag</key>\n					<integer>1</integer>\n				</dict>\n			</array>\n		</dict>\n		<key>com.apple.print.PaperInfo.PMUnadjustedPageRect</key>\n		<dict>\n			<key>com.apple.print.ticket.creator</key>\n			<string>com.apple.print.pm.PostScript</string>\n			<key>com.apple.print.ticket.itemArray</key>\n			<array>\n				<dict>\n					<key>com.apple.print.PaperInfo.PMUnadjustedPageRect</key>\n					<array>\n						<real>0.0</real>\n						<real>0.0</real>\n						<real>734</real>\n						<real>576</real>\n					</array>\n					<key>com.apple.print.ticket.client</key>\n					<string>com.apple.printingmanager</string>\n					<key>com.apple.print.ticket.modDate</key>\n					<date>2007-09-21T19:30:17Z</date>\n					<key>com.apple.print.ticket.stateFlag</key>\n					<integer>0</integer>\n				</dict>\n			</array>\n		</dict>\n		<key>com.apple.print.PaperInfo.PMUnadjustedPaperRect</key>\n		<dict>\n			<key>com.apple.print.ticket.creator</key>\n			<string>com.apple.print.pm.PostScript</string>\n			<key>com.apple.print.ticket.itemArray</key>\n			<array>\n				<dict>\n					<key>com.apple.print.PaperInfo.PMUnadjustedPaperRect</key>\n					<array>\n						<real>-18</real>\n						<real>-18</real>\n						<real>774</real>\n						<real>594</real>\n					</array>\n					<key>com.apple.print.ticket.client</key>\n					<string>com.apple.printingmanager</string>\n					<key>com.apple.print.ticket.modDate</key>\n					<date>2007-09-21T19:30:17Z</date>\n					<key>com.apple.print.ticket.stateFlag</key>\n					<integer>0</integer>\n				</dict>\n			</array>\n		</dict>\n		<key>com.apple.print.PaperInfo.ppd.PMPaperName</key>\n		<dict>\n			<key>com.apple.print.ticket.creator</key>\n			<string>com.apple.print.pm.PostScript</string>\n			<key>com.apple.print.ticket.itemArray</key>\n			<array>\n				<dict>\n					<key>com.apple.print.PaperInfo.ppd.PMPaperName</key>\n					<string>US Letter</string>\n					<key>com.apple.print.ticket.client</key>\n					<string>com.apple.print.pm.PostScript</string>\n					<key>com.apple.print.ticket.modDate</key>\n					<date>2003-07-01T17:49:36Z</date>\n					<key>com.apple.print.ticket.stateFlag</key>\n					<integer>1</integer>\n				</dict>\n			</array>\n		</dict>\n		<key>com.apple.print.ticket.APIVersion</key>\n		<string>00.20</string>\n		<key>com.apple.print.ticket.privateLock</key>\n		<false/>\n		<key>com.apple.print.ticket.type</key>\n		<string>com.apple.print.PaperInfoTicket</string>\n	</dict>\n	<key>com.apple.print.ticket.APIVersion</key>\n	<string>00.20</string>\n	<key>com.apple.print.ticket.privateLock</key>\n	<false/>\n	<key>com.apple.print.ticket.type</key>\n	<string>com.apple.print.PageFormatTicket</string>\n</dict>\n</plist>\n8BIM\э\0\0\0\0\0,\0\0\0\0,\0\0\0\08BIM&\0\0\0\0\0\0\0\0\0\0\0\0\0\0\0?А\0\08BIM\r\0\0\0\0\0\0\0\08BIM\0\0\0\0\0\0\0\08BIM\є\0\0\0\0\0	\0\0\0\0\0\0\0\0\08BIM\n\0\0\0\0\0\08BIM\'\0\0\0\0\0\n\0\0\0\0\0\0\0\08BIM\ї\0\0\0\0\0H\0/ff\0\0lff\0\0\0\0\0\0\0/ff\0\0бЩЪ\0\0\0\0\0\0\02\0\0\0\0Z\0\0\0\0\0\0\0\0\05\0\0\0\0-\0\0\0\0\0\0\0\08BIM°\0\0\0\0\0p\0\0                      \ш\0\0\0\0                      \ш\0\0\0\0                      \ш\0\0\0\0                      \ш\0\08BIM\0\0\0\0\0\0\0\0\0\0@\0\0@\0\0\0\08BIM\0\0\0\0\0\0\0\0\08BIM\Z\0\0\0\0E\0\0\0\0\0\0\0\0\0\0\0\0\0\0\0\0\0\0\0\0\0_\0F\08\0A\08\09\03\05\0\0\0\0\0\0\0\0\0\0\0\0\0\0\0\0\0\0\0\0\0\0\0\0\0\0\0\0\0\0\0\0\0\0\0\0\0\0\0\0\0\0\0\0\0\0\0\0\0\0\0\0\0\0\0\0\0\0\0\0\0\0\0\0\0\0\0\0\0\0\0\0\0\0\0\0\0\0\0\0null\0\0\0\0\0\0boundsObjc\0\0\0\0\0\0\0\0\0Rct1\0\0\0\0\0\0\0Top long\0\0\0\0\0\0\0\0Leftlong\0\0\0\0\0\0\0\0Btomlong\0\0\0\0\0\0\0Rghtlong\0\0\0\0\0\0slicesVlLs\0\0\0Objc\0\0\0\0\0\0\0\0slice\0\0\0\0\0\0sliceIDlong\0\0\0\0\0\0\0groupIDlong\0\0\0\0\0\0\0originenum\0\0\0ESliceOrigin\0\0\0\rautoGenerated\0\0\0\0Typeenum\0\0\0\nESliceType\0\0\0\0Img \0\0\0boundsObjc\0\0\0\0\0\0\0\0\0Rct1\0\0\0\0\0\0\0Top long\0\0\0\0\0\0\0\0Leftlong\0\0\0\0\0\0\0\0Btomlong\0\0\0\0\0\0\0Rghtlong\0\0\0\0\0\0urlTEXT\0\0\0\0\0\0\0\0\0nullTEXT\0\0\0\0\0\0\0\0\0MsgeTEXT\0\0\0\0\0\0\0\0altTagTEXT\0\0\0\0\0\0\0\0cellTextIsHTMLbool\0\0\0cellTextTEXT\0\0\0\0\0\0\0\0	horzAlignenum\0\0\0ESliceHorzAlign\0\0\0default\0\0\0	vertAlignenum\0\0\0ESliceVertAlign\0\0\0default\0\0\0bgColorTypeenum\0\0\0ESliceBGColorType\0\0\0\0None\0\0\0	topOutsetlong\0\0\0\0\0\0\0\nleftOutsetlong\0\0\0\0\0\0\0bottomOutsetlong\0\0\0\0\0\0\0rightOutsetlong\0\0\0\0\08BIM(\0\0\0\0\0\0\0\0?\Ё\0\0\0\0\0\08BIM\0\0\0\0\0\0\0\08BIM\0\0\0\0ж\0\0\0\0\0\0а\0\0\0k\0\0\р\0\0╚а\0\0К\0\0 \╪ \р\0JFIF\0\0\0H\0H\0\0 \э\0Adobe_CM\0 \ю\0Adobe\0dА\0\0\0 \█\0Д\0			\n\r\r\r └\0\0k\0а\"\0 \▌\0\0\n \─?\0\0\0\0\0\0\0\0\0\0	\n\0\0\0\0\0\0\0\0\0	\n\03\0!1AQa\"qБ2Сб▒B#$R┴b34rВ\╤C%ТS\Ё\с\ёcs5в▓Г&DУTdE┬гt6\╥U\тe\Є│Д\├\╙u\у\єF\'ФдЕ┤Х\─\╘\ф\Їе╡\┼\╒\х\їVfvЖЦж╢\╞\╓\ц\Ў7GWgwЗЧз╖\╟\╫\ч\ў\05\0!1AQaq\"2БСб▒B#┴R\╤\Ё3$b\сrВТCScs4\ё%в▓Г&5\┬\╥DУTгdEU6te\т\Є│Д\├\╙u\у\єFФдЕ┤Х\─\╘\ф\Їе╡\┼\╒\х\їVfvЖЦж╢\╞\╓\ц\Ў\'7GWgwЗЧз╖\╟ \┌\0\0\0?\0\тq^└5\╤]п\╙$dx*Bиw\Ї┤\nНШ7к\╪\чo┤\"}б╗Г \0Г\Ї\╨УйDe{\rУ\юР&Ч0╣\Ї\яВI\с<T∙i>\ю└\ЎV1\┌\╟\0^╔Г \┬=╜=╢\Ё\"Sмn\х╡\э\─t\ю\▐\'Р┤░\Єg╣▒┤\ЄлYЖ+м┤\0wpT║uuРiqИ<ЕенЫWb·Д║aгXI┴Х\╓\\9нX>ЫNгЩH\╓\r`|\ш\ёкV┌╣\╪6]f\уg\чLм\╨\▌█Щ;√\рн6╢0Ж\0&5)\┼5\╓\Ўq2S]n╝Хz9\╓7\"╞║ЪШ\ZAН╩╜Э5\ї║-▓J┘мIs\т*жMo{дw\ьT\т`\эв╖i\сW]\Ё	\╘;\рлdZ\█\\\цW\ЇЛ╡*\▐[Mt╡АI<Ю\ъb▒а<\rJ u*а\╥n└\▄\╟CХ\\\▄|Ц9═Т\╙;В\▄ \╘d	 :№w┤\щ╗зГк\уZ5нmy@\Є\р>rиX┴}fПлРЫ█▒m-$║▓`ПB\╥\э\юfО:╖\═в╦╖ \╨\х,%А\▐{й\╓└\юи╡╡╢F\ю\▌╤ленkЮ5A+FhАГi√\ЇW1\ъ\Z>HTTIУ\╟ehm#ФA╜E┬У▌А┤Li\n\├=	p\╨7X\╚\ZA~(Te=\ю5╕sйMР htиeН╝Qqi╟о\╥t(,▒Ж\Є\╪\╥8\єRолБ{╝\Ї\nД\ын-m\█K\rЮаx&н\╬cЙpР4Pо\ч\Z\╬ \0╣8t╝\╠Qе\фТY;q$s┴P\▄\шq\╨pбС`iЖЩ%&╗Вt#ВХR\╒\ь║I\r╨ОP\╦\┌п~T\ЄM{ц┐дG╕*.О╛O\э\Ўд\шЛ/%б\┌jG*-\Ў6Yа\юБqн\фЖ\Ё<Tih--fДй\т_eвZ╢л\╩}\╞JУ-\▄∙\ьк\╫S[\ьq\ў)\ы\\И\х(│key\rp[√∙а╣═зh<┤\╚°\"_~·K$ГзК	wп░G║@MЦ\у▓	 \╤\чq\╪cMdrПT·{деUnkZfcDa_╝\0$;вYcв\╘5а\э\юм:▒╖wsд!\╪\┬\┬\0\╘\ўV*ynО\0\╧\рЭ7║A\ш┼н\▀\╧m\n(ймд\с\nж.tD\┼л	Э\┬|3Щr&c·oi1╩┤, \04Cq╣\▀ Б\ы\╪D╧ТИ\╩·\"\┘\Zu\юЫyмL°бYtШg\╥A{╛ЮЭУ┤[b√\0\ў6$а>\╦]┤<T/&▓╓╕╠йЧ╕┤x\сЧ┤┴\ў\nУкuО;Ог║░\█	┤7|Q\├f\0)№UйьГлQ╪М;cШ\╫\═░гФjЪ\╫<С\┘Y%м\Z|\╨3\'KHИ\▌\╠\╔\╞hЖЕPuп▌╡\├\ц╢n&\╦64H<кVcN\я\▌ou,d\0в║√9YО\rН┐Hзc\═OоFеO\'\╞╓ЖВcU+Ш·\═n\█ \шQ░B:┐ \╥┼а░╔Ш\╓к\╚nDкT╕K;#\юck┘╗\▀\╪∙*\╞&\яp\╠Ч╡\╥\ш╫║Хw▒\┬c\╔V\▐\Z&u\юT╜Z\├|∙hY╛\╚\ъ\╪m═Н}Qs@╙║\╧kЖоvУ└R√S\0ГбMЦй\тn=\р╢\\\хQ\юp;АЯ4█мГ!H^\Zt\╘FбEH╗bw9\█\┌Rm\╓9\рFУкЛly░\r\'U+Z\т\Ў|\┬wT61▒\я\╧\═m-h\х\яt\эcx\▐¤▓\яд\ц╡![Ыc\╪°kШb\'OЧ\ї┐5ея╖йQUa\ю}\┼\╠\█YЗF\╫8■\я│\█·F~\т\▌\╬\╚╟╗┤zvV№_S╥▒▒^\рH\Ї\ў√мо║\█e{\Ў3\╙■Ьd\0\╫f\\x\─╟Н╝∙eО╗kL>дГгM\ю■╫│∙v{м{\═m\▄6╕}!3п\┼]┐к]\╘]Efа1\▀PmUВ\Z(2·i╢\яim{v}\ч,g\єл7\╙.nч╗ОZЯ!а▒\╫B:Е▓\0U$п!└А4%[eА╢NеR│BFЪB)╝FН\╨ #}r└\'ЙQ┤Vk wU\├═Р\0 yв=М┘г╡	J:йi\╪7║%\┬ЭPs\0\"vЙJвu\╘√\─;г\┬WD┐ \╙┴#p\Ўh8%\"\╨скЫТ\"\'С\цГcL╕\ъ@Q&t╗DС1\фж\╓=а}&└\тлР\ш\э\╟\рН[А\┌┴∙·n:DТ\▌O\юбHf\я\╥86$\╠?ВХ\ь$\'└\ше\0╖kЙkЫгПb\▀\▐■╖цз░╠У\ю\▄I\єHВВ\╫74ШНQ{Ъ\рЙ╣╡Т @\╓Q>╦Ю√\▄┴К}дnuЕ╡┤nШ\╫Ysлn\ў4 \05№\ў№\Z+h\Їk\┘qmS0gС\ЁB7┘┤5зSп\с+JЮЙУЮ\ц\╥Ft╣Г!хд┤Ое[-╣н\▀\ь¤-u*Н\щ\у\эL\╟mь╜Ы¤/┤1╢6░\ў¤\n \0O]6o┘╣\ю\Ўг@]╓Ъп\рЩ#Cо═┐кy%ЭxА\яRгa╢X·Yf\▌7{▀╖j\ъ▓p-uf╖r\Ў\╓√[~╒╡ЦЯK)\ї\█,й\ю\─s_e>╗ \0\рm╟╣ЮЪ\ц·f▒мmо\"╖▓\"\┬6\ц[v;}F┐\┌\ъм}>Ц\╧°Z \0=\їнг\ыR\ўЪkn¤X\█\ш_I{╖╜╕╣√лл3\╒¤-4]WпП№\▀\ш\╘c<\╠HЭc}Kb8gf\х\єW\ш╣,\щ╗й\цQD▒╕O\█╡\┼┼Р\╞√Ъ\ї,\┘_\щ=W{¤Щ^Я\єk.\╦l{\╔$\╪\ў8Г\цw▀Ц\╙ql\╞nNM\╓\х\т\▀/\╦f%Мgщлнб\яп&Ч[E\╬\▌\я\╔√;\ў \0дбdЬkGF\┼\ъyаg\▌xпh 4И╕O╣н}▐╜u\ю \0R╣?V8╤кENMz╦╖∙∙№UН\╬.ЧР\Z\"+ЯЮ\хR{ЩL	l¤в\чX\▀OГдл,i\▄	∙ка\шDpи\╚hx:i7\╤p\ёmПEЭж*Мl\0\╚N6pUm\╬sе\┌x&¤WП \╘\┬k\\\ўGwШVCH&KОЗ╝№\╔\╩\╒>ЫC_б┤9дПд\ч~)Ь\┌H/В;Мs┤{\Ў7\єХN\Z6\┘\сk╣О}\х\█v5\цZ&|┐\щmR\rн┴24\ф┴j▓]епЭ\р85┐цЖв▀М=ЖИuДHЖ\╬\▌\▀\╘DpЧ>\╔kЬ@\▄	&{√L\ю\█√кЬN \0г╕xn\э■n\хжq\ё\\^A\╪╞╣\┬LНd{{√lJЪ1╜·╗Ъ^\ч√68\ю\Ўo\ї \ь\ў6╟гE\їsк\ї\ъeЧ\╥A}M\rм\э\▐}K\╪\яA\╠\╫evSO\ы_\с=?\╤Д╡m2зU╘нsj\▐╬ЛЕ╡IГСs]{\ь¤\я^═О\▐ \0\ч\┬!V╩ЫА\╓=о\▄╟╣\─\ш\┌\┌Vд~c=пWq\єй,\╩A\╦s\▄H\ч\▄\▀AН■N\╩\┌╓и\ч\╩╟Е/\Ёx \0\╟f\╟┴>\▀\х■°О~7Mгб^\╞\├\Є[╗)\э·V\█\щ;%н▒▀Я╜п┐\щ~z▒Nn\╬\═\╟l:╝╢╖?\╬Axy\▌¤ж\┘\ш▒ \0\Ёj\╒y\╒\╒^=64┤`╡Д9\─KНc\╙\▄\Z\╥~Н{╪л│:║ЭYl\╞s\╪\═$·WD╖O\▐k\щ \0┼жЬSР7й \0╨е8пИа6 \0\╨x$╜\┘К\ьmn▀╣┬╣·O\ш▓q╗\█\ъ;\╥oй]┐дп&╢eU\ъ~│J╖M°nп{i~N;L▓г~\┬=оо\╠v·╖R\Ў~{6*м\ъШ\ч1\╫cm\у\╙╠и┴mЕаЖ\х1Я\ў&н╗]■Ъ┐\чNf#\▄\ч╖}мl╡\у\щБ\╓zн\█c╛П╡E.^G\ЇO\ЁdОh╤в\ъT\╓q2Щ\╙c1-\ў¤Ю\╩юнХ\▄╙╡╣Xo╡М\Ї\ъ\┌\ў╫У\Ўwz[,¤°eCлo\╩\ш\чGk]mЮ.hUЛD~m╛№ЬЯ°K\╥+\╫dЧR=\'\╪\╫\rнkдЭз╗Ы\щ╗\є╜W~Eж▓l\Ї2Z,.5\┌\╨\╨\\	{_oз╖sk\ў;№\я\╙WaШИJ╢ЗКMI\с╣F_ЕЭ\╬·pG\Z¤╚мбаТ{Z5c\ЇW:\▌\╒da\▄└	\Ї╧йП╣\┬v╡╖·w\╫¤OV\яI3\╒\эv=г%Д6`C\┘№Ч\╫\Ї┐\╠D\ё1ИЪA\щЗ\╪ \─vB╖\Zl;AмйН\═dXIИ$A\╫ \02C\r╜еЮгKA2\'Iob\'\ўУ=]гaПАC╧╡F\ч\э;pT,·m&╖1▓vЧОэЯдг\ю\",\Ё■pЮ║.╖ \╒\чPнм\┼\юa\"\\╪П\╬\Ў└Qs-\╔(hp\█√√{╧╖w\ч*5\Є9Нx\у√\nl·\Zqc\у№пrfМ·\їо!╜мm√▓	.xЖНЯЫ╖\Ї{╢¤j\╨├п.╠В\█\▀^+O·C\0·n\яв\я\╠X. \0№\ч\чs\╟·■·╖L\╟\ч\╬\с\─&i}Вt░\▀vCОp│pС╢y)┐\╔B╗%Ж│_и\цИ{GЬ\ы√п■S\\и┌Ыgo\╙w\╥·_?√\Єg¤√·s\╟■ТDpл\╒╤┐qк\ъ\▌_о\Zc\┌	П\╞Kн.╖P$7╗┐ХcЗ∙╗\╨\█а■й\ё╪ЕLo╖■√(\╟e▓╗tm/5▓пS}nsbLЯе;╜пjЕп\╚s\▀\ZР^╫Йv 0╖\ш╣й\▐\╔\▀3\х\ч\Їб\я\щ5╧л┴И\цc№\▀√ \0│bA6t░\┘qнЧ\Z\ў~Ф╖}mOП\ЄФM╓╢\╧QЕ\я\rТCCDШ·;И \0 \0Vл\▀\Їм·_\┌■(\┬}\r7F\я═Й\у\єQ\n7{}МЯС]н{`X\╥a\с└\ъG°=оПвЭГз\╪\╫\я6	\r/a\▄\╨╗cЪ¤оbwCc\╘\ф■\ьs№е╗k\цx\я¤и№ф┤п\р╖[Jl\╥\╟ГБyЯ\▌·\'Oo╡$\▐K^╤░<\ўР╡\╧¤\╘+#╒лПг∙ \0\┌ \0аа\'\ь\эПR|г\╥\ф¤	№─П\rk╖\рпVЪk°з9V6Ц\╨NцЭо\╪\Ё@G╖√AHf\0K6╝Т\т+\┬F\╫:~Я\ї|Щ\Їк\▌═И\▌\ЇЯ\Ї6Г \0╘КеM\╤?K\ч╦╛Дд*┤№\ъ╜I┘м{^\╤5Й-nР~ЛO\Є╜╗TЦ\ьf╕R\ў\╘^ ║╖AИ\Ё;ХJ \0Ю№\╬M#\ЇЯ_GЮєТЬ╖W \┘8BIM!\0\0\0\0\0U\0\0\0\0\0\0\0A\0d\0o\0b\0e\0 \0P\0h\0o\0t\0o\0s\0h\0o\0p\0\0\0\0A\0d\0o\0b\0e\0 \0P\0h\0o\0t\0o\0s\0h\0o\0p\0 \0C\0S\03\0\0\0\08BIMа\0\0\0\0maniIRFR\0\0\08BIMAnDs\0\0\0\р\0\0\0\0\0\0\0\0\0\0\0\0null\0\0\0\0\0\0\0AFStlong\0\0\0\0\0\0\0\0FrInVlLs\0\0\0Objc\0\0\0\0\0\0\0\0\0null\0\0\0\0\0\0\0FrIDlongy0ЫH\0\0\0\0FrGAdoub@>\0\0\0\0\0\0\0\0\0\0FStsVlLs\0\0\0Objc\0\0\0\0\0\0\0\0\0null\0\0\0\0\0\0\0FsIDlong\0\0\0\0\0\0\0\0AFrmlong\0\0\0\0\0\0\0\0FsFrVlLs\0\0\0longy0ЫH\0\0\0\0LCntlong\0\0\0\0\0\08BIMRoll\0\0\0\0\0\0\0\0\0\0\08BIMб\0\0\0\0\0mfri\0\0\0\0\0\0\0\0\0\0\0\0\0\0\0\0\0\0\0\08BIM\0\0\0\0\0\0\0\0\0\08BIM\0\0\0\0\ї\0\0\0Z\0%G\0:17 months old Bengal tiger cub (male) resting in open area\0alert\0big cat\0Cub\0Day\0Endangered (EN)\0	full shot\0\nlying down\0medium shot\0morning\0\none animal\0Outdoors\0resting\0selective focus\0wildlife\0WWF-US\0young animal7\020060424P\0Theo Allofs / WWF-USs\0	WW2CT2622t\0Theo Allofs / WWF-USx\0vBandhavgarh National Park, India; 17 months old Bengal tiger cub (male) resting in open area early morning, dry season\0\0\0\0 \сТExif\0\0II*\0\0\0\0\0\0\0\0\0\0\0\0\0\0\0\0\0\0\0\0\0\0\0\0\ц\0\0\0\0\0\0\0\0\0\0\0\0\0\0\0\0\0\0U\0\0\0\ь\0\0\0\0\0\0\0B\0\0\0\0\0\0\0\0\0\0\0\0\0\0\0\0\Z\0\0\0\0X\0\0\0\0\0\0`\0\0\0\0\0\0\0\0\0(\0\0\0\0\0\0\01\0)\0\0\0h\0\02\0\0\0\0Т\0\0;\0\0\0\0ж\0\0ШВ\0X\0\0\0┤\0\0iЗ\0\0\0\0\0\0в\0\0\0\0\017 months old Bengal tiger cub (male) resting in open area early morning, dry season\0\0Canon EOS-1Ds Mark II\0,\0\0\0\0\0,\0\0\0\0\0Photoshelter http://www.photoshelter.com\0\02011:01:31 17:27:01\0┬йTheo Allofs\0┬йTheo Allofs\nPO Box 31793, Cowley Road\nWhitehorse,YT\nCanada Y1A 6L3\nPh: (867) 667 6000\0\0ЪВ\0\0\0\02\0\0ЭВ\0\0\0\0:\0\0\"И\0\0\0\0\0\0\0\'И\0\0\0\0d\0\0\0\0Р\0\0\0\00221Р\0\0\0\0B\0\0Р\0\0\0\0V\0\0Т\n\0\0\0\0j\0\0Т\0\0\0\0r\0\0Т\n\0\0\0\0z\0\0Т\0\0\0\0В\0\0Т\0\0\0\0\0\0\0	Т\0\0\0\0\0\0\0\nТ\0\0\0\0К\0\0а\0\0\0\0  \0\0а\0\0\0\0\0\0\0а\0\0\0\0\0\0\0в\0\0\0\0Т\0\0в\0\0\0\0Ъ\0\0в\0\0\0\0\0\0\0д\0\0\0\0\0\0\0\0д\0\0\0\0\0\0\0\0д\0\0\0\0\0\0\0\0д\0\0\0\0\0\0\0\0\0\0\0\0\0\0\0Р\0\0\0\0\0\n\0\0\02006:04:24 10:02:05\02006:04:24 10:02:05\0\хГ\0@B\0\цT-\0@B\0\0\0\0\0\0\0\0\0\0\0\0\0\0,\0\0\0\0\0АjL\0М\0\0p\▀2\0▒\0\0\0\0\0\0\0\0\0\0\Z\0\0\0\0\Ё\0\0\0\0\0\0°\0\0(\0\0\0\0\0\0\0\0\0\0\0\0\0\0\0\0\0\0К\0\0\0\0\0\0,\0\0\0\0\0,\0\0\0\0\0 \╪ \р\0JFIF\0\0\0H\0H\0\0 \э\0Adobe_CM\0 \ю\0Adobe\0dА\0\0\0 \█\0Д\0			\n\r\r\r └\0\0k\0а\"\0 \▌\0\0\n \─?\0\0\0\0\0\0\0\0\0\0	\n\0\0\0\0\0\0\0\0\0	\n\03\0!1AQa\"qБ2Сб▒B#$R┴b34rВ\╤C%ТS\Ё\с\ёcs5в▓Г&DУTdE┬гt6\╥U\тe\Є│Д\├\╙u\у\єF\'ФдЕ┤Х\─\╘\ф\Їе╡\┼\╒\х\їVfvЖЦж╢\╞\╓\ц\Ў7GWgwЗЧз╖\╟\╫\ч\ў\05\0!1AQaq\"2БСб▒B#┴R\╤\Ё3$b\сrВТCScs4\ё%в▓Г&5\┬\╥DУTгdEU6te\т\Є│Д\├\╙u\у\єFФдЕ┤Х\─\╘\ф\Їе╡\┼\╒\х\їVfvЖЦж╢\╞\╓\ц\Ў\'7GWgwЗЧз╖\╟ \┌\0\0\0?\0\тq^└5\╤]п\╙$dx*Bиw\Ї┤\nНШ7к\╪\чo┤\"}б╗Г \0Г\Ї\╨УйDe{\rУ\юР&Ч0╣\Ї\яВI\с<T∙i>\ю└\ЎV1\┌\╟\0^╔Г \┬=╜=╢\Ё\"Sмn\х╡\э\─t\ю\▐\'Р┤░\Єg╣▒┤\ЄлYЖ+м┤\0wpT║uuРiqИ<ЕенЫWb·Д║aгXI┴Х\╓\\9нX>ЫNгЩH\╓\r`|\ш\ёкV┌╣\╪6]f\уg\чLм\╨\▌█Щ;√\рн6╢0Ж\0&5)\┼5\╓\Ўq2S]n╝Хz9\╓7\"╞║ЪШ\ZAН╩╜Э5\ї║-▓J┘мIs\т*жMo{дw\ьT\т`\эв╖i\сW]\Ё	\╘;\рлdZ\█\\\цW\ЇЛ╡*\▐[Mt╡АI<Ю\ъb▒а<\rJ u*а\╥n└\▄\╟CХ\\\▄|Ц9═Т\╙;В\▄ \╘d	 :№w┤\щ╗зГк\уZ5нmy@\Є\р>rиX┴}fПлРЫ█▒m-$║▓`ПB\╥\э\юfО:╖\═в╦╖ \╨\х,%А\▐{й\╓└\юи╡╡╢F\ю\▌╤ленkЮ5A+FhАГi√\ЇW1\ъ\Z>HTTIУ\╟ehm#ФA╜E┬У▌А┤Li\n\├=	p\╨7X\╚\ZA~(Te=\ю5╕sйMР htиeН╝Qqi╟о\╥t(,▒Ж\Є\╪\╥8\єRолБ{╝\Ї\nД\ын-m\█K\rЮаx&н\╬cЙpР4Pо\ч\Z\╬ \0╣8t╝\╠Qе\фТY;q$s┴P\▄\шq\╨pбС`iЖЩ%&╗Вt#ВХR\╒\ь║I\r╨ОP\╦\┌п~T\ЄM{ц┐дG╕*.О╛O\э\Ўд\шЛ/%б\┌jG*-\Ў6Yа\юБqн\фЖ\Ё<Tih--fДй\т_eвZ╢л\╩}\╞JУ-\▄∙\ьк\╫S[\ьq\ў)\ы\\И\х(│key\rp[√∙а╣═зh<┤\╚°\"_~·K$ГзК	wп░G║@MЦ\у▓	 \╤\чq\╪cMdrПT·{деUnkZfcDa_╝\0$;вYcв\╘5а\э\юм:▒╖wsд!\╪\┬\┬\0\╘\ўV*ynО\0\╧\рЭ7║A\ш┼н\▀\╧m\n(ймд\с\nж.tD\┼л	Э\┬|3Щr&c·oi1╩┤, \04Cq╣\▀ Б\ы\╪D╧ТИ\╩·\"\┘\Zu\юЫyмL°бYtШg\╥A{╛ЮЭУ┤[b√\0\ў6$а>\╦]┤<T/&▓╓╕╠йЧ╕┤x\сЧ┤┴\ў\nУкuО;Ог║░\█	┤7|Q\├f\0)№UйьГлQ╪М;cШ\╫\═░гФjЪ\╫<С\┘Y%м\Z|\╨3\'KHИ\▌\╠\╔\╞hЖЕPuп▌╡\├\ц╢n&\╦64H<кVcN\я\▌ou,d\0в║√9YО\rН┐Hзc\═OоFеO\'\╞╓ЖВcU+Ш·\═n\█ \шQ░B:┐ \╥┼а░╔Ш\╓к\╚nDкT╕K;#\юck┘╗\▀\╪∙*\╞&\яp\╠Ч╡\╥\ш╫║Хw▒\┬c\╔V\▐\Z&u\юT╜Z\├|∙hY╛\╚\ъ\╪m═Н}Qs@╙║\╧kЖоvУ└R√S\0ГбMЦй\тn=\р╢\\\хQ\юp;АЯ4█мГ!H^\Zt\╘FбEH╗bw9\█\┌Rm\╓9\рFУкЛly░\r\'U+Z\т\Ў|\┬wT61▒\я\╧\═m-h\х\яt\эcx\▐¤▓\яд\ц╡![Ыc\╪°kШb\'OЧ\ї┐5ея╖йQUa\ю}\┼\╠\█YЗF\╫8■\я│\█·F~\т\▌\╬\╚╟╗┤zvV№_S╥▒▒^\рH\Ї\ў√мо║\█e{\Ў3\╙■Ьd\0\╫f\\x\─╟Н╝∙eО╗kL>дГгM\ю■╫│∙v{м{\═m\▄6╕}!3п\┼]┐к]\╘]Efа1\▀PmUВ\Z(2·i╢\яim{v}\ч,g\єл7\╙.nч╗ОZЯ!а▒\╫B:Е▓\0U$п!└А4%[eА╢NеR│BFЪB)╝FН\╨ #}r└\'ЙQ┤Vk wU\├═Р\0 yв=М┘г╡	J:йi\╪7║%\┬ЭPs\0\"vЙJвu\╘√\─;г\┬WD┐ \╙┴#p\Ўh8%\"\╨скЫТ\"\'С\цГcL╕\ъ@Q&t╗DС1\фж\╓=а}&└\тлР\ш\э\╟\рН[А\┌┴∙·n:DТ\▌O\юбHf\я\╥86$\╠?ВХ\ь$\'└\ше\0╖kЙkЫгПb\▀\▐■╖цз░╠У\ю\▄I\єHВВ\╫74ШНQ{Ъ\рЙ╣╡Т @\╓Q>╦Ю√\▄┴К}дnuЕ╡┤nШ\╫Ysлn\ў4 \05№\ў№\Z+h\Їk\┘qmS0gС\ЁB7┘┤5зSп\с+JЮЙУЮ\ц\╥Ft╣Г!хд┤Ое[-╣н\▀\ь¤-u*Н\щ\у\эL\╟mь╜Ы¤/┤1╢6░\ў¤\n \0O]6o┘╣\ю\Ўг@]╓Ъп\рЩ#Cо═┐кy%ЭxА\яRгa╢X·Yf\▌7{▀╖j\ъ▓p-uf╖r\Ў\╓√[~╒╡ЦЯK)\ї\█,й\ю\─s_e>╗ \0\рm╟╣ЮЪ\ц·f▒мmо\"╖▓\"\┬6\ц[v;}F┐\┌\ъм}>Ц\╧°Z \0=\їнг\ыR\ўЪkn¤X\█\ш_I{╖╜╕╣√лл3\╒¤-4]WпП№\▀\ш\╘c<\╠HЭc}Kb8gf\х\єW\ш╣,\щ╗й\цQD▒╕O\█╡\┼┼Р\╞√Ъ\ї,\┘_\щ=W{¤Щ^Я\єk.\╦l{\╔$\╪\ў8Г\цw▀Ц\╙ql\╞nNM\╓\х\т\▀/\╦f%Мgщлнб\яп&Ч[E\╬\▌\я\╔√;\ў \0дбdЬkGF\┼\ъyаg\▌xпh 4И╕O╣н}▐╜u\ю \0R╣?V8╤кENMz╦╖∙∙№UН\╬.ЧР\Z\"+ЯЮ\хR{ЩL	l¤в\чX\▀OГдл,i\▄	∙ка\шDpи\╚hx:i7\╤p\ёmПEЭж*Мl\0\╚N6pUm\╬sе\┌x&¤WП \╘\┬k\\\ўGwШVCH&KОЗ╝№\╔\╩\╒>ЫC_б┤9дПд\ч~)Ь\┌H/В;Мs┤{\Ў7\єХN\Z6\┘\сk╣О}\х\█v5\цZ&|┐\щmR\rн┴24\ф┴j▓]епЭ\р85┐цЖв▀М=ЖИuДHЖ\╬\▌\▀\╘DpЧ>\╔kЬ@\▄	&{√L\ю\█√кЬN \0г╕xn\э■n\хжq\ё\\^A\╪╞╣\┬LНd{{√lJЪ1╜·╗Ъ^\ч√68\ю\Ўo\ї \ь\ў6╟гE\їsк\ї\ъeЧ\╥A}M\rм\э\▐}K\╪\яA\╠\╫evSO\ы_\с=?\╤Д╡m2зU╘нsj\▐╬ЛЕ╡IГСs]{\ь¤\я^═О\▐ \0\ч\┬!V╩ЫА\╓=о\▄╟╣\─\ш\┌\┌Vд~c=пWq\єй,\╩A\╦s\▄H\ч\▄\▀AН■N\╩\┌╓и\ч\╩╟Е/\Ёx \0\╟f\╟┴>\▀\х■°О~7Mгб^\╞\├\Є[╗)\э·V\█\щ;%н▒▀Я╜п┐\щ~z▒Nn\╬\═\╟l:╝╢╖?\╬Axy\▌¤ж\┘\ш▒ \0\Ёj\╒y\╒\╒^=64┤`╡Д9\─KНc\╙\▄\Z\╥~Н{╪л│:║ЭYl\╞s\╪\═$·WD╖O\▐k\щ \0┼жЬSР7й \0╨е8пИа6 \0\╨x$╜\┘К\ьmn▀╣┬╣·O\ш▓q╗\█\ъ;\╥oй]┐дп&╢eU\ъ~│J╖M°nп{i~N;L▓г~\┬=оо\╠v·╖R\Ў~{6*м\ъШ\ч1\╫cm\у\╙╠и┴mЕаЖ\х1Я\ў&н╗]■Ъ┐\чNf#\▄\ч╖}мl╡\у\щБ\╓zн\█c╛П╡E.^G\ЇO\ЁdОh╤в\ъT\╓q2Щ\╙c1-\ў¤Ю\╩юнХ\▄╙╡╣Xo╡М\Ї\ъ\┌\ў╫У\Ўwz[,¤°eCлo\╩\ш\чGk]mЮ.hUЛD~m╛№ЬЯ°K\╥+\╫dЧR=\'\╪\╫\rнkдЭз╗Ы\щ╗\є╜W~Eж▓l\Ї2Z,.5\┌\╨\╨\\	{_oз╖sk\ў;№\я\╙WaШИJ╢ЗКMI\с╣F_ЕЭ\╬·pG\Z¤╚мбаТ{Z5c\ЇW:\▌\╒da\▄└	\Ї╧йП╣\┬v╡╖·w\╫¤OV\яI3\╒\эv=г%Д6`C\┘№Ч\╫\Ї┐\╠D\ё1ИЪA\щЗ\╪ \─vB╖\Zl;AмйН\═dXIИ$A\╫ \02C\r╜еЮгKA2\'Iob\'\ўУ=]гaПАC╧╡F\ч\э;pT,·m&╖1▓vЧОэЯдг\ю\",\Ё■pЮ║.╖ \╒\чPнм\┼\юa\"\\╪П\╬\Ў└Qs-\╔(hp\█√√{╧╖w\ч*5\Є9Нx\у√\nl·\Zqc\у№пrfМ·\їо!╜мm√▓	.xЖНЯЫ╖\Ї{╢¤j\╨├п.╠В\█\▀^+O·C\0·n\яв\я\╠X. \0№\ч\чs\╟·■·╖L\╟\ч\╬\с\─&i}Вt░\▀vCОp│pС╢y)┐\╔B╗%Ж│_и\цИ{GЬ\ы√п■S\\и┌Ыgo\╙w\╥·_?√\Єg¤√·s\╟■ТDpл\╒╤┐qк\ъ\▌_о\Zc\┌	П\╞Kн.╖P$7╗┐ХcЗ∙╗\╨\█а■й\ё╪ЕLo╖■√(\╟e▓╗tm/5▓пS}nsbLЯе;╜пjЕп\╚s\▀\ZР^╫Йv 0╖\ш╣й\▐\╔\▀3\х\ч\Їб\я\щ5╧л┴И\цc№\▀√ \0│bA6t░\┘qнЧ\Z\ў~Ф╖}mOП\ЄФM╓╢\╧QЕ\я\rТCCDШ·;И \0 \0Vл\▀\Їм·_\┌■(\┬}\r7F\я═Й\у\єQ\n7{}МЯС]н{`X\╥a\с└\ъG°=оПвЭГз\╪\╫\я6	\r/a\▄\╨╗cЪ¤оbwCc\╘\ф■\ьs№е╗k\цx\я¤и№ф┤п\р╖[Jl\╥\╟ГБyЯ\▌·\'Oo╡$\▐K^╤░<\ўР╡\╧¤\╘+#╒лПг∙ \0\┌ \0аа\'\ь\эПR|г\╥\ф¤	№─П\rk╖\рпVЪk°з9V6Ц\╨NцЭо\╪\Ё@G╖√AHf\0K6╝Т\т+\┬F\╫:~Я\ї|Щ\Їк\▌═И\▌\ЇЯ\Ї6Г \0╘КеM\╤?K\ч╦╛Дд*┤№\ъ╜I┘м{^\╤5Й-nР~ЛO\Є╜╗TЦ\ьf╕R\ў\╘^ ║╖AИ\Ё;ХJ \0Ю№\╬M#\ЇЯ_GЮєТЬ╖W \┘ \тXICC_PROFILE\0\0\0HLino\0\0mntrRGB XYZ \╬\0\0	\0\01\0\0acspMSFT\0\0\0\0IEC sRGB\0\0\0\0\0\0\0\0\0\0\0\0\0\0\Ў\╓\0\0\0\0\0\╙-HP  \0\0\0\0\0\0\0\0\0\0\0\0\0\0\0\0\0\0\0\0\0\0\0\0\0\0\0\0\0\0\0\0\0\0\0\0\0\0\0\0\0\0\0\0\0\0\0cprt\0\0P\0\0\03desc\0\0Д\0\0\0lwtpt\0\0\Ё\0\0\0bkpt\0\0\0\0\0rXYZ\0\0\0\0\0gXYZ\0\0,\0\0\0bXYZ\0\0@\0\0\0dmnd\0\0T\0\0\0pdmdd\0\0\─\0\0\0Иvued\0\0L\0\0\0Жview\0\0\╘\0\0\0$lumi\0\0°\0\0\0meas\0\0\0\0\0$tech\0\00\0\0\0rTRC\0\0<\0\0gTRC\0\0<\0\0bTRC\0\0<\0\0text\0\0\0\0Copyright (c) 1998 Hewlett-Packard Company\0\0desc\0\0\0\0\0\0\0sRGB IEC61966-2.1\0\0\0\0\0\0\0\0\0\0\0sRGB IEC61966-2.1\0\0\0\0\0\0\0\0\0\0\0\0\0\0\0\0\0\0\0\0\0\0\0\0\0\0\0\0\0\0\0\0\0\0\0\0\0\0\0\0\0\0\0\0\0\0\0\0\0\0XYZ \0\0\0\0\0\0\єQ\0\0\0\0\╠XYZ \0\0\0\0\0\0\0\0\0\0\0\0\0\0\0\0XYZ \0\0\0\0\0\0oв\0\08\ї\0\0РXYZ \0\0\0\0\0\0bЩ\0\0╖Е\0\0\┌XYZ \0\0\0\0\0\0$а\0\0Д\0\0╢\╧desc\0\0\0\0\0\0\0IEC http://www.iec.ch\0\0\0\0\0\0\0\0\0\0\0IEC http://www.iec.ch\0\0\0\0\0\0\0\0\0\0\0\0\0\0\0\0\0\0\0\0\0\0\0\0\0\0\0\0\0\0\0\0\0\0\0\0\0\0\0\0\0\0\0\0\0\0desc\0\0\0\0\0\0\0.IEC 61966-2.1 Default RGB colour space - sRGB\0\0\0\0\0\0\0\0\0\0\0.IEC 61966-2.1 Default RGB colour space - sRGB\0\0\0\0\0\0\0\0\0\0\0\0\0\0\0\0\0\0\0\0\0\0desc\0\0\0\0\0\0\0,Reference Viewing Condition in IEC61966-2.1\0\0\0\0\0\0\0\0\0\0\0,Reference Viewing Condition in IEC61966-2.1\0\0\0\0\0\0\0\0\0\0\0\0\0\0\0\0\0\0\0\0\0\0\0\0\0\0view\0\0\0\0\0д■\0_.\0\╧\0\э\╠\0\0\\Ю\0\0\0XYZ \0\0\0\0\0L	V\0P\0\0\0W\чmeas\0\0\0\0\0\0\0\0\0\0\0\0\0\0\0\0\0\0\0\0\0\0\0\0\0П\0\0\0sig \0\0\0\0CRT curv\0\0\0\0\0\0\0\0\0\0\0\n\0\0\0\0\0#\0(\0-\02\07\0;\0@\0E\0J\0O\0T\0Y\0^\0c\0h\0m\0r\0w\0|\0Б\0Ж\0Л\0Р\0Х\0Ъ\0Я\0д\0й\0о\0▓\0╖\0╝\0┴\0\╞\0\╦\0\╨\0\╒\0\█\0\р\0\х\0\ы\0\Ё\0\Ў\0√\r%+28>ELRY`gnu|ГЛТЪбй▒╣┴\╔\╤\┘\с\щ\Є·&/8AKT]gqzДОШвм╢┴\╦\╒\р\ы\ї\0!-8COZfr~КЦво║\╟\╙\р\ь∙ -;HUcq~МЪи╢\─\╙\с\Ё■\r+:IXgwЖЦж╡\┼\╒\х\Ў\'7HYj{МЭп└\╤\у\ї+=OatЖЩм┐\╥\х°2FZnВЦк╛\╥\ч√		%	:	O	d	y	П	д	║	\╧	\х	√\n\n\'\n=\nT\nj\nБ\nШ\nо\n\┼\n\▄\n\є\"9QiАШ░\╚\с∙*C\\uОз└\┘\є\r\r\r&\r@\rZ\rt\rО\rй\r\├\r\▐\r°.IdЫ╢\╥\ю	%A^zЦ│\╧\ь	&Ca~Ы╣\╫\ї1OmМк\╔\ш&EdДг\├\у#CcГд\┼\х\'IjЛн\╬\Ё4VxЫ╜\р&IlП▓\╓·AeЙо\╥\ў@eКп\╒· EkС╖\▌\Z\Z*\ZQ\Zw\ZЮ\Z\┼\Z\ь;cК▓\┌*R{г\╠\їGpЩ\├\ь@jФ╛\щ>iФ┐\ъ  A l Ш \─ \Ё!!H!u!б!\╬!√\"\'\"U\"В\"п\"\▌#\n#8#f#Ф#\┬#\Ё$$M$|$л$\┌%	%8%h%Ч%\╟%\ў&\'&W&З&╖&\ш\'\'I\'z\'л\'\▄(\r(?(q(в(\╘))8)k)Э)\╨**5*h*Ы*\╧++6+i+Э+\╤,,9,n,в,\╫--A-v-л-\с..L.В.╖.\ю/$/Z/С/\╟/■050l0д0\█11J1В1║1\Є2*2c2Ы2\╘3\r3F33╕3\ё4+4e4Ю4\╪55M5З5\┬5¤676r6о6\щ7$7`7Ь7\╫88P8М8\╚99B99╝9∙:6:t:▓:\я;-;k;к;\ш<\'<e<д<\у=\"=a=б=\р> >`>а>\р?!?a?в?\т@#@d@ж@\чA)AjAмA\юB0BrB╡B\ўC:C}C└DDGDКD\╬EEUEЪE\▐F\"FgFлF\ЁG5G{G└HHKHСH\╫IIcIйI\ЁJ7J}J\─KKSKЪK\тL*LrL║MMJMУM\▄N%NnN╖O\0OIOУO\▌P\'PqP╗QQPQЫQ\цR1R|R\╟SS_SкS\ЎTBTПT\█U(UuU\┬VV\\VйV\ўWDWТW\рX/X}X\╦Y\ZYiY╕ZZVZжZ\ї[E[Х[\х\\5\\Ж\\\╓]\']x]\╔^\Z^l^╜__a_│``W`к`№aOaвa\їbIbЬb\ЁcCcЧc\ыd@dФd\щe=eТe\чf=fТf\шg=gУg\щh?hЦh\ьiCiЪi\ёjHjЯj\ўkOkзk lWlпmm`m╣nnkn\─ooxo\╤p+pЖp\рq:qХq\ЁrKrжss]s╕ttpt\╠u(uЕu\сv>vЫv°wVw│xxnx\╠y*yЙy\чzFzе{{c{\┬|!|Б|\с}A}б~~b~\┬#Д\хАGАиБ\nБkБ═В0ВТВ\ЇГWГ║ДДАД\уЕGЕлЖЖrЖ╫З;ЗЯИИiИ╬Й3ЙЩЙ■КdК╩Л0ЛЦЛ№МcМ╩Н1НШН ОfО╬П6ПЮРРnР╓С?СиТТzТ\уУMУ╢Ф ФКФ\ЇХ_Х╔Ц4ЦЯЧ\nЧuЧ\рШLШ╕Щ$ЩРЩ№ЪhЪ╒ЫBЫпЬЬЙЬ\ўЭdЭ╥Ю@ЮоЯЯЛЯ·аiа╪бGб╢в&вЦггvг\цдVд╟е8ейж\ZжЛж¤зnз\риRи─й7ййккПллuл\щм\\м╨нDн╕о-обппЛ░\0░u░\ъ▒`▒╓▓K▓┬│8│о┤%┤Ь╡╡К╢╢y╢\Ё╖h╖\р╕Y╕╤╣J╣┬║;║╡╗.╗з╝!╝Ы╜╜П╛\n╛Д╛ ┐z┐\ї└p└\ь┴g┴\у\┬_\┬\█\├X\├\╘\─Q\─\╬\┼K\┼\╚\╞F\╞\├\╟A╟┐\╚=╚╝\╔:╔╣\╩8╩╖\╦6╦╢\╠5╠╡\═5═╡\╬6╬╢\╧7╧╕\╨9╨║\╤<╤╛\╥?\╥┴\╙D\╙\╞\╘I\╘\╦\╒N\╒\╤\╓U\╓\╪\╫\\\╫\р\╪d\╪\ш\┘l\┘\ё\┌v\┌√█А\▄▄К\▌▌Ц\▐▐в\▀)▀п\р6\р╜\сD\с\╠\тS\т\█\уc\у\ы\фs\ф№\хД\ц\r\цЦ\ч\чй\ш2\ш╝\щF\щ\╨\ъ[\ъ\х\ыp\ы√\ьЖ\э\эЬ\ю(\ю┤\я@\я\╠\ЁX\Ё\х\ёr\ё \ЄМ\є\єз\Ї4\Ї\┬\їP\ї\▐\Ўm\Ў√\ўК°°и∙8∙\╟·W·\ч√w№№Ш¤)¤║■K■\▄ m   \с\r0http://ns.adobe.com/xap/1.0/\0<?xpacket begin=\'я╗┐\' id=\'W5M0MpCehiHzreSzNTczkc9d\'?>\n<x:xmpmeta xmlns:x=\'adobe:ns:meta/\' x:xmptk=\'Image::ExifTool 10.20\'>\n<rdf:RDF xmlns:rdf=\'http://www.w3.org/1999/02/22-rdf-syntax-ns#\'>\n\n <rdf:Description rdf:about=\'\'\n  xmlns:exif=\'http://ns.adobe.com/exif/1.0/\'>\n  <exif:DateTimeOriginal>2006-04-24T10:02:05</exif:DateTimeOriginal>\n </rdf:Description>\n\n <rdf:Description rdf:about=\'\'\n  xmlns:photoshop=\'http://ns.adobe.com/photoshop/1.0/\'>\n  <photoshop:DateCreated>2006-04-24</photoshop:DateCreated>\n  <photoshop:Source>WW2CT2622</photoshop:Source>\n </rdf:Description>\n\n <rdf:Description rdf:about=\'\'\n  xmlns:tiff=\'http://ns.adobe.com/tiff/1.0/\'>\n  <tiff:ImageDescription>\n   <rdf:Alt>\n    <rdf:li xml:lang=\'x-default\'>17 months old Bengal tiger cub (male) resting in open area early morning, dry season</rdf:li>\n   </rdf:Alt>\n  </tiff:ImageDescription>\n </rdf:Description>\n</rdf:RDF>\n</x:xmpmeta>\n                                                                                                    \n                                                                                                    \n                                                                                                    \n                                                                                                    \n                                                                                                    \n                                                                                                    \n                                                                                                    \n                                                                                                    \n                                                                                                    \n                                                                                                    \n                                                                                                    \n                                                                                                    \n                                                                                                    \n                                                                                                    \n                                                                                                    \n                                                                                                    \n                                                                                                    \n                                                                                                    \n                                                                                                    \n                                                                                                    \n                                                                                                    \n                                                                                                    \n                                                                                                    \n                                                                                                    \n<?xpacket end=\'w\'?> \█\0C\0		\n\r\Z\Z $.\' \",#(7),01444\'9=82<.342 \█\0C			\r\r2!!22222222222222222222222222222222222222222222222222 └\0\рА\0 \─\0\0\0\0\0\0\0\0\0\0\0\0\0 \─\0A\0\0!1A\"QaqБ2С#б▒┴\╤BR\с\Ё3r$SbВ%\ё\'вCDТ \─\0\Z\0\0\0\0\0\0\0\0\0\0\0\0 \─\0+\0\0\0\0!1A\"2Qa#3BqБСб \┌\0\0\0?\0\╬a^y\╫D*FВж\─цРЖBDX\┼Z`Г\┼IDmйcг└R{#в:S▒OX=*УD\╨&<\╥s@\▄ \чн0+3riТ(ЮжЭ\Ё<R\0╫е0жВВ\тй[\Z\Z╜\╒ 4└╘АЕj@1yаа╘К@Аоh`\╙\хД3o\r Hж:ЦЪ\n╜4!\ё\╥`=*GAтАбN)б\фвмВно\╦\═1^(ЙЬ\╨4=yа-\04t4\шnе@x\р\Їе@x\nСЮ R`+mH\╚+\┼4H╢Zд \nUИ1Lh\Ё\╞h\╒\┼hrvи`YAP\чКC#4\ь\╨&\Z	\╟А\Ёl\╥\0w\єHiД_Кj┤\0УTЕ\'бА\х\цСHr\╥\rSP\╨ З4\╥dМWI@\у42BU\═M	▒А\08вЙcPScv\ёHt{╡IDECe$FqJ\├@\юце░▓	д 	кiаOZb49н!аI\┼\▄\ёLС\r╓ЪN3N\─BЬ\╥гЪ\Z\ч\"й\0╠А╡IPcA\"IеB╟КC║Р\═ПК\0b╡IAЖ\═\0#Б^жБPd\тЩ@gЪc \єM!╖ЪirRhiOеKFА!\тй\"YYП5hB\\fм▓\цШ#\═0)\0\─тБМ\\Ъ\0-\▄P\"3ЪC$fРП+`R\ZйеE+\┼MВ0)\╨	jдH\r╥й	\n=*Р└\╧4\ш+TМz7╜H╟л|\╘\╨\┬▌ЪЪ\0Е \'∙\╨&FiY\"Ш\ёLд P0Г\Z`xЮ*Р\╔\Ўi\0\┼5 XМ\ёJКCCbК*\┬\r\эH+c╜DЕ╚н\╞\┌d░ЦК\┼иCVеВ*GDg-ФР9м\█iXЕзB$(а ╡P\0╞А{\╨ *[	е`jiЕАNjУiИZb@SКВЪд2Iк\╨!m\╚4B]╗T\0М\тШ\r!Жп@нJЖ0?б!Бз@H#Ъ-\┼	jиDЖз@{94\─99,h`8й\т\╘\0Чl\╒!1$\╒\"E▒л=щбЖ└\Ё\ы@!К┤Т1╥РБа	\щH(\Ўyд#╦ЪE!гжh\Z<O4А<\Z\0I<\╒\"E▒\ыTАQ9к@<\╙TтеФЗ#s\┼KC \Z╢zR\╩xй`MHПЪDХ\ф=к\╨	\'ГCY4\╨\╞+q╓К\0йН Б└вЖH<\╥`QC\Z*FВ@пБEX$зT\"\ўA\┼hЛ`LЦJОh└i\0┼иcH,\╘2ТОj\╚▀БQD▒L┘б\0н\▄\╒\"B\▐v╙ба7\Zc=УH@░д\"1R\0╖JС	=MRB\0ЪдЗJа \Ї4Кcг╘АЬ√U $*м@УEИ4XК\╠95$√#╡4P$\╨2A4\0y\Ўд)┴аc7PД{v*Р\▀NЖA~(а│┴йК\╚\▌@м4jЛ1ЬuвКC	\═&Жи╗╢\▄\╙BbЛК▓A-\┼X4\0\┼\щN┴4X\╟/J\0ЖтАбY╔дЪBdM!Ба╗SC \╨0\╨тШЕУ╓Ъ\0*\╨жQ ╘▒Ж╝\nС\r\┼KЙ\ёH)и\0┴\┼HИc┴д*+┐\\Uб\n#\циhYаa\┼\0ВЭ,\╤@4и\rL\▌E\r╗Ъ($=7\n\═ p*Н	\═+\рxеdЖ5-Н╡CcHЬ№╘ФA°дШ\╥%▒d\цК&┼УM!:S\Z=МцБЮ\щ@R└TИP\naM!	n\rPА\╧4\"Ш┴&А╡\0<\╙LAзb=Ъ,<К(\╨\═4SHgА\цЖbд	\цА$54╖qTЖ	jа\0╛hвH\╨MД4Д:6\щAe╕\ЁhFС$Я╥жL-R2м\═╓й	Х\╦|\╒@\ю>\їBНN└▓Ш\┼AБ╥А8X┼╣ааG│\┼&!К*D0\╙\Ze4PhL84]╫Ъh@\тй #ozд4F)М\ўjMьА╣\'\0u&д\█\═B]╕╖\у\'\0БТEmП{d╢j\█0F_\єm·\╫<Х6R-бм\╪\rH╞РД╣\цЪ$Kj\╞/4\╟ag\╨║БЮ\▌L\▌@╛КCq@Й&Р\▌@ГS\┼ 4\ўqTh\┘│R╪ВS\╬k7!\rEМТh!иДЛcHР)Т(+L{h\т)\09еB \Ё)Pc@ЕУЪh╡z\╨S$\╙\╨\0УHDй\тА\Z`{╡\0К`F\▐)Бh\ьbРа\┼\0Fiа ╡Z\0	ж\0УAПzЪCC\у84[П%M┤x\╘1АM+\╔T\"╣лвO\═\0zG\Єг/МР8\Ї%l\шuжГй\ъ2д\─:\┬F7анТTmW┘║|-rв?\"UВR9V%С╜╕5ГЪ^Н~·3\\K\═osЧ2\Ў\╬Cp{Ки┤╓М%L*Й#m	TgЪ	cФR\0·PЖВж0~(\n\0оE\0&E\тЪК┤╗U\═К\0л6eХ`\\╕i\шGa\ўй]Н+-nDЕ2╟Рs]╕\╒#)\Ўd\╔\┼\ъйvp$¤+)\┬/д8Ыи∙8ов╞Г\┼K║\╥HLW$\╒з╡1Л█Кh&Ъ\07SТ\ZА░ГSД\r\0n) \╨и\0C╡HЛ\рцЩиb│lРЗ╓бА[йЮ\▌@м\Ў\ъЩ!°аv	j	<\r4\╙#аyй-OРШ\╥d\╨!d\╨ж,О┤\nИ\╟Z`^┤\─└\"Б\0xд\═\0Ъ`H=йИ\Ў)БаU\тР\┌(\0Hд\0С\э@<U Ю*\╨┴4└\ўs@иЬ\nЦ\┼GВтРЖ.AбН!l&i┘в<[5-М\r \ївEqTДJоh\╥Z┤Н\э\▌^ж\'Б\ЎкЙp[>Йал■/4\с\╩>\╒\\M╣╢SmЧAБ\╬@■52ЖЗ¤ОG\─zl7\╓\▐bиYc9НЗ5\╟n╬З5LубШ╩д2ХСгб \0+\n\ъN╒Ю{T\щМУ@ВаCT\╨$Riбд0\0аXR\┼;зiб	#hBЙ\┼P┤\r1SK\хFN\╥╟аQ╘У\╨RnЗ█дZ╨┤╫Э\╫\╠Л1y	8 \0@*нЫи\╥/\ы/e	hH\\\Ё\╞\╟\┘5█Н\┌0Ъ0?	a,К\Ї\├\0)\╩&h╗╩лgи\═y\┘5&h║9\0У@Щ\0PI\т)А│▐Шn)бЙ&иA\щ\╬=\ш\ьЪN·\0Э╞БЖнО\ЇАhl\╨М╥а.ВijЦ З\\\╓lG│УH\┼$Ъ(<8зC▓OаfШЮiАA║\╥@цдв▒H╗√P&№\Z(@Чд\0ЮФ ШЪ\0МS\ьSl╝╙б+\яH@m\┼!Ь\ZhШ\├)И\ї\0дСH@\тРF(в>*А:\╒&26\тиGАаam\ыR└0┐6 \╫\┼8\ў░C\╩\Ё8лХ$[<+0!Н41d╓Й3T1СОh╖ec3╪┤иPг╕\▄P\0\яUoПгв▓║№9TЙЪ6#Н╝\0~╡вв╕■═╗mAоax\цЪ<\Ї%X\ў°гlTЧF\ъ=м\╧Р\╚NFz}лЧ$\r\с+9\rn\╪Y\ъw\ZЦЖ|,Д3\╪\╓xз_VOСО\╫$)WУ[cD|SAAвfК\ZC\╒p)Н\")X╥в@д\─7zdЙjhСL\rRгК░suд-,мБT╢\ЇKY╡k│up\Z8\╚¤┬Ю\├¤F╣\єdK\ыл7∙3▓░\╙\э ╡iо%d1Н█▓ \ўc\╙\эQОVk=\э\х\эг_Ви.#\r\├<┼┐C^Ц;у│К{e\щV\┌{9dp\╨B╗\Є\┘\ы╫╕·■╡б|(V\rМЕ+\╠╔╣3H\Ї4╡\0E2╥Б\nc\═1Лjt1нRqx╙Оy\╦`S\ЇWв┐ZТH\┼\0zШ╜)jЯ╡\01M\0]╔и%M\00*ZGCP╨ПbЪ┘жГHhЦ<QC║ШИ\▀@дayШ\щHvF№\╨7ZB[А#wi \╤CG╕аdc╜G▒T\"piИМgЪZZ@%ЦЪ`╚ж)\чн1(\0└\Ўй`д\0h\0J\╨\0\тЪei\╪┴+\═R\Z<ZvUxй[jD\'иqB9А└2ЕЮ(CBШ\їл@(╓И\n`\Z\Z}+\┬7\▀°mм°2└\╟#8=+XJ\уFС¤Ф\ягh$8Й\фГ╝Д\х│\єЮ╡\╤╥ХОО{а\Z0cлd1°?9гТ`УFU№\╙E\ьФK\Z\у\╥y \0Жаа\э\─zЭл\┼(R\я└\╨\╫.Hn╤м:\┘\╬Mh·|\ц\┌CЬ~F\ў▐╢\╟>H\ф╦Н\┬_┴ \ёZ·оК2X¤hаH╜╢Q\ъЩ=2z\╙PУ\щЮ70 \0\я\' \0\їKДВ┬П|н╢8\фs \0\┼	н?ОK▒нП:e\ы&\ф╖.╨о╗▒\яМ╥к\ьЩQнncЧ╩ЪКC╩З\р┐L\ёEк\ь_Вm.\ЇI\х■\╔8\╞9\╬zRSH_┐EK\ыi4\Їf║XPK┌о2╜\"\\Z\ь\├\╥,_\┼:│I.WO╡хЗ╣\ь>з∙S═У\уН.┘ж\\▌╛С\▄\┼Д\╟Q&I\┌ZN▄Пj\т╞н\█;d\ыH\╟\╘\ў▐УrK2+УЧ\\,Н\Ё:\у∙W~С╔Уzgз\▌i\ё+\▐5ЭЬ\'о\фO \0S]QСЗ\Zлj╓╖\я\rХмn`╧кB6\фOЗJ2KМlЮ\╚8<\реy\ь░I╚дy4\╚\0╖=hбZД!L\╒HbЩи}M0/ \0\ё\щя╛Ж\╩\Ї -\"B\█╓Лn╕а	L\цШКCfА▓\▀5Ж╜)А`╘▒Д;\╘\0D\╨┤┬Пp(H`Ь\╨0J\0\r╘Й#}\0x╜ =\цR\0K№\╤C░7s@\═\0H4РiQV{u\0n)И!A6\\КAJ\0LPYh{jРSE\ZЦ- Г&Д▓\n\0Y_К)Чн1\╪└ж;╜1НSЪ,CT`\цЕ\╪\╤\цm\▄\укТб▒D╘бб,j\╨b+D\0\╞iТ\Zi\╥°KR6\Z╝`Я\▌\╩v8\╧=\ё▐Ь2\р¤nйw▓║Ep\╩\rМbнЭQ\ш└}Dп\юБ.\╦ \0╝y\╟\╘\nЖZEifc\";о##\┘\уЮ:\уеMНв▐У\─\ў|+Оv▒\╘\Ї\╬kЫ%\▌#XUw\▐]R\р<\╫=ЯР(\ў\ч\ю*б\▀ьЙ╕\╔$¤\э<г\█Yю║ЪIЩA%\▌\Ё?╡u\╞)лlхЦЮС\є╓Ъ\╞o\\\┘iй=\ьdБ\nA\ZЖ▒b:|\╒IqV\\~╬Т.\▌xWT№jа\є\фГoк?=[\0№СP╝ИеO│GЕ╜Щл═ме╡неЬB\▀\Є\═\╬	\╧z\╤~<Ыd\ыХQ\╨\\°J9RK\ыR%|n№,S4Q╗w·V\╠·5pKg9<u4╣║\╨o┤\їQ√\├h\╠23Н\┘\╟Q№kо.<j\╬G╦ХЯB╨м╝/-и╕│\єюЬЬХ║rX\ї?J\у\╔(E\ь\шМf═Е6Р╗:DК9U╬▓\╞\ь\╒\уХQЩй\щ║V╗m4─О\╥Iж▓\'°╜Т\ё\╫kG)6ХЖ\Ї\щR(Дk1.\─╝c·КЩйIж╩ПзF%\юз`HЪI`\r╖\0Г\ЄH\щ\Ўн\ё\у~╠з\"Ъ\▀@\ь<\шsЬм{∙·ЮЯ\єеt\┼QЛvLЧW\0╩н└#!7▒∙%Й?┬╢Л2cд╪ЫC@С╦ПPCЭ┐┌▒Ь\█\╤)/\┼d0w\Єi\▌iР?4\┬└/\╟JTMК▌УL,А()лЪ\0\╨\ЄЙ░Bй\ш@JVI;G<P 9жШЪc\ZХА\┼Z,@fРГQ\┼\0_jЦ4H\╟zСТzR\n<:SКа\0╖0ЫI\цд@\юаDжАН\╘\0;иA\═┌БТ\r&А \╥└\╨ ╒и°┌Б8\┼!КqЪ` пZ\0[\nд1FйМ\╙AтббCR\т\"Ь{`╞Ж3\╒(С/АM41jР\n\'ЪбЖНГH)йbЗМ╨КD;d\ёHb_Кдwz┤ЕbЛUТ\┘\ы\┼\╪J▌й\r1\ъ\ф{Оjlд\щ┘кu\╪ \0onIY\▄gЬ№¤¤\ыh\эQ\╔e\╧\┼\╩\э▓[t,н\╔,°└\╧\Ёд═Ц═┤\╥с╕МC #t·√}+9┤Сq\ь█Т\юKo&,	Q\щ\╘{¤лЧ$\їо╦Д7╛ДxYЫZ\є\\)¤┴┴#г\у\ьЭb\х)*\ЎНj+■5╜%\ї\┼\ї\ф\Ў\╓@\р\├\ї\╠{-u°\╪\Є┐│\╥0\╦8&\т╢|·\єRM. \0№?G╖M5\ьyИ\▀9_c\э\Їо╟Н$▄╢s);иП\╘.5√=╢6Ч■s\\,\╫м\Їм`\ё\╩\ф╤┤ЬХ$\╠\▌gJ╖o!!Щ|╪Ф\"\r°%zТ>\ф╓Ш35v┤Flk_│\▀\с▀Й│З\Ё5\┼∙YV\у\ЄС\ё \0:Uм╡/╖D8\┌\╫f╟Ж/\ї\r·K=m╡+h7\0│╢^ ~A\╟#ЪщКД╢М%\┘ЇИ┤ФШ∙│IнАHУi\╟\╧jЙ\рД╗A╥ПF^╡жI■\"\├7Ч\'TЬ╫ЫЫ\├\с┤wc\Є╣h\рe\╒u--\ч[╪Ш┤eШ╝}√\\\╧\Z5\ц¤Ъv·\╘zZ~9М└\0зб?\щб6ЭУ+\ъ·5║Z~*\цBКyй?2~Х█ОOгЮqFDp^C\n■#rШ╧Ф\\3■Ш\═uQЗECoл\▌]f┤o-°?╗d#\ш	т╡НQФУ\т▓У\╔sЦ^9<\╫>ELIЙ\▀▐│бВ_н░w\╥$∙аЦ	4\╔<(\0\╘dPZRt▒№$kЮ7\Z\n╜P uивOM╜~Ф└╕зc\rWКV\0\рPБж ┴\тРZT44Q\ъ@	4\╥\0	5@	е@%НC;│\┼HАjШкg▓h3EРh\0\ўPЪC\▀┴l\╨@еBfУ\фj@87└4ЕФ\╞!\╧Zд!D\цн@П\┼&+\єP╨мb╛\r!ОV\р\╒UбЖ╜3QT* 9жАAZд&)╕4\┼a\n\nL0╘и\єk\nнФЙ▀Ъ╔нН═╣h@VqVK\╒^┤мGА\┼&└-\┘КL\ш-┤°\ьм#\╒о\тC╢<О{\у▐╖Жвt\уЙN\ыtж\ъ\со$╦│\ЄПВ{¤к&\шшЕ│^}B\╓\╔\╒W\n}Wи\ЎzуЬОШннвmN\їЕ╝ЕеS\╟m∙\═s\╔6■пfйд╖\╤\ЇmE╖░ЕJ╞и\─\█F>\ї\щ°■:П\┘\Ўy∙\є╖\їEЫ\їI\хC▓9Xm\єИ\╔O№~k╣ \0,u╢q>5\╙,4=(l`O\╟L\▐\\F]ШЮ[=\╧9√\╫Р╕\╔3│Ь\╙>gyе┤w│Er\Є<▒А\╥J\╟>п\ыIeUб№{\n\ыK╣╡╘┤\╦█╖\█i&9▌НЬ\Є\r<yTв\т╗\ё╡%&hxй\├u(	\├Жx\╬cУ\'Р\чzЬ\r\╩\\dRМyD·.Е\тS\т┼л~&Фл,Ц¤ЭБ┴s^Кtp╡lлеjvvvЛ|╖b\█K>п.c \0i▓A\Ў\╧j\▌\эZ3ot\╠\═g\ЎНдAй}Н=╣1РPЯ\ЎдрдйВЧgxУ\┼ZUК\┬\╞!*\▌`ли╩Е\юk╧ЯИ\█tv\├\╚Q[9¤P0	и\┘K┘╣\▐Qx?A\э\\Я:f\▄\э\\M}V╖q╣б72▒\╔-№▓z\n)збжЯc╝M5м1+\┘\┌\╞$# \┼b?E?\─\╫V \0f9гТo_В#3])n\╠°\▌\їо┤ОV\╧]]=╦б`\╒БМ\╓96─Д\ч5РX<ЪDЮ\┼!4\╔d`\╨п╜ HjнUаeз\\A╓Б·p*D{4а	└а(J:R\0Б\┼Y\'БаVд4\ZЪ(vI4P└\╧&К\═░Iд└YШЕС╓РА4!M\0\╙Oz`4Д\Z\╥\0\╨P1Ш∙а`Ъ\0\їдГ@Vй└°аБЛ/\┼1К\'4\╨\═hШ-О($\╘\Ёl\ZС\rWеC,FrФ╙вР\ї>Р=к_`CК@(н*\рsM1PЦ\рЪд!С\┘\┼4мдп\╚ZoE\▌R2╨А\ўQTK\╤dМR\0ZА\\+\ьi\╨\╤\Ї√ \0/Q\╙,┼╝(▒\╔\n\эЙ\фvz8\у\ї│\"\▀NУMBЫЛ\█\фЬ1_\ы·Rr╤дP\╪tЦ╓пV√\ь√Г\\y║F\ёJнЫV║ЮЫ\с \0┴вAlаМЧ7\р\╞\0\у\'╜t\р├л9\Є\╧\╤\щ┐k·%е\┼\─\rж8┴\═\┘\╚\щ\╟\\z\Ї\тйi│├╖ТkIeк▒Ц\тPКr2\─\╥\ЎSдЪG·Я°\ч\э\ЄKУ\ш▒fЖ\╓\"z#{¤\╬+\╩\Є\Є[;№xqTОП$r]\▀^\ч\▌KСe\у°b╣Ю[КGLaRl╥Т+mZ\┌\ц4xXc\╘8йД\щ\ЎTв\┘\╩\▌\┘\█\щ~╛\╥\ї7vH┴╗\╘┴=Б°оИфФжЪ\ь┴┴(\яв\▀\ь\єT╖\╥t}(\╩╝б\ё■S\╙?5\▀\═╬Щ\╟<KЕвМЮ\╘<B^\╨\┼<\Zr\╩\╫,c9i71\n0\\№\╫_:TМ\█\ь\┬\э┘ж7Ш*K├╣2OoбкЛС0)x\╙M\╙l╝9gc\n,3)\Ї,М \юIи╣)\╪\хN4#┴С╚║,▒\╠█а\▐v8\э\Їм<Еl\▀\╟tи\╥M9нoL╓│╚▒1¤\фjz№К\уvu$О\╩\▐ЛЭ8─Т(M╕\╟#∙b┤\─\▌4ПЦkVf\raЭМз\'╝■Х╓згП$iХ╣\'5Ы3\rVд█КADbБQ%3\═ вvtа(%JAA\тАp(\чa°d?4\╟\шV\тiQ$йа\═ $ri\0]\щФ\ZP4ЕЗк3=╛С6y_Ю┤\╨\╙\ZЩGЛ\фP;uС║еЕРЪCD\ча`1й│@Е\цй\▄\╒\0Yд0OФnjB\╟+PдQ\rL╖zi╪вВГEM=№Rа=\ц\Z(-УL\═1КfжШ\ncN\─{\╨#┘в╔вQ╣д4_╖\хH°а┤ГКLtn*@Ж>ЪB\═╓ШБМФ|\ч╡kбe▓╞Р║БЮ\╧4└fxйlDHЪ\'u@=4*x5Hг╡\ЁЮн\╓CMЫ\"X\█tLO\Ў\ыQ5г│╟Я·Э\фЕ\╠jBи<n$c¤к\'\'GT:-.\┼mlМ;АH\у╜cК\Ў}ЧТ{дrЮMп\ї\╒\я-n5\щdОb\0\╚3╓╗\ё\'*UгУ+\у\╙м~\╧<)П\─\╬b░r\▌\ч\▌°9\╞>\╒\╤R^\╠-7╒ЭЗtЫK6Цw~e│\х▒}┴3\╨\эЮELУI\█);}]\фSi~63╚Кd\╪\ь?.XЯй8п\'$Ь%щЮмd∙/fЪ^>w\╬;Б\ЄO\═s-l▄г5√\╞Z┴╖`=1Z\уVИУгШ\ёEьПзK\ъnF\╒·\═v\рК\фrgЧ\╫C╝<С\╪xz]i\╨7\св>г\╚З\ы\╥┼О\хg\чQVS╝¤е\ъ┌ЖЮ\Ўz1Т\╙n3\"┼╛YП;И==\ыn*=Ш9\Є\ш═ЫP\ёfЭeop┌Ь\ю\╫ДHМЩ,O^;╥ЖhJTКxфХ▓┐Нl&╡\╒!╖║У\═\╘iАlД\'а·╓ОH═з\╨\э\ц[/_@C$\ё1<ЮЭ\ые)\ZA╕─╖\с¤~\я\\╙о!ХP\═d┴jЬШR.ЫE°\єS╙пЭ\ь?КМ╗O\це)°\ёKТ3╔║fО│9╜╣№GФSp%0HйЛ\╨d3Ui3Аuдc\"Р\╧м(`OКЫ\n`\ёEЕ(\n<N0аSHCШП┴оN\ъc\Ї(5\ZР<RCP0╖qB*\уI^qAР9дC%\\\╙@Г\┼2мЯ2ШY╛i\n\╚▀Ъ@ШA│RRg╖T┤0к@i╔кB╜R\─\╨JЕ`ЖцЖД=jFЖ\┼\"П\┼1Л\'н41gЪа$tй\─тДА\Ёj(nвА\╘╣аBШ\╨А\ы@Й\┘@лГ╥Р$]╖%iвР\┬\0¤i2ПgЪС\╠1@\эA СLUИ8\щZ\┼YIд]мy\═BкА$q@м sRЕ\"lУ╥Д1l\╒T\0\╒з\с\хw\╓m\╓6!ЛqГКЩ~&\▐?\цlk1\╧u\у}+OIЭc.\ZF\щ╙╢*bУГ│▓Vжи\ьУ\─\ЄKтЛн%bdО\╩▌ЬЬ\ф\╚\╪■йq\у+\ZХ╢ПОAuЧЛ\э\ю5дЮ(a+:!=k╨ГN?SОIй\ь\щ<Eд[\█x╘жнy-\цН}Ъ\╞\ъF,Г=>╕\щYesq·╜ЪCП│\┬\─xrk\█\█}n+)sk\rгО@\шS\'9■╡ЪЮI4ипк:mj∙5X┤+\їp%Ю#Е\э\╟<¤kП\╬KЮОп°\ьTr,┼ОPG╥╕°\ш\ъ\фd\▌^F5GкT \┼kК)#9\╦f}·Йm8 о\чЪ\ы─╢s\ф\ш┬║\╓f│\Ё╡\цФХФМ0=Б\═z8]H\с\╦°Б\р\ъ&\╒%ЛL┐К╒бO0┤Щ¤\0╝╒гi\┘\▄~K\Ён╔Ъ\цy5\╧й:Х╖Б╜\Є}лУФatuи╢dAg\╒nnп7е№\╔nfЧs╧еGn\▄\╫<▓\╩]3h\уМv\╩\r}muк\▌\█@\╤HУF79WV85Ь∙%\Їfx5V=V■\╠\ф·S█К\ылG*tGЖaП■▒\ЄеLХs\щ∙\═LЧ╓К\╞■\╓}\┼ZDks╞б2UT\є¤Нp\╒R\▄N8ж\▐(9\ш\Ё\0P*\nСДР╞Е\тР\╤\т┤[\n!\╬Zi\0Т╞иC\с;н\ф_╕аhPjB\Z@\ю(а\'u:щиБ\ф~j\╘FAШ\єH(РxдM\▌L(Н\╘└!д#\┬J@\╚E!вw№╘▒\┘9\═H┴j8лB$О┤h\0M i0\ZЖддЖ\тР\╚gж1{км9\═1Рr>ФАМ\ёL\Їа	·\╤B ЬRc╡!кd`гйаiX╞Нвbн╓АjЖ\"\юд*#Ж65\┼D\фfйМ[\ZРu<s@\╞)д $PУZ\'H┐B-\═M\╪жАМ\р\╥\р\╘PЙ\rJА\ёn)P\┼\═]\Ў\тxж3╢¤Эi\╞\ыUТVЛ!З=П\┼DУУI)\'#иУO \0∙\Z\╦\Є\┬\╠№d(■ \0\'°╙Кз\─▌┐п#г╖╢\ё \0И\фЦ0б-│В\╟,	?е,█ЗV\╩\╞\ъ\▀\р~\"╤дТ\╩;∙`ИОD;\Ў№cРkЩFx\ф╜\Z\▄fЯ│Ч\╥5╖╢О=(Z┼м\ш\ф\┘\▐\0%╡\'о\╫\ъ+║9╖g3\╟r╕Ч \0h:Зt?X╧б[м\ўS`лHdbШ9\ъx┴\╟5┤eм\╔\╞V\╙E/\щ\╥Y\щ\╩evf┘┤dЮ\Ўп,\╓LНг\╥\┼l╖#Lл\шaБ▐ДмmС╪│.]╣f\Ўд\у@╖\╪ZzА\█О@\э\я[cХ\╬6ОB\ъ<fP$W|]lтТ╜\р¤J\я\├^$I`\╚W¤▄лОkвS·┘М#Rж}#RЪШ \0╢7w\фЗ√WС9╢\╧R1дqz▐е1▒╝С,R\╘`╛2\╬zg\щ] ╣#Я4\▌33\┬·?Хд═лI╕dгb╜V┤y▒t╦Ъ%<c;к\▌т╜И5X╓ЙУ\╪f\╘\╪x\┘\'\\Ш\0√\ўдЛЛ\┘\Ї\rnc>Х89 \0/\╧√\╫4\рnзh\тgМ;zV@ЬbРС+IМjT░\ZСЮ&БXЧn┤!d95hBЙ∙жЛ6~\╓>ЦтВв-Ф,Ма4\nВ\═\Ўhа<[j┤Д|\╒$0Ф\ёTР\╬+A&Р\═HИ\'Кbb\Єh$@\щHШ\═Hцебг\┘\ун uж ·Г@a\═1L*X єКТЙ\▌@\╚-B\0s\═RC$51Е╕R\╟\╨(\0│@\┘\┼\0ZZf\┼7]е&^?\╚e\ў7o@d\ь\┼!^ФА\"√W=i\┼[k8|Мb┤ФAР[\'\яYИМК\0С╙К(UI\═hгhk`╩╝\тУVДН0qLD(H\n(B@	└$\\Ь\n\0·\я\ь\┬╠жЭ=─Б-Е#УПsO\Z╣6t-A\"▐еГ\╟\Z|с╝╡Ш4d \0л╕\'∙Rп╣┤_\Ў\╩W╢Hi7\ё<L\╔=Мd\єБВ\─R\╦а\─■Ж>\╫.V\╟X╢ir╢оЫЭУ\╪\єQ\ф╖[\Ї_ОХ\┌\ЎYПOИ\\=╚З\╔f\0║0█╜p)│╖К9\эV\╟№GZYд$н╝@=2NzV\▀3Ph\═\тNVj@6\█\у\0лv \0Mak\"╝зi\╞\▄Ю\ї╝QУ+Р\рВдА:\уМ\╒╒ТU╜╜╗ЙI\▄cе\\ Ы\"rf\─\╫2s\ы╧лЯ\у]/H\х[qjи#╣P\с╣\ыMJ\Ї6╜Ъ\Ё\ъ!н{Л/`╜Aоi\т▌Ы\├.ичоЪ\╫U║[I/Y\╒\╬TFv■╡╫В\r+гЧ,У:╜-4√Ы#дE1\"Х╕\═zP\\С\┼\'L\╬\╤cF¤б╬▒■TЗo^Вк\ьЦ\╞x\┘#▒╝┤╕\r╡ГЕ-\ээЯК%\Z@дhi┌│jV&\█x\Ё\█OA\Є\ra%f▒e;\╪|▓KЖ\яО\rrMS.\╠\═\┘&а	\rКЦ1К\╒ \с\ўе@{9д▀е4*+╢*Д,\╙\0вm▓)\Ў4\rЧ+}s@\╪!╗╙б[\"ЪC\0\є▐┤HР@к@>5\рS\ZkФТ	КTIР>И\┼\"\┼ \"ДК`Hд Ф`\╨·Xй\Z\'\╥\ъt\0Ъ\╚\╟Д(▒УRR@С@┴\╬к@·кCyвАЬ\тБ\╪A▓(E RcМК\0\0╜h√RRe \єG▓аM\╓M\├\╘\╨\┬]ВЖдH-°\0>m0x\╬j╥▒┐УCB~iP\╔┴вД6\"	кCG\ф╘ИIz\0Hж,СL&ША<O?\═:╚Ч{к\ч8аk│\яЮ┤В\├BЖ4\0_\є5Vж╬МЮТ2<Q\╒\▐ЬоbI\╩p=\╟_БO╣Х┴П\╒cО\█\Ўгж\╦\'х╗▒x9\шH9\┼\\\у\ЎDcУ°┘Н√B\Ё\ы\щ│iO╢\ю\▄*ML∙кN>╟ЬT\хВ\т\╙\ш╝Smы▓║N\┬\▄┬┐К1y\╥┬ГИS░\╧nнx\╬=H\╦ELiзo[r\╪\╟S╥Ж\╩ЫФЧlМ┤upDIЛ1,М\╘y<Vй3;\0\╞ПеF2A\ыUB2ow$@Ч\р\Ї└\фV\╪\╠g╤Ж\ў┐Е\єaЪA╡F:Ъ\щp│ЭJЛ!dЦ\╞G`BЬК\═wFО\┌1д}Уа24I!█╕\╩\у\ЄЯ\щ]VsI\╓╦ЙеE6Яsy%╝Лyй&И■obkз=\╬G-aл\▀\щ╖S\╧й\▄\ф·╛\ївmteVt_│\ыП3\─\╙<дЩ	\═\\>Н\╧\┌z╖снЖ\╧\╧\╤\╘\ї#╡^O─И\ЎU\ЁK$2З\╞=\ё▐▒I\ZжtЪ\тF▒Kgо:По+Я2Hд\╬gлkТ\╦DnаvHzAaлgнHАШЮ(@,КbЕ4\єГNЗcg<Г\ю*иlN·|I5R]iбвЪ\─KА)НЪ\х\╨+#v!3└\їаЫ=HGПА\Ёаdк\╥АR▒4АСLdt\тЪ\╨A4#╡ DБЪC=О)\rhO\╨\╒ ГУVВAаnа,b6F)`д└bЪР4\╞@\╟4\0Qq(4З╔╗╧Ь~Ф▐З!;░)Q jТШ*иD\rСЪиИ\Ў\ьP\─\╪\┼5\0В-К@6#▀пqC[\яГ\═&иOB╦К&№S\0KP4\0z`\ZЪ\0ЬГL	QЬ\╨#SD╢{нJФgsc\є·\nЩtiН\\П╣iЦ\┬\╬\╥5┴;F\▄√VШ\у]ЫNWг\┼#\ё/a\фm\"\╥\ъ9\\¤№4\яh ┤\я┘Э√[ТKM3I\╓\эYD\Ў╖C\╦s\╬7\ЎнZ╢Ма\ъ-ПЕ№Iмk;О\тQ$╓│ТB	)\ьq╥ФТjК\╞\┘\╤xж(4\эS\ЁIЯ:■_\─\╬X\фИ\╨zF}╖WЧЫ╞д\╧CNtЛ\╩	4\ўВuпйq┌╣ЦОЦbYX▒\'Ф\╬\╨\╠y5\╙3JЗ╛Ъ√x\┌▌О\Z║#О\╠e0V\┌0╦╛@\nВ8n1▀ЪзК╗\╚U╜▒7Vп\"Z\═\ф/№▓E8FШ\хWG8О+\сlH/!\╩\ё]jм\сrзGSКM!# аq\╔\уГ\\/\є;?\╨\х5K2ВX\\Жa\ыOЬWv>\╬,Е \0°\┬\▀L╢║╙╡%▐К=I\щ5▌Н\─\уТl╙В\╟OЧ\├W7*И┴Я;@\"╢\тЮ╔╖\╤\─xfw░╓гЭT▒W┴└\ъ+Щ?▒зг▓\ёг\═sB\╤-еP\╩G∙[т╖ЯFk▓▀ДlгК\╞2╦Й\фГ\╧╓▓KFЖЮ│!№├ж\╓\э\Ї5Жuвв\╬EПм\ё╖\р\╫еЛ\'\╧Zh\╧41ЖнR4l\╤C\'\'4\ё#	ЛcЪдШ\їкHЩП\сг·Ъд\rИ\їж \┼\05\r;лB°·S\Z\├\╠!t	д&P\"GzB=КCH\Ё\тБ\Ї\щIАYй$.\╘М\тЪiФA4\04└!\═*KR\тСH[jТm\╚4\╥duк┴xа@ХцА░Ф`\╨\уIбТпSC\ZSа=╗Ь\╤C3\ыЖГ╗l╛1┌л▒▓У╢(HБ$ЯzаX√\╨#\╚\ф8\═ж1\█\rЪlL °й\╤;\Є3JВ╞д╗ЯК╡в╙б9n┤Ю╔╗┐К(`Щ(а░wS(Э\╘└ \╘\0@\╨ ГSи\ЁН\┌Z^+Щ=L@▒4НqЯgН^}<Цr┐ФЬ\ё\ёZ╒воЩ\╞hwВ\яR╘Ц\сР[F√\0\'\єs\╪{u\ч\рT┴\ZM╡\╤w\┼q\├\т_\┘\▌№еeТ╜d2Ю\0?J\╥\їг:\█2?g;н \0f\╫r\┌*G|м■з\0\хЗL\╒?\┌[IШ╙ЛЧ¤б\\╧м\╬	KD,\р·JОOз=лЛ\╩W\Zg_Нзh\эн\┬\▌;к\ю*мСО1\\\\еG\\Э#НЧX>╗█нi\Є\▄\┬YЕ╗аQ\'9\я\╧\ш\╞/дs|С]ЭЛмxc\┼v\хнRX╟к_-Ч\э▐йк\ь\╓\rIZ┘б°mNЙжxаН#\їzА\эPЭЪ\╙>I\тo\┌╓бw{%жЗElдиРоY■@\ь+к}╢y∙|к|`┐·GД|лj│Н\ъ\0G\╦)~з┐J\╤\═%G:Гn\┘oQ║|╖7E^=\─(?ШК\сКrХЭRj1гЩТ\ъ┼Н╗\╟<М\╨∙>У┌╗▒*\ь\ф\╚\ь╨Ы┬С\▄\ъ\ЄMв\╔\тx.kпН\╓g╜\─╔гН*)Sq\╦gС\╧Jз-Q5│п\Ё■Уiг\╪G+жfe\▄XМ■ФA\"д\╞\▄^\┌╚М%`c\╧*\├~Emг#\╓WЬ0\╞┴┴e\шG╜Eb╡лФСBЖ`\рt#У¤\ыП;]Щ,A#5└Y#&Р\╨└╕\╩ {P\┼$h<M	QкBN3TЕa;\щ \0*cзЪ\0r\у\0k╓Б\rSБ@╞г\╒YH7LW0\╪qLЪe а╢\Ёi\Ў\┌C \ё@А\'Ъ\╤ \╥\0ЧУR ┴\у\╙C@fиdB@\ъt2A╚еB	\r&$\├\r\┼M\ryжР─┐JhB\ъ\╞{=и%░{\╥k╥УйАyб0\╘└\Ёl\ўвЖX╡\цp)2вz\ё┐\ї/\ь(Ce69к$]З\╔!1╝gе4@∙\ёКm\шY\р╘ТyOZХ▒=\щФT-\═\0{u\0M43\▀z\n\'8\яLS\┼\0Nh\0ГP╢Пм\\iТЦЕ\╓%=YW╒ПпZ,qt}ЯA\╘d╜\Ё\ьw┴DКBд|Ъ╕7\╟f·╜\Z╓А\Ёi\▄\█nLб;G\'>гSTiv\ш\═\ЁN╝l\эnlВ)XUF\╬2∙<ЮzУ\╟\щZ\'HК╢u\ю4x|?qpЦ\┬\┌\┌\Ї\тfU\╞s\╞O╡E╞мо2rз\ш\цK┐╥оЮmL}B\┌eRВAГ O$p\rc8r \0Ж╨Х\╥\цСyтХ╛М\ъ\Z*\┼n\├\╒&\ьm\╞y?+ПЖ\╤|╣iЫ\Zн╢Я\т{7╚ЦGR\╩\rБ▄ПzыД╣S\Ўs8╕\┌>gнh┐\Ї╛╗m}Ъ(YЖ\ч\ї}╛*зN-2\Ё\╔\╞JDj╛$╙╡√\┼9R╛Вл∙│\\\╪\ёMI3╖7УОQqEП\┘?В-\яЮ]Z·\╨эНАЛ\═^\ў5\▌&\ф\Їy*ап\┘\Ї\╧\╟gН%╕Щ-\у└/╢Q*\чТ+,л\ыH\╙Я+g\╦u)<mx\Є\юЦ\ю`@m\╠\╠xз\╨\ч+3\╙_\ЁЬ\"aТPлlPлТ■\╒╒ООy\┘·Е\▄2\─m\Z√MКB\n╟Ф╟▒+л│Ж>г(Ш~&\╥\╟PD>Э▒ФrЁиТаL\╧\щ\ў0┤\r\Ўn8\╔АкМйG3y■%\є\тФ\▌YУЯ2!╣W\ъ?\╦KУ&ОУ\┬\ю\ў*\хA\╧<}>Я╩╢Ж\╤,\╥╫нвЖAUn\шOк╕№идм╕;9Р3╓╝\╓l\ZК\0sF╚кH\сЗ\╞.БЮа,В\╘PП\ти\0c\┼Bйк1 \0°¤\┘\╫LпBh\╒А1└аMУЪ\╙75EгLи5\╬	ОРPп/╥▓Omе`Aв└Y\╚ж▒@и!┌Р)Pи\ё~)9\'┌ЭЙ#\┘тмг\─\╙@)О(РКcй1\Zд┤OZ\0\щКh\Zд+#ж\":TА@\nЙ4ЖJF~┤\╥└\╨ХВ\┬A%░\рQFР)▄╛n$?4!7▓╣j`fБ\0M2\0\╨H\Ёw\'C[оjIвхйаH;Вr:\nlжU\'ЪHG│\┼0=B\╞FiО\╔КAd\яа\r\┼\├==\щO╢xF\т\┌]>+H\╬ \0\"5g╕ЮГ=jа\╫GN\ъ\╤\╙]┬╖vMn\ф~\ўМv\┼h╒к&.ЭЯ\╫#m╞е\├╖ЕА/\╨=@\╟зl\╘╟в\х▌ЯW╖\╘\э\ю-\r║─У\\\ў\╪d \╟VQ╙пцЖ╡CWweyuMF\▀L\Ё\╪\тII&_\┼?нN\╙\Ў\Ў\рp)\\Т\╤\\b\х│: \0h7\╙╞Жв┌м■a\╬\с▀е*УAЇЙ╡вh\▐ ВC>зкZАA¤\▄V\у	\╧<qКи\уi■ЙЦH╜vijЖ\╥l\█]Eo7├М\сO\0\Ї\ъkG^╚Н\ЎПС╖Е\ь-hIh\╤ \0xй\╘gУМR)~╧н\█K,pА-\╪F\ё(М╝╨Йi~\╠MN\▀HЪa\ЎП<▓IkЧi#,Bv▒\ў\╬ht8\Є\Ї\╬b·\у┴ЦЮK┐Зе@PK╣mЫ╙ОЫ╛┤\у@╘С\┼k\Z¤Х\ї¤╔▒\╥]m\╩glpzгo\ї0\уj\┌?┴МНMKЛ╖GПPKГ┤\щоha\ЁzГ]	\ш╔а5┐CкjB-пe|г(Тto№OF·p\▀ZR\╪\тВ\╙№=<l#\╓+Н┐ТR\х \0\э\▀\шjб\ьЙ\ZD1sT└\ъГинТD[╚┤\єЪ!Л∙Ю5#\ф{Uе]┘Зп\▄┴(з,╝\r╓╕|║\ш\╫\Z9\х\ц3p\ёH-f\є╡°5wбХ╔д K`\╙\0A\═г─Ъc Ю)д\╚╚ж!\╨\р\█JЭ\╟4╞║:\ZB\Z┤\0T\ьPЖС\0cЪв═Б╥╣└О\ЇАЖZЖ!dqA\"\═41m\═4\0К\0\╥b╢)	l╜\0·iЮ\═P/L,sL@\юаAбтеА╒йc*J\╬R`Wg\ф\╒Hjb\'<\╥A°аh\ё\"ВС\ш\╪\щLWc╓гГ@╪С\┼!\Ї№y\ч>\╘2г\┘Z\у■№Ш\ўб\ьA>\ЇiИМ\цБ(\шIкC@JЕ	\ЎвД\╤6\щ╣·\╙CК\щ┐zFx\rХ\╟ZD\╨═╣а\0<Puж\0}\ш\ZЪJ\ф\╥┴@\rП%Ж▐╣\тАG\╓<4ZNПЩ_/;oС\ё\╔°\'уЬЪ┴fй┤zp┴¤┤\╬\╞\▐\ы═У\ёqПвc№\─ \0@+к╜ШN5гЧ\ёOЕ.5MF\╦eO9F#=1{╛;Яjqa╢kxW\├Rh\ЎЕnd2\╩\ю]\╪ \0Ш\Ў\╔\юй4\тЫ\█д║Dk\╓Oз\├-\э╣ЙUN\щ7б;│╘Ь{|\n\ZhpХ\шFС\'Кп\"FKЛ-[]═╖\ї■\Ї\╫:╨Я\┘\╤\┘┌ИФн\═\ьЧ\ў\n6Hx\0r2\┼4┐{!\╦\Їиео\ыPi6FkЧМ\0y┴\ь╣5MТг{>?>пwкj═й\┼ku\▄\'t\\└\╔\їgеKfФwЮ\ёДЧ%мuи	\╞0\у\ЄЮ:Яj\\┐`\у\ь\щ.зhвy\ё\╘3л\ю\╞\ї║Б\╪U \0$\╫\э&н√AЦ6╝╡\\KfМ#\ф:/\ц{\уЬ|\Z╡▓Щ\┬^jЧ?НОXФ├╣\╨y8b?√n:РsХ9\щ\Ўн\"D╢h\┌ъЦУ─▓_▓∙r6╒┐Й\0Uc\╙\═Q∙\╚cZзFkgcз\╔!Н,\їHV`ЯХ\ё╕c\▀>\▀ \у\щJ\эш╛С╝╓Д\╞qЩбоxГ·К┤\╚h┼╛\╙\яbeЮ\╓\ёR!\╚-М}3[Fwжf\╒Э┘ЗШ╙╢\ёЬ\ь┴\╟\╙\▄|\Z┤\щG1йy2\╚e╖\┬?pзП\Ў·s^gУ%\'гx*Er9┴>°оC\╘\0\╫\╩█Е$~l \0\nа*3`\╨\0\ї\ф\╨ ЗJhd\Zt2\тШE0\╪·\╪\у└X\рС@ГАФБ!АqLдH^)ФСвl\╫0В*B=\r\0@1Й\╟\Їк9\тШ\┼\0	0\▄R$LН\┼4Д╪╜\Ї\шH\ЎI5E╓Б&А\╨8цРЖ(\"У\╒<T▒\╪Y#н*КsM	▒-\╬j└БЬP\"FE1У║ВС \цР\ъ(f6/S┌Ш\╙╨П\щR\"┼С\─\▀jCПb\юW\ў\ЄЪ\ЎTc\═4HвiБ\0\ф\╙$!№(\0\у8zhq=.CЪcd█Ь14╞К\є1iX№\╨\─\╚jD]╡\0\╟!#ад8в╢\╩dW\0╢\╞\r\0д0└\цА4\э\рK}6[\щ╕\┘\╦ROtt\с\┼\ї\ц\╬┼Х_J▓╖A▒и*$u\щ¤\ы\╦\ф∙╣\┼}Q\Ї╜(г\┘F\█A\0dcж╡z╛<п\ZgЫЮ-NС}c$╣╠Н\╔\щ\Ё+o·s\╙ДоIQ\╫\n\╔>\Ї&\rP╜Z\┬;\╦)cФ+ez7\х&Жм#*z>-мZ]h╖%R\тxl╨ЩfФ\╚└═Г\╤F})\╨s\╔\╧┌И╗4Ч\ь\щ╝1\уе$╕BЫ8-Ю\╟▀й\ыC|E\\\╟\▀i\Zоб ╗╝a:Ц\0A5=\єSm\ьzZ№=QL\Ў╪РВк	?Ы74╞Я\ьн&Щun&Т;\рЕX\фC\ъ9\ыЬ\╨\╨&^ПK╣О\╤═Ф╖0Х#rgr\╘\рЮ\▀JJ-tI\Ў|\я\─:>йзk\▀<G\є▐ж=$\Їa\╧\Ё?J\┌/F3\яE9а╖Ц┴\ZHZy	РИ┴ \0\╥N\╓d \0\тN	_РEjИh╩ЕL\╘YDо\╠\├!гЩ╕\ю\rQЩ\ЇНU\Ї°\ф╢\▀\ф┼М\┬\фЦA\Ёz\фv=\╟╥И\Ўh·:H.Ц@Jгw\фРq\╧\Ї·Z╢AZ\р╝1▌ж\╥\┘\╚Q\шУ\ъСUkD║Fu╓Х√Ч{G\╠`\Ёг\є\'\╞?Снd■┤\╠\ыgrcyЩXФРo#\0¤Goнx∙;гe\╤]СУ\є╜√\Z╬КZА6MДRdr\─c\щLK>\ЇЙ\┘#УLд\щM\Ё<U\r\┼\0ж\"\"%eZhh\ЇГl\╬>hDнГ4КHpS\Z\r@\┼Ж\фЪz?Ч\х╛]\█o^\ї\╬\Їe\█*\▀+[\╩ qВ┤о\╟\"о\ъЦH\╥BAкй\04\┼g╛\Ї\0зn(UН`Оs@ГU\"ШX└╣\э@Y;(╩Ш\эR\─1A\Ўдй\╪\╔+\┼0б▐ЭQ\╒4└С@ ХЬУМ\╨P\'КH<R\ше\┌6\уУM0╘йй`2\╘\тaЪФ8\Ў\r\┘\─\ю)Г)▒жЙjВ\╚Ш┤?4\0\ш\╞·uВC/J\n!йбб\r\╬jЯDЮSКБm\╬-%oКC]жA8дЩsLh\ЁL\nH^┤l0Щ	 zF2}иE\┬l\▀╫Э\╞\┬\╥(\╬\╒aС╘Ъ\х\├&\х)оXи\┬1FоЯt╖║ХдmH\╨гЯV8о<йF,\щГ\ф\╥>Бз\╦$\'}\├ААИ?╡WПЦQ\▄·\Ї,\╨R\╘Qb■\ўb>\╔Жlgf}Зs\ь+╜e┐·q№I└?╞б▒Р╕\┬─ШЙ	9\▄{\у\я▐┤ЖEfr\─\┌\0\ы\Єj24qЖKp@iО\Ў\Ў_К╙Э\ЇG\╟─г\т\э\▐√├│#ТR7l\фcз└·ЪО╨У╗▓з\ь\ыM\╙╬Ы╛KHнВ\ЄI\▀U}Т\▀г╗Ъ\0TСФn:№КоЙЛ▐М\єn░й\╩*\╬\╧ZЛв\╓·m№лП1\э\╔\Ў\щКa┌а<┤К;dPbЙ■\ьt┴■╒в%√9▓\╟j\╦Q1P\╚r|\┼ZD▌г\ч1┴yqi<WE\├o\є\╬G>Ц°жE\Z\┌fЮЖк\т\їFz\фw_\ы·╒а:+Ж╡Ш<\\cВ\рК╕\╞\╤-╤п<q*■\"\r┤▀ЬB\э \0=к\т╜\╦pа╗┤kKВKF3\ї*?и■ЯJп\┼\┌\'┤cI,╢s`\ра\ъ	\сЧ\ут╡Х8Щд\╙0╡Ы&К>\┘\▄\┼! \0╢╟Х>\▀5\хg\├$∙#в\rtbc┴$√\╫1lSwжH\т^M8а>\т~\r\0TЪBPА\Ў8кEкСЪA\щLЦ\┌x\ўжАm\┬·\├ \0иfЖ0VРЗ&Кc<\ZШYеж4vV┐ИuiX▓\єЪ\ч┤\Ї\╔Q}б\ў║мzЛЙeГk\ушд┤&\╠\ю╜*X*$\nt1m▐Ъжж \r0▒m\═╪вЗ╜\0\┬X∙аy|\╨ \╓2)ОГ\n1@╢дD\эйDЕат╛Ю(вК\Є)\╔\тй,-0<RБ▓БДалл/PsH&xДrг\n\├r¤\rX░╕аaа#dРЬ■a@\┼┴\┼\┬¤jB=Гz1p\▀J\"УSDЙ=*Й`ГГT94Жj[\ЄZkr~\Ї║#Н\єM\rБ\╚9л$3P°Ж4\ў>\цз\┘Kбе32h\00	а	└\┼ <vи\╦=Зz\╥╜▒дi\"Из░│Q\хq$╜\╬A\\∙f╕╔оПK5√eЯ\╠dн\╞	!¤лЧ\┼_Y3г\╔{H\▀╨бsкZсХ│8R+У#\хдtcНmЭд\ю\╨╠Б╣\n└\Ё┐╔б╧М┤Tchзк4╢Z[\╠╟ШЦF=\Ё	╛\уз\┘╧Х┌╡╤С\сд\╒\э^\╥\хЦGМ·XЮy\ч5m4\╚RM#HЪ,+ТZRs\ч2\фW \0бb\\}У\ё№ПЧгЧ\ё0\╘/б\єE╠ОГУУ\щ8x│JR╣\nx\тХDOЕ╝LЪ1ЦРм1А\ь\╠}G<√y\╟a]\щпGWг\щ°В\█\ЁI4Оd Ю=\щ╣hJ\╩W·ДqаЯ ВгМ■SЪ\╩O┘дбjСн└■Тv\тЛVг6op╢rй\чv\╓~?\ч╜m╕Ь>лн\═vp\фБ░\╔\┌E\ьШ?нid3:&╗ЩВ6\ns\╒Oc№йТ═Лd,\╤╩зЯz\╒!\Z1Еfl·[т╖К1У/Y▄┤,\╚p╤░┴u·\╒8К╦Н(╢EЮ&%;X@\юз\фuвпLVUi\╥\Є\ъл\хЧ*wq\ф\╔\╫ \0Kuв\╦]~ ННЫ\╔Т<ВТi\щ─ЧiЬ╡н\ъ_F\┘#\═SВд\Є>Н╤╛№╫ЯЧh\╓2╡│\─H`G\┼cC,█гImrк\╪\ЇВG╕РT▒К@A\ыVЖ	кCА\'<S\06\ч$\╤`>E\▌\n7╖\╩вРP└жА\ЁaUAgAж\─d\╙$С2r\╫Я\╪\╥ЙЩ7X\╚8\╚\я\═hd\╧!д$SEM\╦╓АW@,н10qHЪ#nMA*sHiT\═1Е╖\n\╧\03\═\0ИРbCБ\┼ c#]\╚\ч¤ :C#g▒Lл\╦╓иTA@Ъ=│4ДAИ\є@\хРzR\я/╠╖\ёЬ}П√\╨ZB╝кC \─{P&DyW \╨%█СС\╞hвЧ`\ъ@~\'#╕kfsS$Qк#е0	F)\0y└аE╕оX\╞c^3@\т.`T=\ш-И\0U┼Т{i\═\rw\Є\щ\├\ф\╘{+\╤]╖~(% ЬвМ)╔аT+$\ZЛ6V▓^\▄,h:│д{\╘\╬j\n┘о,/$йeo° \0н▓\єog√S╦ЧЖ \0gNI\ц\у·5Х╝ \0\╔\щ Лh°о)k\╞ \0зbWЯ■\т╗iдО	\э\Ў■\яжzЪЯ$mж?*i4o°C\\ЛP▓\▄\█\╠~Т╣\ф{Ъ\├\╦\├\ёI╡\╙6\ё▓sКGqo╡бY\n\╟Е\яYc№y\ZO║D\▌ZЛЭ*xZ0\цE Ж\яЯz\╫е~╠дХЯ\╙nд\╥5╣нU\┘.бРДc└╟╢\rzП8)#Ж/МЬOнx─Рk\╓\▐D\р,А\эt\'УX5zfй√FХ╬Лe9&\ё\чо\▀╦ЪTЧ\тRУ \0cФ\╒№\Z▓Зw╖\є∙\╔\╪JЦ=Й\╟SZ\╟$г┘Ьб\n╝\Ё\ї\╒х╜Фp\▐<^[┤Ю\\╣\├08\ь1Z№·!\т╪Йо5╜\r\╫6йpИ╣ЗЬз\╧ей║AXыйиJ∙Q#jaОЗ=■+Gв\"╦Т\█\╟?\яP\тT\╞╙Ь\єS▒╕гЦ\ёЮ=\эп\х\'\╠ u\0\ї¤╓║б+9\ЄBОT\ъжА\ЇSЯ╡na\╚\щtmj	вШp9нb\┬╬К	гФо\╓КП╜tD╔МЪEА4Д~QЯСZ#6\╬n\я\─\╧╨О╒ХШ\Ё\╔┘йIжиQl\ш4\╔ WЛ╘▓о\┘m\ф|Т╜p╕\ь}лЮW\ь\щЛD\ъ▒	lHIF\т0ОW\єп╖■C\цД╪д|│JХb\╫\─N	Йд\┌\ъ{М╨вежf\█]Жлз■\у\n\ф\─\уrg┌╕\є\т\р \0ГXKТз\э3:╢0\шW\яК\ч-!x\цдLВ╝P[Кh\фU!СЪа&А)4\rs\р\цШ\┼\эд▒М\╙\═L@Чж№\рй[Lp\фW\ZV\ь\▐\їFy╔Е°▒йЛ%)PЗ@Ь╥а║SЦа\"ШМPxR\n	jX\ш`8б\nЙ&иЪ<9аcgН|еРТ9аж╡b\сlG0№Щ·\Є*HИ\█═Й{2╟ЭБ\╚\ыКc+\яж\0Ц\═0Ъ\╧\╧E <:R\Z7Аz7д\╨P%0\┼OPph%F(\n└ЪhTC\э,м;\Zm╗PСO \0\ZT9\Ўg2\єAИ\═0#	Ю\ш(\ь\ё@Й░\у\ы@\╙tE▓╕Q$<d№\╒04°8╫▒\ч5Я▓\ыEG ·W\ЄО■\їD░Im╨и▒зY.б;\"╚бSЦ\цз4■(\█:|l+■\╥ПM\╙▌СP\р`b╝╖ТYdм\Ў8h\ч╝√\їk∙NI\ь┐5\┘\ч\ыQ\╔\сnrfЮШГ■в\╘\▀fА20Er\чuВ&°Х\цС╨╡ПЯ\0A╫йuп>3kг▒\╞\╒б\╙n\ЇЭiд╖▐и\╟~\р№WнП$s\ужy\Є\╟,SфПв\щ:\─WКи▓аЗ|\╫d\ё╡G^6жм\щc!У Ю\0\їf┤M5 \0сЯ│\ц┤O\\\╦9\╓t\Ё\х\╟¤┬╕P┐\▄╫б\у\хт╕╛О,°\яk│М\╙\ї╥▓F\▐kEue▓xp;\Z\▐XF\╔\ш·▀З№em}lЙx\ц0\ўЮЭ\═\ёX╝│eР\ъ\"Т9\э!Уs╔мZжjЭв╝╢\▄N&\0г\ЄО\їЫЕ\эе]Л╕БЮ,\Їc\╓\▐\Ї\щ\╨&rZЧЗ\"Ъ\хn-ЭД\├>е?\├P\╔(\щС()\э\┬k║S;,bDSХЬ|Ъ\шОH=╕ItUЛ─Ц│\█╠У\"X[\'#\ЄО9?~\rtF5┤b\ч}Ь╢езлjД\█2i.╙Рз╕ \0Элж/[9жТf╜╖Ео?veOP├╡U\ьj:\ч\ъ\Z4в;Н\╞00▒\э[FTg(О\╒<N\╥\├\Zгb\\~a\╫\яZ,Жn hzC▐╕╗Р\ь\0\ч#√U%j\─u\╬PЮ├К\╬L\╒╒п\фKB+P\фg\э¤G4.Д\┘└┌╝wz║4@\╚\ъ \0Ц^H \0\ь:¤∙дШОУ_\╒7\\[BX+Т0:Q%\═SЗAG7Р°H\┌~k╬Ь]3x;$mХaК╩БГ┌А\у\"й +╕лH@МЮ)МbО\цА\ZжБб\Ё\ї \ў!Л+╖ \╨▐ВE0ж\0тШН┤vТ∙\▄\╨\╫?гU\┘]r░?Zd█┤РE$PГ@\╟4АYжД{m0 !\'h\ы@└\"Р,o\┼+\э\┘\═∙Ш\─│Йh▓Ы·Сn∙Ыi \0:Х¤Aй▓\╦\╟\┼▄Д╣ \р№Аiаem\фТ4+цЪб\цq@\╚\єyаAЙ}и\0Д┤\╞	?JEв─П\цFУз\╥ \0Q¤\┼┐й\┼ЩйИ\ЇdgЪЙ\╘3\эAS3╚а\╩┼ХY\\Ю╕аID\х[и■#▐АЮ┤\0\╪ЩЖ\"Б╟▓\ь└Х\щ\╨P\\╢U~\╒HБ\ё&\ц\╔\эT4^╣РЫX\уqQ[-╜vSв\n·аЮ\╥\┘\\`z\╫\\ийcТV\╦^v\єn[$\0I\э\\Я╘║Gw\Ї■\┘\╤\▐BЭp\ю└иRs\█5\ф\тtzY?s~$^\▌\ю\┌w\0q\╧5\щ∙\ъ\тО	¤Щеkr!\ё]═│?╖йоL╕∙x\ъHшД╕\чk\Ўv1Escж\08п3■А\▀&;Д`\ы╖ ·Пj\щД■4e(s\ь\х\хw\╨u#s\я6%L`РkuY\уR9\┌xеh·NЙлAй┴\ц\┬\с\╔\ьг=\ъ#jN-\r\╙IЫR\╟Ц\ц┴tqВ╕■\╒\╟L┴л\ш∙GК┐g╓▓\╬\ўzoаЗ\╞\╤\╟?J\щ╟Ю╡\ш\чЮ\ў\╙8]KM\╫t\ч?╗ШЕ \0:\ф\рJ\щОLr9Ю9\─\▄\ЁпП\ц\╤X[\\а(N	РЯO \0#▄Ъ%Й=б\╟#Zg╒┤Я\ш\┌\┌mК\\?Rm {\╓\├√F\ё╔╜3gipПo24l29\╚#\т╣\▐9.ЩкЬ_fu┼й┤║\Z\ф?$\ч∙TJ-2╘╣#:\ё\тК72аQ\юFj\nH\т5\щ·Ь3\═\0\╠Oнc№\ызYD\ч╔К,\х\щ-Z\┌l\┌\╬\▀O<dvо\ш\ч^\╬WБ·;K}еj╤░\ЇЖ╟е╛З▐╖ДФ▐Йqq[55Э\ZZ╘кЕиуОв╡\т\╠\э3БП┴Чoк▒СpАОЮ\╘\тМ\фО\т-:-.╚вВ╣^в║╜о\╠\Ё1\╦(8=Er╖│бi╖Кu0 hU∙=ЗZm\шГ\├\ё*ЦЮE|С\┼EА\ыл\╙sй└К\╟j╖Ь¤\ъв\Ў&}CT\╥?в[_E\щгA╝п\\{\є╔з\ф\уR\\ЧaОMvr\ў\Є∙Уй@}\ы\═gC*n┴йбjТL╣л@\▄SааЦБМRк\╪9а	ФВ\┘\ьE6Aд 1L@@qзХ<\╩)Л4А╕\╞\╓\ївЙ░Ъ>·Ф\у\эHСN\─GN)\цБ╕\n`F\ъc!d*\сЗc@╨╣8v▐дB\╬{╘░#4Дj╟Ъd▒Дf\▄\Ї\╨\n\█0\ъз\"дЫйС°\╓aМ2гuQM]Хb)[\шг\я■┬йV/N└2Ш┐\цА<БТ%ж`Ш\r\"Лv▓*В%8I8\╟\╧cA]Цv,UЖ╥зS\шбНЖ\═ ▓\┼\ё\є\"F\Ўкв\ц\э°$qJЩЭС\х;tB~ВЯdнХ╘╕\Є\эеl\чPЬ\унMЛ.╢Яw-Ф\n\Ў│,°mЩМВ\шO╖4\╙C°\х]\эоAFu╚евi■Н]=Д1\"4`У\ыc\▀\0■g\ю)бt.\Ў\їZFО4\0w4\┬\╩jAl\Zi▓Х\┘\ZТO░б\ЇRM\Їj\\XMм-\'аЬЪИ\╔Ъ\┘kK\╥yТ`$\╟\хC\╟\▀╧Я\╚\тй~?К╗С_\┼╓К\┌)Ы?╝C\╪V~v\ЄSfЮf5\ё┘У\р)<┘оUЖЪ\▀·Уижa¤?╢О\╥·\╧\ёzt\╚r	B>k\╚\╟4жЩ\щ\╬7О7\┬\ЁЫk╥Е@\рй\ц╜o7x\ь\є<]dгG┼Ц\т\╞{mV3√\╒`з#&╕№9№КX\┘\╒\ф├ЛY\╙щТм\Ў\┬besРx5╚аг&uйZE°\х\nк\╦┴=SXJM╗5HE▌Ь╤┤,▐╢яОХX\ц\т\ЇLрд╢sЦ\є\▌°CXB\\ЫRyО°∙∙пB\rf_\╔┴8╝O°>гвk╢:ЭвKкw\Ї\╔?AWлжK|╢Л\╙i\Ў·╡гЕ&&q\├\'9■\їмbд╡вq{\┘\┼\ъНw\сща╖╕┤Yl·sЯ\╫·ЪI5ж6\╙\┌3M\ЁЗИ-\фЪX\сЗ\╘GЪЬ\чJ\╥3ФzfN1Т\ш╩У\Ўif╤Щ┤н]\у\r\╨?\ЁнС/{#\сEЕ\ёюДм\╨▌╜\╠!vйQЬАzUй\уЧjИpЬz,\щ▀┤НfDX╡K ^\']\╟iBG┐\Єз,P}1\╟$Чh▌┤\ё▐Еw3\█L\ц\╥M\╪eШ\0▐▒~<Ц\╥4Y\т√-^\╪i\єг\═o#D\фeeА\р░\рКЕ\Zth▌нe%\╘xKП*\т,▐М\рЬ|j\╤Z!ги┤[yrh\╚№зЬ\╫V>\╬|Б\\X\╟e?!\щ\Ёk╨Г┤q\╩\╤TD\╬\Ї▒=\ыN$r3╡нЯЗ9\▌*║Dо\╬R·\р[Zn6√\Z\ч6g\═nвЫW\╒LpGР[№з5Ьд(┼╛НЩm[J│\┌N\╔sЪЕ3G\n\ь\╧╨Тk\▌~7\╪\Є\0\▌\0д\╚q?@\┌F\┼cu;v\у1]VgG\╬|EжЭ?QeU¤\█rм:}¤л\╬\═2f\ёvМ|V#<zS$U!Ю█СT26\╙\0ФTИ,`\Z@\ї╟ОтБЛ+\┼Л4\0)Б│\╧ \0X│Xv@\╚\╞UП\хaГRPз\\1\╘-П4\0$\ў\═\0╨АБ╓и┌Е\єv░\╬\сКQ\щ13qМ\тРIXiQ\"∙\═!╙С@╛9?0\┌}\╟Ja`И\╬Eн\'ЪFl╡{Щ6└4H\╬:~PG\їеьжн\"┤\р%Ф+ПS│9·t╓иЯEа@┤└\є)\0z\єК\0ЪбУЦа\├ОrЫ\├4У,┴з\ъ7н√лIЬe8ЭМЩ~]\щ-\─\ўS[\█m┐:P	\Ў8\є№\┼R\┼\'\ш8\ыlж═ж\─√?$\юx░	·У[\╟\╞}╔Щ╣/D\─\эt\═ЦЫ4Оз\r╕ТA\╬\єNa∙2\у	\╦\ёGeе°[S╕╪╖\┼n@\'$n\ч\щ\\\╧,/H\ъX]l\ъм<aV╝fЭ╣\эБ№(∙_н\╟v\├\┬·VЭе╡ЬC\╔q╕\є╫УG&√a╓Се\─,jЭq╡@\┼ВЩ3А\0-┤\р\фdSlIЧ_\р▓o \0{АzЛm\╚#Ю}╜\щ(\▀\фБ\╫H\т\ї\═7\┬\х^\ъ\╬\їc\╔ ФV*}╗T╕Et\╔x∙mгО\ZVУ{╗Л\ўx│∙U0j+дКОU╔Ь\╒\═\┌\▄^:YBD \рu&╗\"╕\╟g=[иЫvat{7╕╗`d|mMrdУ\╦.1\ш\э\╟К<е┘б\эй\▌[│*Й╗ic\╟?╞▓\╔X\тkЙ╝Т:8N▌▒\╞\╧П\ы^^Y6w┴\ёФ\Єxv\ы,Г\0ЬS\ёe\╟\"b\Є,m?\Ё#2kП\яЗ╖╜z\▀\╘cxм\Є№VJ>и!\">└\ё_=G╢pЦСм^4Ц\╨D№\ъ■\ы\фn^5Юl\Їu ▓№vЕ,\0n8\╩\э\ўо\с4\╬\╠\╤\хК\▐╗#DЖХ=-Ю╡╖Ш╕\█^╠╝YZжl8_,ЦAП\т+\╠o\█;P(\╩\ЁB\ў\╟\ўб╗5Ь:Н▒KИU\Ё0w`╓КM;ОИqMS9╜Q\Ё\▌\█\ъ\Z,МPЬ2\ч%T\ї\┼zx<и\ф·\ф82°\╬Б\┘xW┼▒I(\╙oР\ш╣@№du9¤kвJ╢║1┐ \0N\╒\т╢\╘\эv2$░║qЮC\nuz&\┌\┘\є\▀~╦Д\╧$\┌< \0З`wИБ\ЇюжЬЧ\ЄKQЧ\Ёr╓Ю4\╤╪ЙmЪdU#1й#=)зЕ■Z▓о╢dПk\Є╘бЬ.y\╙╙╡j▒A\ю,\╧\фЪ№Сz\╧\┼vЪЕ╤О\щLЫЧhЯ\ц=\щ<RИ,Й\ЎОkR╖\╙/.еЩ.L╕МСХ\╧oеt┴\╔#	E7аlе\╫4\╞Ca}\ц\─zд\▐8°=)╡\┌\хgGe\у\╪\r└ЗW▓tСHtУ\єС\█\эY╝+┤j│>Щ\▐Yk╢\ь\щ=мЛu\▄mЖкВаn\╤\╒Z^Erз2Ю\n\ў╫НЬ\╙GжДЖNF85\╒h\чz0\ї╪П\рNs┴\ь2\rб\'│\х~!╘б╢╕m\═\ь:W+6[#\┬-B\тyХй\ЇyА\ч\ъ\rrц╢┤taд\╩^\"\╒\╠\Є36\┬\╟(SО>G╡,IП#│ж¤Ц\щ/uzfxБQ\╬ \0j╒║&+V}▓[DH·А1┴кSd╕г\ц\▐5╪Ч*$Б\╪\їe┌▓R8╜№\ё\\eЯjб\╞(\э\▄UбЮ\─x\ё╥а	┴\╞MбИpi @8┴4\─-Ба@СКjDp▓■5Сд:b\╙$r6a ЮT\ч\їд$а▒д1x4\09кB s┌А<ЪC\э┴\ЎаkC.	xТ^гб\┼\"Ю╒ФЫ\'4\▐iТ8а\тРМ\юF┬ВРТ\┘4Ц\Ў┤Уy\'Г$HO|\r┐\є\цУ¤ЦР\╟╥╡\rFTK;IеUМ`Е\р}\шM\ё\╔\ЇВ╝\Ё\═╞Щn&\╒/-l\╘\ЇV}\╬·К\╥\х>Д\ё8■L\╩2h\╚═▓\т\ц\р(\╦0М\"\у\у<\╫B\ёЯ╢G\╫\╤\ы+kнj\чeЖЯ+З ns└√\╒8a\╟█▒\├\ц\ЇО\├M¤Ы]\╩7\▀\\E\ч\Єв\ф№\єXK4?\╓\'L|Z№Щ\╘\┌°E╖9Т6ШЮ}Gиy\rпC5=S├╛╖Уz[дИ2!P7\┼Tд\ЇTЬc\┘\є}S\╟:ооZ\0--Y╢Йp\╪\ў$|W\\qи+С\╞\ЄJzEK\ы\▌\т\хvA&\фЦI_#йяССJ^LR\╫cПН+╖\╤\╪\щ│M:%&·∙e#m#▒\╧\▄\ZуЯХ7оОиx╨О\ъ╬╣п╝;\с\╪CM$q\0g_╜c╣┐┘┤Я╜\ўЮ?░,\э\цwМсМЛ▓╢^<╜Ш<\╤]- \0h:\┼\э\╧\сmн,╤▓0╧╣▓>Г∙\╒NДm▒cУ\╚ъОЮ\roVfah\╠╥м?нq?\"┤О\┼\уз\█=6з{\"Ж3╞Ш\╔!V│y\ф╦Ог\ч■0\ёН№╖┐\сp\╦:#y\у\т╜9.MЬ9┌Л\уei╖\╓·uдО╨ЙооЫ\╩VcФ\╔9√s\єW(╣:\ЇD$в┐У\"\т\Ў■i^\╬N¤а0о8\т║3Ь\ф√2\эмЯU╕ФmРЬ\ЁGJЬЩV4V,o#:}3AЗK█ХYn[№\─\уh°о╛S\╚\ї\╤█Л\╟X╤Л\т+ЧУQВ\╨\хГ\╨{\╫_Нб\╚\ч\Єd∙$o\ш2<\Z╣А9\╟J\ф\Є\█\уh\▀\─\╘\ш\ъ\╠\╥*·T\ё\╞╝╢\█Z=4РzВ=▐Щ<Y\├\╚\уп\┼N7RMД\╒┼г\ф║\n\═g\ти\"Р║fL8\╧Z·/!й\рm\сЩ&}ОE,H_nq_6\╤\яг\ч\▐)F\╙<UgНИ\▄Юk\╙\ё╔ЖPgЯ\ф¤2)\эиKИCЖaХп6к\\OA;НЬЦл\r╞Нон\╘`ЫW}╜З╣пF\уЫ\┘\├%,s\х\ш\щ-\'К\ю\─\╚\▄dц╝ЬШ\▄]4w\┬j[CV\▀hФУЮуП╡fЛ/DжN\╨:\ёVgrБО┐ZФ\ўhFна\┘\ыС\╠\Є\ю#bагc\ьk╛>D\ёе#ТX#С┤U╡\╒|K\с{QТo\"U┬┐P;}░:\nъЗСЛ\'║9eГ$5Vu\▐\ё═Н·дLmо\Є3з\ў\╚╡h╛иЖм\ъ\Ў\╬\ц1▒\╤╒▒\╨\╙rЛЛE+╜3K╝o\▀Y┴(oй-\╞\╦JU▓б\Ё\юЗ\фЬi\Ў└\ч+\шЪТвZwF- \0Г╝6°С\Ї°@\▌╩О·\╒,╡\ь>;}\┘\чЗe*\"▒\╪_-\╚?\ЇнcС╖┘УВ¤f▒√$\╓-Yе╙жО\щg╚Ф·▒\ЁMuй║\┘\╠\ёо\╤\╦ъйи\шF▌дК[╒╜ Г┤√Ки;!жО\╫A\ёY\╘ UaЛ\ї\ы╠Гт┤ОШо\Ї\╬√I\╘\╙P╡\╦GQЖRFG\щ]pg<\тg°ХЩtйЭS\╠*╣\┌8°н_D.╧ЕиmKWiЙ`К°Ж\╙5\├#hСspm\ї$6t$\у∙\╓mYе\╤]jЪТвл\0\эЕqJ╕а№П╤Ю\Ё\ыh·\\n\юЭFx\т│M╜ЫI$и\ъodOО╕\шGй|Г^╗\ZН\х\┘║8Ч\єпcЮs\єZO\ё\╔1 \Єyо1\ц|\╒ =R7УL.M ╦╡~3H`tаTЬ*ЬGST!RЗ##4БИf\═1#Z3√╣\0\ъWЙв\шПd`\╒4B\ш\Їm\ъ+■бКDг\╚√Г&zМПн!БЪд\0ЮiБg\╔\╒$Q\╧CR:╒КкД-\█=\шб1\╨8ksдтеЧКд\э$\╨\╨EQ\р3ЪCJ\╧2·sHm\"СG┴#\▄SED}жХ}~\╟\Ё╢\ЄJ\є0й<UGcQoгж╤н\ь∙cKf\╘\яQ;\юbx\▄╟нT▒$н│гQ\╤ъ║п°e╣[╜F\╓\╞acВ2╥Б\ёЮ\щO>]#Y\фМ{>q%╝\"\╘Z]Е\э\ыcu\╘\╟\╤\╧^8╗RО%\ў\╤\╚∙fTtЪG\ь\ў╩М╜\Ї\╤F\┘\╔HSv>\э\Їоy∙Q╜#xx\▄W\╪\╒\ZЬ:r╝ztw(Ь4мV8S\эО~╒КQЦ┘│··2╡/MЫ4w\╩\ЄЦ\n\╥?H d·ЫпnВ╡Ж{F3╩Т╤И<mо\▀*[\█J\тG;W╒╕У№+Yb\┼r2ОlУtН\ы?GvE\ю▒<У\\┐.к└¤z\╫╝\ю:╞й▒\ё╖=░\я4▓}║-╡╝\nF\┘fR>┐\ЇиПЩ\╦\єvS\ёФFFлл┴g%╛\ЎMFY\0╝╣*N\ёЯ╡tBj·0ЦH\├]ЭL:╡й\╥C#CX\ўМХ°\Ў\┼pJ\ф\╙:\у8╒ЬЙ&№E╚Я\═V?(nG\╘WМ°кгГ\╔|ЭК\╥c}M\n1\ц\'\▌N=┐╖\щZe\╔┴Ya\═\╤\▄ivЦ║DAwЕРП\\╗║╫ПЧ4▓3\╒╟Ж8\╦F\тT%╦Ц^б▓O\▄\\н│бWа\х2JAуНаМ\╤cг]\╨\"╣WЩ3rzd■╡┘Г\╩\с*\Їr\ц└зО╝┼НН░▀Ч\├ОI \0a^д[Ы\╤\ц\╔p[йfуВ│ Р√\ї■ \╒\┘gC\с;5╖\╥|\╓\▐\═/й│\█>\╒\уy\┘[\╔_г\╘\ё1е·ky I#░▌С\щ\╫$e│й\─\т<I\ё\ъ\╨\╩s░Р\┼{~,Ч\╟GУ\ф╞зfМG\╔\ёЕжXyrB	АMaЭ)af╕uСдм╚╝к8\╔\═y+\Їzv\\Еyn?еCM2У\╤\єп\Z\щТi■\"Ж\Ў ;\ЇМc\щ^▀З>xЬ\ф∙p\уСMD░>t9\ч(;\ё■\ї\фeНH\Їё╗ЙЙ\ун5g\╤&Ыh2C\ъvн╝9p\╦_│*<\ё7·-x:\сo|=\ф3а\┌O\═WУПЖF\├╟Я($k\▐\┌%\эУ\├pГaФ\ў·\╫f\т∙tt╕Eк>u2j^╜wЛs\█q\э^Ь~/&\ь\єд▓`ХоО┐F\╓-u[E`p\укг\э^no\уХ5г╗U5h╪М#\'В{\Їмz{7╗@∙Я·Г\╞¤└Б╫╡WY6*5tkЖ└\├KУО3БSС╔О)uEЕv▓A╒▒┴е\щ*\Ў\с\ЇM`│4q<Ш\╔e>бЯС]1Ь\с№╕\┬Bд\Ё]░Й═жеwi╗аН°\ч\я]\╧*╖│К/Hbx{YМF\"\ё%\╚TНL`\є\ю}\ъ\╓[\ЇЙ° \0РЧD\ё<3n \0иТa\э-╕\у\Їнy\'■┐ \0HJ╜Г5■╣ж6\эJ\╔.m\0\ц[aЦ\ф\╘(\╟╪╣K╤егk·}\Ё\Є\"╗XоБОOC\0>╡в\╟%┤KЪ}ЭO.╪В╣\їc∙\n\┌Ч│B.\╥&\ўN▒╘╖\┼<1J\ЁоЩ\╟╚ои\╔3Э\┌\┘\Є/\Z°┤f:╬Хq2G\▄\╦\х\чg?╓╖К3Ц└\╥№Bn-ST╖2	\р└║M╝0\ў5\╤a/\╤▐н\╘:оФ%МoЖd\├\0:g╜nМ╧Х\ъZ)\╙^Q<ШРЯJ№\ў∙о|░\тН1╗8ЭUе№C+\ъ9$П╥░EH\ъ┐gZ1\╘5ШЪAШ\╟${T\═Z4\─\ыg\щлX\╓+U\\pг┌│EI\█3uЫЯ\┬\█\╚\сXПd\ъ~ХHh\рб\╙\┼╒н\ь\рП2pHСWi<w\ї│\▄Hz>k#f\ч\╞\╨\n\▀BT С\═0ЬКcАPХA ~┤К\nO\═╙а\┼\0%ЫКЙW.B1\╚\э\ёLh▓\╟a#\r┤\шLй╓К5∙\Є\фl\р\фtмл\шЦПТM;3KGнЗЫrИNrH\ь?╥УU░№╣\█d}(\ь\є░└t\эM	Рw@_╖\ї[K\╞EK5ПTTУ*{\╒&CT Юh!Жп▒C{5&КЙыНмDЛМ\ZT6П[ЬЦS\╫д\╨D)8Дv&Р\▀Ev!A-\╞)\╞NСFЧЗ┤ \0\ёIe╣Ы)a\0%Я8\▐\▐┬╖\╔\сU▄Н|lo#\ф·:&╡╝\ё+Я\Ё\я\█ркпе\ц╟┐░м╛e╢\╬╧Й╦╜\"╜\ўЛа░\щ║+ac¤\ц\╤\╬\ц\0}{\╒\у\┬\ф╣L\╩yФ~▒9X┤\ы\═z¤c\╬\я#of\╔┌ДУЯа ■╡┤│\╟LcЖYe│\ъZNУkв┘м6Рm \0\▄n\ь~k\╔╔ЮSv\╧W┴Rкjac$\╥0\сrrp?Е╙Ыдиж\┘\Єs^┐\╒&>c\ь╖o\╦\nЬ J\ЎqbМП6iM \0\"Ж\тxнн-б\▌,Л╣И7\ь,Щ#ФЗОЯ\╓\'\╤|;а┴г\█■S\\╖W\█∙}└\Ўп\╚\ЄЮG№\╞c_\╔\╨oЙsМr	\ы\\КVtЬПИ<R░\▄Gmi0Ь,Е}П\ш°╕-rТ8<П!G\ыpТ<Пmu	╔Ъ\'\є\юy\┌\▀\╨¤л\╒]dнБg5╫б7z\├nBNr{п╨П\у\їйХ[pнМ!Х9\█\ъ:}кЧZ┤u╖Ъ8M\█8XБ!\0<|\╫У>R\тО \0\Z&╡л \0Й]П!\╪└\╦└ОA┴\є\▄QЗВ╢Nl\╬Rдu·$&\r.0\▄\сxП\ч^Nw¤\╞zXW\╤aФ3ЕcА\'БYG}Ы=YдYБ\тИ\Ў\Zг\ц■(emU\0┬к─╜>\ї\Ї>\Z■▌ЮЧ∙╤Щr\╧>Ж▓·╢F\┼A°\'?\є\ыZ6оМ\уtvЮ╕7\Z22а%x\Єk\─\є!S│\╫\ё\'pгUТG*ме@=┐Эq╟║:Y\╧kЪ|Ч6\╞@a\┼z^6TЭ3Л\╚\╟\╔Y\╧\╔s7°Е╡█Ь-╝КЗ<\ц║\х┼п\┘\┼╘У;\═AЪm69\сЩ~:\у╜x\ЁIJЩ\ы\╔¤m\Z\┌QС\╬=;Ч╥зп▐жpж8\╩\╤K\╞Z_\у┤VСfЗ╒╗\т║|\\ог\"аДoNгдD\╪l~Ц\╧\┼/\"5С\╪\ЁN\рl\ъ╢k}c4=2.\╙\я\\\ъ\у>H\▀RЛL\с|?и┼а\ъMд╔Х6\╧\щ^ПСЧ4p`Т┼С┴Э\█I╕\0д7╜x\ь\їйm\тЪ5Й\уVB9\╚\═|Zб5kg+и°]\р╣Ъd\┬9P\чgc \0=л╢JkМ\ЎОIx\я╕\Ў:╜┤▒├к@\Ё\╞\я\ўе/N<▒▒\╟;ГйЭx.+Ш7\їc9\ьkBI4\═∙з┤ж∙`\єМ\╚┼А\щ\╫~ХЖE│H╜Т\▌eЕБQГ\╟\╘{Tnм>\╬z\є\┬V│╦╛\╓y\эЫЦ6└\'\ц║q∙rОЮ\╠eуз╡г9№7тНЖ+]s╨З\╥ycЯz\ъ\╟\х`op9з\у\ф]HO¤5\уИ\01kFcЬЬ┐\ў\э]\╚└ \0\╨\╟\р╩┐\╪\'▒¤а[0Тk\ё\"/∙U┐ПN╡з╦Б\ъИ°▓н\┘x\╦\─zI┘иXП)JЮШ\╧Z\╥0\╟/┼Р\х8■H╣зxЫ\├>#r╖\Ў\ёE3·OШ╕┴°5oв%Щ=3~4╛\╤\╪9$╜\╥∙vНЫ.┐ √T\ёO▒\┘\╥h║Х╢ж\я5╗zЧ\╩\├з╪О╒д\"\╫DIкжj\▄yr\─\╤╠╣WNG\╒sI\'\╫<6\▐\ё_X\э[;\├\х\╦\хN{Б \0tD\╩HН■MPУO╣$@═Ш\╧aЮ╒ж9\яЛ3Фuhбт╗Еin@e└\ф0\э\їк═╜=<╕Igй╕ЬУТ;\╫\"[4{\┘\їп\щж\╩ФОzЖ\╟J╙И\'г\ыV╖>e╢\э\▌Z\┬H┤\ь\ц5█Ж╣╣K4\┘√\├∙║П\ЎдНR╒В\Ў\ЄC9\╞=Mk93\ф:\╘q.пrKc.N\╤\\∙HKг;1dpM@\╞)Л\╥h\╠)tl}iН8\ш└\╥(6\╔\Ї\цШ\0╧ЬЪT\╪\цЭ]4\"╫ФnmY▒\╩╨Л\эB\є\┼2\rлЛsnМОAm▄Б┌╣НЯ\т┴Q\Z\┬s\▀▐ЩХИ╢!w&\╟▀П\ы@г╪йW*Н■е■\\PД\┼\╚Цд\тiУAEСHh╖o.┘▒\я\┼2\тшЛп√Ы}Е4*)РN3 \0╩А%C╥ВУ&/D╡,a^║вУЯH\ф╙ДЭ·е\щ\є\ы·А┤B\╔\їI&8Q\э\їоЬУПП\rv<8^YWг\ъicЦФ╢p\"Иp╗╜л╟ЮII\█\Ў{PКВе\ш\у╝aл6║e╡╪Й\╬И8V_\ЇТ8¤k╖\─\╟■\ь\у\Є▓кg-mm+╡ДAЫ#D\'о┐Еu\╩j6q\╞.ML\╨4\╒╥мУ\╠ЦN	Б\ь>k\╞═ЧЫ=lX╕D\╘{Ж\n@\'Югз\Ём9>Н╕Я9\ёж│,\ўЖ\╤d$9┬Мf╜o\ZKЧ│\╠\єr;\тr3╔╣\╒pU@·\╫z<\уп\Ё╝\╙>еpЦ╢┴└>YУ\╪.\0■F╝\╧9еЮзДЭ\ш·Qa\ЁCc+\╟l\ї·)j\є\╟ge$м\├\0┴┴5жrХ\"2KМl∙\r\фП$\я!▌╡П┐Е}Qг┴Ы╣6liv2jZ\ш\╪HКe\r\'■,╝\ё\ї&▓═ЩcО\═0\тy$uйаZ\щ\ф\├i:\0\ї^\\№Й\═\яг╘ОB:9ЭKK7\╫▀ЖИЙ.╖Рp{\ч╢■#\ц╗1\чи[8\чЖ\хF╛о\уL╤б│EU\у$\╨V?\ў2╣3г?\ЎёигГКvU╕F$ШЬJа\Ї┴\Ї╖\єS\ЎпYнU\эЯC\Ё╛в\ўvaH`\щАx~f5	Z=П#ФiЭ1vРFIU$0\ш+К5\┘\╓\├LР█ЩC\╪t■\їQ>c\у<\├~\┼A\╞└2F2yпа\Ё \0╞П\╦ \0!n8 \0\╨\цF^K└\Ў5Ч;\═FкЖ\═^\─╨╜║ЦfNаq\\\╘SM3г┴Тiге╕`ЕИ8m╝\═yС{=\╤\ы(╓▓+Я\╠;V\╓╘┤CVПЮjzu┼жйyj\ьU$_20~;╫пКjqL\Є▓A\┬L\я|7\"_\ш0yЗyh╩╣\щТ= \0Хyyг\╟+=Ц4\'├╖\roqqжL\р┤R╝~aЬ\тп$y%$,r\т\▄Y\╙\ьP4N9aВz\рW2\╙6uGа\┼7З╝E5СF№<\ьLl9\┌=л╗\'\ў`д╗G$W\┼\'\╙;bкKc Ю╒П╟л7\ц|\▀\╟\┌йЭJ\▄aЧ(\ц║|<┤\▐9Ю^&\╫╚ЛЮ\ё\╘\ьM╡\├m╣М`Г■`;\╫?Ы\уpЧ%\╙7\ё3\єП\┌;%/\хEИ┴°∙ои\ш\ьлb$-\Ё:\Ё2k86S>Эeй&╦ИQ\╧·НtC,г°│9A?\╚\╦ \0зд╥Хд\╙\юв)gМВG\█=\ызРз*С\╧,<U\─d:\╠\╓04w6УФVe\х│╘Яе,Ш#6°1\╟,г∙#Z\╧U▓╝m\чRO^kЦX%\r,КE\▀)17Y╕h╡!YtnH\╧JДдШ\эвЩ╣\╬q\я\яZ\╞LЖУ,G&\эгаo\х]8\ц\эJ:\т\╩\▐∙LS\├Fx;\┼t\┬V\╠d╡G\╬№G√3ОЮ\ўIS№\╤g √Ъ\ю┼ЪKOh\уЮ\╦q\╤\╔i&╓┤[╓┤С┘ФЮVPH\╟N+е\ё{G:rОЩ\Ї\nH\їa°\э>\я\Ё·Дrq╘МgkМ\Є\r\n:/Т}ЭХО░╖■dL<╗И░$ЙЗC\ю=\╞{╓СЙФК^\'╖К\єB╣В\сs\▌\шBУ░ОGN~\ї\╤b\┘\є-N?\╟h\╨\▀[\╩Р·$\0\Ё\├▐кp╕\┌&.Э\╔;	\чy]\\о\╨s\╫\ыDeнДЧ\ш\═\╥,Н\▌┼╖m─Ю╒ФSre╓П▒\щDGjИc9QМК╪ГP\ъQ█г6╠О\ч\0\╓RОН \┼\щZ|3\╚n\╪IТrc+Ю╜8?Z┴Gf╥Цй\ZW\╚#╖РЯNи\ы[┴IЯ\n\╓_P╕d\рЗ$М\ф{Г¤+\╦v(GТ\▄\ЇмJ╗\╒@М√\╨r▒\r▒К\ф)\╟╥Э\r23ЪOjx/4f3▒\nВ@j╨╣`\┌w┴4┴гJ\╬A*П1Г2У╖wz\цЧfС№JSОдЖ\├GJf`\╞qgp\▀\ъ*┐─Я\щA+ж7■Ч \0■ \0\╒3╜]{СС\ЎаB\├\рБ@Ж)├оz:M\╥d\╚\┬\0O\╧8■┤\╞V<\╒& Ф■\ь \0\ф(c#з4А│Р\ъ0╝╘ЦЕЫe┐\╘ml\╪\ьG!\фb@GZ\▐/Д\\ЧcМTдУ5-<Sgгk│Y[И╧У*╕Я\ы\эX\ф\ё\чТЯg\\|МpЯ\╤\╥\ъ║¤▓iosЫ\уe\ЇПc\э\\0\┬\▐Jg\\▓еН\╔*Цiu\r_q,\╠OsЬ\n\ЎХBН&\ч3┤\╤<Ы$╖О\'Gd┌ЩaЭд╖ {My∙д\хmЮЖЦО╛+█В[$\╦(\х7о\╧DxA\╔$=)н░}1\ёm№r]IioмS\ЁO\щГ╥╜ПQ╢y>^D\▌#\Za\Ўr▒%|Я4 \0\ї\╧\Ўо╢\Ї\╬4Пз°B\┼-\Їh\х)Щn< \0\rx>\\∙dg╣\уGО4tX\╬7\чwc\╙\э\\Ч√:?сЯкYY\▌Fd╗\хb\їЮ+Lri¤HЪM[>C\тJ+НE\╓\▄БZ\ў№x8\├\э\┘\тyМз\ї\ш\ь╝})&*╛Ьп=[Ь \0Z\є|\Ў∙\ш\Ї<\Z\рo\╠.g║I\ZC\╨Tе║╧нq6Т│▒\'t66\╨N\ўrzЯ;|\n_+к│\ч■&║Т\ы\─EvhБ)М\Ён\э\Ї=k\█\ёbгО\╧#╔УФ\╩\╫6▒[Kl\▐X++\х9\ъc·\ч\эZ\╞M║\"QJЩ\╒x.╖┤─К\ю\┌\╪\чз\ц∙О\┘\▀\скGeb_В\0 \0Яеy\╔\Ўw?GМ6\╪\ї.q\╘╒и\╤<м∙▀П,Л\▌@=\'пk├Ч╥П/╦Е\╩╦║│|\ъ=$\"\ЇЬTb_\▐/+■╔Й\рjТ У\є~iPН┴2<}\┌>З|еХСF\у\'\ц╝xзgк\╪\э9B(Й9\╟\┌▌Е\ъОo╞║zлk■I\щ|Ьg=+│\╞\╔M\─\ф\Є!iH\▌■\э\Ї\┘@┴\у$■a╫╜WХ\\\╤>4й\Ё4<Eз\╔oyйj╕Т\'▒■`z\╓~<УN\╫2 \0tt:u\╠W\цP\┘\╞j\'НE\ьи═┤T\╒\ь%\╘tq4L\ы2\╩GR?╖\┼<y)╫аЬ,=&■[Л\єЖ$\▄√Ъ\╥nгвa╢h┤q\\F\╤╦Ж\▐6ЯЯzс╜Э\rh∙▒б\▐xk─в\Є\╤vA┐rС\╚╟▒пgX∙°K│\╦═КXrsПG\╨<?н┼нi\╦4lеЧ\╙ \Ў#╡y>VОtz^>UТkХYpО╕8оW7╢W\nc9\╔Ю\ЇG\Ї░\ЄЩ-д\чВ+h\'d0О╦Лd*Ф(	\ш╖Е&М\с\с√	rbSГХd8?■к■i2~4ЖжП4cj^╔╖б;│\╟√\╤w╪иdvo\цvl√Ю*\Z▓╓Н(cbд1\рqQ\╪6Лpк∙kОr9?╖╞┤Т2Я\Є>8Р\ф▒\╧8║c\ь\┬R~ПOР╗TВЭ\юХ\╤╓СЛVэЬЦпвX\ъJУBпй\\A\┼lЮ\Їg%kg\╩n\с\╓|)\тnК<Q1\Ї┐g_c]╤ЪjО)\┼┼ЯD\╥\ї╖\ё.Ш/4\ЎX╡KI7-\ё\╚ \0\─√V\ёVм\═\╦\╤\╒┼ин\╠;\╪\ўF8\фr=Нkf╧Ь┘ДЛ[╣│t¤\─х╝▓NFNq\Ў\ыZAnЩe-J8`\╙│.\╓\'vеЦ)+6\█=\с]7╚Ц&Ф`А\чj\ц\╞\эЫKг┐i|╕▓бЖ\╪\╓\╞e;e{╦Ф\▄pА\є\╟S\є¤\ъZ▓ЦО\╓╠дPlS░ПК\═└оG7\уmq┤√\"\╧\щv>\┘\ь~╡д\">M$muf/С╖ol>√С\╪\╫>Wl╕нYV>▒м\0Х>\ЇПCС\┼\0jcЯУLgУ\╘└{╥░},WЬО┤ 2(°И\╞╡д\┬f╩С\щ4 ▓│J\ё\"`Х`s\Ї5И]FЛNE┼┐Ю\▄xq\є\я@-в$\┘Ы9\▀#Ч\р\ёБ\┼ zT&\╘	c╗Пa\▄>к└ \0,\╨B∙N\Ї°P!СD?\с┐$yf·\n\"Ч=\╧&А[-Xй╕7\ў#Поh)\"Уд√Кb%[\ўD|Кд└%\цУп\"█бg<{{\╤╣:E\'FNй3JЛ(<O█╡v\тUв&\яг6\┬\╬mF■;X\╤\┘\▄\у\╙┌ЮlлЕЗ\╔5}]╢╢╤╝?╗▒Уа	\ц╧┐\═x°%,Щy╛ux╕Ь╜▓[\┘l╣╣ж`#Е\0uо\ц▄ЭI(л:_\─n\э╠▓Е8╕\▀\╚·c·\╫ШщдОп]╢wРв░\─n2k═О·=	Ъ\юе-Э╣HЯ\╓\╪Х\╔?╞╖\ё\ё\єv\╠s\ф\с\хV╓пsr\╟\╘@v$√╫╖\╔$xк-╢iAlfО\╙bЦ&?+ \0\юеeТtЩд1╢\ш·╛ЭВ\╬4g\█└└\nW\╧NNRl\ў`йQk|`А\╬I\у\ч\тж\╫MМ\р<лOО\╬dП<╢╙╖#\ц╜_\щ°У╣H\є╝\ьо+К>np_\╧▐╜c\╩\ь·ПБmдM!МС░\╦\юO>\▀j\ё<∙\'3\┘\ЁУP\┘\╪2м\Ў~Ц>З┴\╚\ъ?~Eq:Ц=zgb╡/·\"\ЇИнf,E_╩╜\═L┌Ж▐ППOs╖ЖGVXЭ\╠Rc№дг}pH·\n·<qиI\\\█,°ВCЬP\р+c№г\'\їй\╟▒хЦС\┌xEU\Ї\Ў╕\nл\чФ:Т9■9п7\╠ \0#Gб\т■	ЭTl\Z5Хwu#\щ\\Uл;\▌Ч,\ыР7*\є\э[еtМ·G\уwY\"ОE\╦╣\т╗\Ё:guh\╬\╒di╝%4mЯTЙ#й\щUЛ№╢gЧ№Ts>ШA\т╪ПNOO\у┌╖\Є\с\╦#Ы─ЧЗ\╓/QШ	P╖j\Ё╓Щ\э\ЎЗ\╪EЛ`\╬A║\n}б{н┘н¤Г\╞@faЪХ.2Ln<гG&\┌}╟Р╖\╩┴.м\ЁУЮ=\ё]▒ЪЧ\╒\Їr85\Ў]ЭuХ\Ї\Z╢Ьв\"_╙╡▓1\╧~╡Фг\ё╜F\\\╤\╬\█\═6ЕйMk&9-■u╗К\╦]Шж\ё╩╜мlнА╕К\є$\юGj1\ї$Ъ\▐o\┼\█.q∙Рwо\╟4\с┼Ь№Z|Рvz\▄S\╞╢\╔O∙qО2+Ч&6ЦНг5\ьv▒eлж\═i62\ы╡u\╬;UbЬ▒\╩\┼8)к>Wз~;┴Ю#\╙\ч\Ё\ю\╪l\Ї┴?╬╜LКV+]г\═\╟\╧\╞\╔Oж}^═г╛ДMВз\╘1\╔\┼xr\╞\эй\─giPf2A$\э\єY\╙\ьп°VХ$Lm}\╩s]x\┌fR=j\╟\╚_^╙П╣м▓\ъl╕\ЇZ*\╞\█UШ\чМ\╥[A╗<Т╗\у<М\╒tА╢кv\р\╥[\╙ Ц\┌└\═@ \0С\ЎэВй\╦№\ыljЪFs¤Ъ@n\\\т╗Tl\фnВ(╝Ц\ш:s[\┼/fMЩЪЕ╖\т-\╪D\╩╒║F|┐f╞У│д╜╡\╘j\Є(\┌\╦\╟Q\є\э[┬МfЭЯ)█й°#\┼\╦\"F\╞a\╨\Ё\╔\э\їо╝rн3Цp>еiw\ъeД║Z>i?Ы√WLU│-╞╗h\╓+[И\╪y.б▒█О╜4\ъT*┤s\▐$╗\є╡V╖Г\є+\ЁAи\╩\ьx╬п@А┴\╟\цS\Ї\эYc\\V\╦\╚ягдX╟ЦH9^∙\ч┤%Б\"МгиmЧ╝\ЎHЛt\Ў\цЭ∙oН\ї\╔o.MгDММ\ю!┐▐УuбФt8^M\n\ёymЗw\╘{\╫<╒ЪE\ш╧ШPsГ┤|G╞Бв\тБ&=╜!{fЫ(Х=sHcБ\є\╠\ъs╡╛╜┐\ч\┼\01\r 2к\Ў\'!о├Ь~\ї▒\╙4\╨\┌3\чТG}\Є6Y╣щКВ%ш╣жmv∙*\╟У\шийиК\щб╧ж4┐№\це√K`.Ы=n\╙2c\┘Za╢VN\ъq@ЮН° \0o	\nspБЫ\ш8■=jV\┘rTКFK{\nвbЛ\ЎxПw![\Ё√\╔\яТr?Ж()}ЪVh\╩\ьbwdМЖ\яЬ~┤ hжД9\уСLУ█ВВO\0uвм┴\фЕ/u)<f4 \0;√q\єZBj°├│uКЧ)Л\╙m_UЦDЖ4US\ш\╧\х■\Z3eX\╓\╦├Н\фz;-\├6\┌%┐Ю\ф4\э╠▓▒ \0ЬWХЯ╚Юg№Ц─╡\┘\├xУS:▐╝!КU\Є╢#\╟╓╜/├К\┌\┘\чy>\\ЬWC╡гЕ?	zнбv\'oSМZ1╢■\╠2$ТК:┐\0\┌,\чv^rБ}Ж?▐╕№\╔▄и\ъ\ёcQ│мD─╗Л\ЁOZ\рЗ\фwI\ш∙╛╗u3j║У$├ВГаCq^╖Паy^DЫУ1*Y^LЬ3и\▐\0щСЮ>+з\┘╬┤НO\r\█\╔}mз╞иH[Щ7╨А¤MsyТ\уo\тоRG\╙VF\чЬ*.8?╩╝\'+g░╡г\╤8┴+\╟\\tв?└4|Ч\╞s	u\╔x\юWМ▒\щ\Ё1_A\р╞▒/Ш\я!ЗiЫ2\╚\╔\Ў\ы]sХ#Ц*\┘\Ў╜gжFАЯ╔Я_╛+\ц\єM╣╢\╧RВ4bVb\ы└WB=#╕\ф*Шн5№\'\я∙+\╔\ZI\т>╟еg\Z\э\"\▀G\╚#╖~ ╗╢\ф+>№gp<■╡\ЇШ\▀\Ў\╙>6▓3S\─0й▓0█к╗\╞\ь\ї\╟L\╒FI\▀#к\Ё|I\с\╦vt\╘\╟└9■ж╝П/№нЮ┐Л■:6&║[xСJ■з8ц╣Ь[JОЛв■\╟y╖!BNkx■Fm\ш\─╓мcЪ\═\╚ЩРР@\щ\╔■5jU$&н3Ь№7\тtП$\р&\╓RX\Ї\ЇЪшЛйY\═8¤,╠╢л°ДYЪEX└\ьЛ\╘¤ \0нz\rrTy\щ\ёv}V\╩\ї.м\"1М\с1╚п&7\╓9йF╤еhд─К\├\╥A\'╣\═b·гoe▒pPМ.:\╥J╪оОbk─╢\╫\Z\├\╩8Р\цF8\╟\╞u4╕\┌0\ф∙\╙<\0\╤5Ь-f<Ь~Zj\ч\фZЛоZойjЛ1\ЄQЗo╜e┴╢\╟8\єZ3┤-vKGУK\╘X$\ё.OP1П\ыSЧ\r╛q\шЬY\\~Т:rТ9\╪w8oz\хЧ%gLh╦║\╤\╥{ХЮ\▐MТ\ЇяЮ┤\ёdm\╙&p]а\э╡@\'\\оvТ:А+LЙ=\─PУNШ:■Ч┐е\р\"ЛИ\╬T\ў?╝o!\┬V░й╞Оc@\╫\ч░G░pбЧ*К▌НzGЛ┐СШ3\╩F}[ИТRFYA└п\ZQ√3╥М┤*\ш9\0\ўн#hЦ\ьгдqА\┘\▄А1\єUЧr▒FTи╢\р\ф\0\'амйоЛ╗Cг\"2H9╟╕ж\╙\╦	!Рq\Ў\╥~\─\ш\"7Т0A\╧jК╢>ГЕ\n\э\╔ gЦ\ыLjМ\ц\═Q\"И\╒{С└о°\╔Umn\╔╪в6,>s[E╚мЦкc\"Юy┴н\тнl═┐F>й0\╥_\ёa\сoK(;╗\щW■\╦fFлбЭ~\╩V╜¤▄ЕDк0A·\╫T6s╩ЦМпН(Kг_9&<┤AП8\╧oq▐║▒I╜3Ы$}О\ёZБyз╣]\╦#Ш°\ў\╟■5мТ╘Мг·8h,Ъ√\\fUD№\ч\упЁмз│LjЩ\ЇO%в░Йб└d╛┤qN(√2\Ї3\юМ:.PМ\ёM/@\╟\╞[%└\у∙\╨7Иu▒ijc╒МПз┐╥й\щПЫj*\╧v╖9СUЗrдОЯ\"╣\ю\═(\ю╝5б╡ЮХ▓\\∙Ул=к°\шwгН\╘ 1^I·I╕dйХevЙв\n\\cp╚д \┬\т/╜ %W4\╔/¤\╓╖A(в\╩C\эU|\╞F\с_\╥O▒\ьZCzI`КCа\у$L╕\ўж$Н╕░\╟;Н4S3\чm\╠>\0Mь┐д·\х=fУe\тY\юa(\у\╘	1┐\ЇеD╖`\┘\ф\\и\╬2\nЯ╕\"Б.\┬XM\х№j╝	░\─√\ч∙\╘·[45YЕ\╦6╠ДНTа\Ў\╟\Ўв%Oh\╚M\─l^YО\0кнНЖ\щo¤Т\"╪Ед4Eе\─m\'С2\с\э\'Оb~ \0└Ъ\─\╦F]\єЗ\ї}iX4ii\┌|Q\┌╔к\ъ 8\рн╟ШGO╖\єиsm\ЁПgNI/Т}╬змMм\▐\╔q&D`\т$ \0J\╫~<k\ZгЩ^IY\█°cN6:$S\╦\щyd\▐zt\э^GХЧЮFС\ъ°╕°\у▀▓▀М╡е\╙4fИ03▄о\╒^\р{№R\ё09\╬\▀H<Ь\╩\╫g\с#{н\╪JF╗Щ║\є^ЗЧ>п\┘┴\тCЬ\я\Ї:\цgЧU╛\0УЙ0I\Ў\╧√S╞┐╢Г#√│\ш~╖·X$╕А\уw$r+\╩\╠∙MЮЦPF╝rЯ\─,N╣$\ЁO5Д#╜Ы\╔\ш∙\ўИa№&зs+Х<\эQ\ь┴?\─╫нЕ\▄h\Є│\щ\┘\╠	еЕBЕ\╚128=\╨WW\Єr\┘\▀x7NAжмЫ░Г╣99l\ф\с^GЯ;ugй\сBХЭ[&\╔TylW▄Эаеy┐\э\╤▐║\ьq\╪c>[Юdн\Ё\╔>3\т`╜8\r┐╒ББ\╨√W\╨xП√H\ё<п\Є2╜К,(мU\▄\эЬ\ї\┼iХ\╘YЦ5\ЎH√VЭP\┌[гЦf@\т: \0j∙\ц\уv\╧q\'╞Л▀╝V\▐∙Rs\эПjХ-▌Ф\уа&╖\╪$Н 8╛┤Ь)┤8\╩╒Я-\ё\rГiЪ\ё╗И\сKdЬvпk┼Я,|Y\ф∙Xкw√(\\▐Ы2.\я\╓^╠╜√К\ъP9Х#\ш\▐НSHМD\цKi@Т#ЭзВ\ф+\╞\Є\╒Mжz\▐6\тЪ\─\╥-мv√,д\э\ь╣\╔<tг╟ВnЗХ╥│[I╗ЦfP}$ЯО;U8╕╖bМ╣$E╩╖ТС\у;Ф\ї·Ъ\╧\╥5Ul\┼[-eП`\n\я╖\'\╪\ф\ч[\┬{1Ь4|\┌■\┘gВI!\╦%▓\эАuo╓╜hty2[;	║Mв─дЭ\╪┴\чУ^oЦкL\Ї╝G\ї;;u|а№▒Е└\у┴┼╛О\╟%\╦_\щ9!Gz═Нl\╩\╓\ь\"}:{Ш\╙u\╓\╨┴▒\╧5о╜Щ\ф*\┌\╔kкiС\┼*·А*=\Є3К\┌M┴\ш\╬5$U\╙[9 \06\╙,#\╙\╧ADЯ\╓\╟NК>#╤Н№mw\─ш┐ЩO\\Ua\╩\т\щ\ЇFl\\Хо\╬D\ё╢\ы\ф]Ц\▄=95╤Ы\╟RVМ1gqu#╛Ж\х║\╩O\ц^\▀O\ўп5\у\рwй\Є(^A\r°1\╦\╚dpNGcY№ОEqR[3\r\═\цХ<~`\▀clги·■ХQQЯ█жM╕k╤Эн\┘*\ъ·┼╛\Z\▄ d\щЪ\ї<|╖ПГ\эy▒\╘∙гsB\╘\'╢vI\хWE\╧╫К\у═Н9Z:▒NХ3вiЦRWУX\ё4OE)-Ъi\'╠ЕGЪH\Їн╣hЦМ╗НGR\╥e\─╤ЩХ┐)\n}#\цЬ!│<ТФMmz\═\э\┌gР(^У\╨\ЎлЧН+\╥%gO▒\╓:┼МК\ф]&p\\\ЎMe<^ЛОh┐eЕ\╓\ь$(\╠x=\с\═c\Ёd¤\Z,░¤Чb\╘m%Р\"\\\╞\ч╢\╓qДг\шЧ8╡жh]\═\сTл&IГ¤kй╞Т9\т\эЦ\ч)$\╚\╚\╟еt\╞*О~T\╚_%#X\ЁX\09j\┘%D6\╩\ўv\╨\▐Z╝=$d\я┌ЪбlпdK`ОIС=-]8\╠2-\ш\ф№Oб\▄.б│l\ф<$■ЯаоиiЬ\Єz+k│Z\▐\█\┘0Р╝o&UЧ▒\┼o(\┌╤Ф]1Z~Ы\r▒С╙Э\рРH\╞M`\▀L\┘%\'h\▄BLY\х\у>\їi¤L\▀e+R\щ}4,\╟\╩a╜G▒д╗\ш│z╢v\╧/\╞\ф\ўIg═╡Н^=V\фД▐╝\Ї\'*O╕=ПoЪ\╬r╜С\╒°\├\╞\т·╦ФС@В=╗║*`Лn┤v\╥└╛|(гАнW{\ш∙О║?	и╔╣J	a└оLл\ьTz0\╔\▐wТ}\ы  \─\ns┴5#}З■\т¤iТРx\▄\ь\▐цВЗ\"\╥\Z.sH▒│0<zФ?НLШF\чR:ГLi\э\ьe╣.\╩\╒\'$\╙\ZlЩОyи\"}Ъ*╜ЩМY\╞\у\Є{~Я╬г┘дtи\Ў╘▓▒`\▄\╬\┘=¤\┼	Лб~Za║Й▓ЖEW\шs@╗\┘gJМ%г╢\▄\╚\╠`П\шy?\█\яR√.+D\\\─\"╕ ╢\р∙L№t\═RE;hJ\▐B\╠\┌█Ы?№y■ХdP\╦)1mx\═╒б\ч\ъXT	2вW=3\═\0t·u╡╜\ф\Ў\ц\у╫З\╪\ъ?\╬@\Ї\ч█Б\╧╥░\╦\'g^)╩ЩП√F╘е{\ы}56д1(bл\ю}■Х\╙\р\╟\ъ\ц\├╬Э5╤З\с\▌9╡MJ;`\╨w9\ЎQZ∙9V86a\уb\ч:>▒qn?\├\┘\"C╡T`v\т╝>S=╫дp\▐/╖╢\э{╝\эЗlc\╪df╜М\с.?│\╦\Є#\╩<┐B╝n_▄╛\экЮ\▄°м|\ўn(┐4Ы(\╪\├°\┘\юзj╝М\╪<П┐Z\щ\х\┬)W9ЯO\╙ ╢\ёА└И\Ё=│К\Єd∙7Gй\┼f \0╖ t\'еBnЛg√CРИХ.\х\r╟╣\╔■\╒\ыxк╒Ю_ТщШУ\╟°ЛИЮ$\╧\╔P╜╖жЮkV\ъ\╠\"Ы\ш·оЗf╢ZpИ2) \0√u\я^\\Ье#\┌\╟1H╤Х\┬2═╝pB\р~ж▓н\╤vWСc┴\\[ТsУЪ%┤4\█>{\тk\0u\╚%ОСО\ч9\═z╛D\с\─\є╝\╠nFЗ\т~ ╢П\Єr3\╟╥║|ЩV6\╬_^D}ФFк\рВгММ\т╝╢{i\ш+ЩC\╠╔╡\╦xуилЮ\▌\n\ZGЭF\╘\┌	\╞H\ю?┌й\┼hK▌ЬпН\эЪC\╠2|оШ∙оп|rQ\╧\ф├Ц;>k03\╪	{▓?Q┴■U\ьг╔г\щ▀│\╟\сЯ\├v1ld`\р∙\═y^\Є8ЮЯЛи&jxО8\╫LwУv}8P1╗\ыY`|fН2оP1<!~·YИ\'╖┌║|И6м\╟╟Чгв\╒6м	`wG╓╣kъОШ\Ў\╞[D&RА(`hК╢\ш∙Ц│д6ЯcйвH\0\▐P\у\█vе{8Я(жyYbв╪┐\╠\ц\хaRp\═\╘\╓>\\ЕЪxТйQ\ї\'GI\рНA)ВX \0иБ№л\╚\х\┼R=><╢\╟∙`of,\▌\╞k\Z\э│Kq\Є\ф8B:j╕$╦гЙ\╫b╕╨п\Z\Ўo)\╧+┤\ф\щ\┼wbмС\т√92\'\╔at\╒\╦\ъ╛:n\уЪ\╦,\\iОJ[4\ь\фwU2n█К\┬]\Zг#[\ЁФ2м\ЁиО\\В\╪\Ўн№|\ЄП╒Ш\ч┬е┤sно\▄Y\ъMo20╖Мyj\▐°\ъkз&(\фVОheФ3д╢║К\Є5№<й\Ї·\n\Є│bФ]3\╤╟Т-ХdК\"JВм╕\╞3\╧5\n<UЧvW░╡К\щe░u\█■┤^А?\┼mЛ+RFrВh─╣║Ю\┬_.\тGТV_К\Ї\ё\┬9гП$\▐7L\▌\╤uAq┬РW#╜c<|]3Hd\ф┤o┘Б<ЖF\э+\с\\∙ttE\┘zxгЦ\┌HJ`У╘КИJ║	+\ь\ц/|%n\Ўr\█D\э\Z\╚3С\╙9\╚\┼vC╔Т\ьчЧП╤Яm\р)неv\╦#NЩ\╚\ч5k═╛╤Я■J\┌gи°+^В\рG4бО2З┐╡tC\╬\─\╓\Їa?*z][▒╡h`Жa░\х\хFхП░°ж╝М2b°2е\╤╒д║дvVAдtБ0w╥Т\р\┘/Ъ9\▀jЪ║f╢╝╣TF(J▒\чЬ\ч°\╓\ЁQ1Ч0-5_■7▓Ю·Yr2F[К|вШ╥ЫGMa\тЯ\щР╘н\Z\ц}бЪ<\ў\▀Ж╣#oH\ё}│\ы▓C:5│Jл╜\Ё▒\╪\╒\уZ&m│м\╘\Ў]YIПP(H┐\╒Ъ]Я8Dd╢6\╥)	w !{c°\╫M\ш\╦┘в\╠%\╙\фG\╧\х5╧ЦЬh\╫ж_I╩ГЮF┌вDO ╖╜\уi■\╥]П\╤\┼xУ_{╦ДВ\▀1\ъ:\Є:Q9VС1C|7\сй\сg╗!Ы9ОГ\ъk$╜Ц}RPmнZ\шli$\\(]д\'°\╥\Z\ш\т╝ga\т╝\р\э\ъ#и▓╠╜КzЪ\х4,?6ЙПzA\ш\Є\r1!\╩8д1\щ╥Р!С \0\▄Q\яR╩░\ц^?\╩\ф_\яDX0!\'xи\їЪEЫ\╚\\Ю\"╝v\═%\├NW1G\ъl}xиe8▄мЦ\є\╪<Рw7■] \0╡ ║w!Ъf(HSJИУ▒6\Є┤r!\╚\╚√\ёC\шQttq█ШnжT\\мJ\┼{dГЬ■з°T4f▄РR6\▄6МЯz┤f√=;i9\╔0\сq\╨gГ¤jР>К▒Y\▌tU \0jMPИ9jЪй\Ё\╨O\ёИ\╚vJП\╞8\▄0√VjйЭ\▐7g\т\╨\у┼╖\┬C╩╛9\э]\▐.▒#Я\╩ \0+;i~FЮ┌Г\цLpЩ8\ЇК\є|№╝е\┼z;№|c\╔√:]jщм┤kЙOаХ*Аu$\ё\\Ю4\\▓#п4Ф`\┘\╩^[е╟Ж\цr╦Х\╞Ap8?еz╗YQ\чwЙО\ЁEо\╧▌╗dл1\╬\╙\╨b╣|╢\▐D\═№EX\┘WC│Ио\т\n&№╣\'·\n\█$Э\уК\ф}\╩/6\х\"S│▓Я╖\ч%rг╣╛1▒/\х,\ъ\ф\эЭ\▀ZШпe>О\╟p┤\┌\┬№й\у\Ї\эx┐Б\фy?Щ\я	\█\Ў╢Р)?ЗVG#╢+№$?еg\цI\╞:/\─W#\щ1Ч\n┴2вw\щ^*\х║=fТE╡\╤\"8;G@xPnLЧIДlSfGNЭi\ф^З\─\╓iЬ_\є╛r01К\▀─╕\═#\"Ь\┬x%qпB]\Ё╕\╬\╤\╔n:|Wн\ф%\├gЩ\у\▀=cnW!П\ы─Ъ\\П^7\─o7ХF\щ\╙\╨\Ў4лLj\Є\фX]\╪8a\╙■\nv\┌zл(k┐М░Ъ6$G░Н\─v°\эJ\r\╞V6УЛG\╔═вGa*(oDдП\ЄСЯ\ц\ы^\ьej\╧QIЭ┐\ь\Ї▒\╥{Еrs╨К\є<╡¤╙╗\╞ \0\╘jЛ}h╤СЦ*p88\ыО\їД4m-Eг\ч·\"5╢\ш▌╜@Р;Г^м\╒\─\єг>\шe\╘\▌cНe2\╧9оG\╤\╤Тr6\Ї\ЄD{╣U8\'ЪцЦдt╒гЯ\ёЖЦ\'│╣№:\ЄI╣╛xпS╞Э-Ь9\сg`М╚С╕w\▐:s\ї\я\єZ\ф\\в\╠q╛>пo(Ф[╚╕LdК\Є\"УTzН\шq;b$С\╧\Є\ЎЫЕдLXV/А\щ\╟5ьз╡E=J\╞V\╩kYЙ¤\ч∙║Ь\їн!>/D\╩6йЯ9О\Є_k0Dа┤0TО╝Ъ\ЇеЦpsxеGsm{\сv\єpФ\у5\чN\rh\э\╟5$j\ф=▒@■■\╒1U▓Ю╠л\═\n\╓·\▌\╙\╦E$\фЬ{SОGhЩAIS8\═O\├·ОГ\'Эb\ь╤▓$\Ў \0Я╥║VHe╘ОwОP\▄\r=/]№E║-\─eYX)V\ю*2`╕h\╙m\╙7-\эcЯt\ЁzZ6\ї\ц88╗¤кIб\щ\Ёj║1ВE├л░\rОG5▌Г,б┤s\х╞дйЬ	K\эR\Є╜B=\▀j\їУЖX\┘\ц╡<Rдt0xймЩ\'Эг|pB{ \0\n\├/Й\═R:1∙<v╬ЯO╫н5Гмк>ж╕	\├M+4g┤h\╠\╩\Ў\уi\ф\єУ┌ж╜~╞╜└\ЄVPВ}■j\\JN\╦1(Ш,ЫpШ\╬{Ъ╬╢Wг\╧>[ЭЛБ\╧>\Ї\╒2v`jГ\╩\╥ ╖E\▄\╥\╚2\█sМЪ\ь\─\їl\ч╚ЫtjCе\█cН\эгx└ХйнV\Ў\╠▐┤Н5В`ccs\╟е\\Z]\эЙg\╠JИ▓G&8>\╟\т╡Siу╢ЩSQ\ЁцЧлn2BР\▌\ь\┬2М+hL\╩Qb46\ц(ZsцШЫ\╦d\'Р9\╦}°о╕\х¤Ь\╙─пFnй\с\щс║ТEПv\Ў,б{{¤леeM|{1\хGВ\╔DК@$\у\щY\╔\┌.*Ш\ш_Ь1%A\ц┤Fg=\тMY|│MЙBЦ\ы\═FVT\яi\ц]│▄оenНО@\Ўм\╥\▐\щ\ЁЗQ\╨\╒\┘J\'C└T9\ра\тФIhQ╛g&\"8·Кc]\ўМm№√(▄╕Ч9\═,С╕Й:t|\їн\╩F]П└\┼q3Z \0\їЗ┴йaM\Z>*@rЬh╪РQРf\\Ьr(c/ч╕МАC~Я■\ъ\╪╣№BS░]М+Ч\'\▄\╤cb\рi\рО+@0╥▓\╚\▀ ~_\ъi╜ь╡б│7\сXFyf>гY\╟n╔СЮS[БфЮВ┤dP6VeXN\├\╒\ZЦ┴\ю╟Е╓е\ЇTc\ь\ш|Ва37$лs■e\╟?─ЪIY│fS\█*Н\ё\├gж)\ЇKEhХd┤╕$\ю}\ъа\уа$Ь\n┤H	KР\фФ\э\ЄMN Y\┘\╚╟Х  \0:ТbНm;╠╖║\╙ILfVV>└\╓Х\╟GWО°\═:НБ\╫<M\╞v-\фе]░p\nЬ\ў?z\щY><?\╔.&S\щio\rХ┤0┬гjНК\щП|WГТv\э\Ў{0Н*^МOdi░v\┌╥МчОВ╗|y?°r∙П√f,^c\ш7Ib╚а(¤+║nжrCp:\ng\с\╚m╩Э\┼?╖5\ч\х|\Є6va\\ С╧жxcЙО\рЬgи\n\эk\щ┴\═\ў;╗6Щ5tEf\╦\ф╛zWЭ\ЎGt┐Q╛\╘#╡╛eЦН─и=+h\сR\┌g4№З4p■,iзЭеСЖ\ў\╞UOA┌╜<+МO?#m\┘\╘°L№.Гw0f\▀<Г\щЕ\у\їо/2\\┤О\▀<vu3И\╠d┐(Aоvж└\╙\э\╓;u\0\ъZ\╥\ыd\╩[a2з\э╓О6\╞\фrЮ9╝-ЭТМЩЦ#\╪К\ь\ёq¤м\ф\Єf\╘+\Ўq■╡	кB█Щ	aХ-М№]ЩХ\─\у┴йaОDhI\╧└п\ZL\їR▒7N?NTwкI5C\щ\╪\█i\╪(└\╚\ъy\тв:t9]ЭLrydg*I\'ЬbИ\├\э@\хл>uп█Иu95;7и9■YпW╟Ч\╨\р\═▒\╤xIV\▀Nh\╞p_p└\р╜sy\n\хf\╪?кЕK\╩\╪R\ч$Ю╝W<5УF\╥MЯ8пиs╕NTи\я\═zлq<\цкGEлм2┴\─г╓╕\Єi\╥:\ё%\ь╨▒Ш=▓ж@qМУ\є\ё\\О-╜	е\╪¤^?>	g\╓1Р:q]*T\ЇaVПОj■eм\э\nг)░;Wее\╧╚Ьf\╤\Ї┐\▐>бд\█\\`В╛Ьm└\рs^W\╞\у&zQЧ(ЫЮ_зw\'П╥│Ч\ь╕■Г\n√c<Т+.-\Їik\╪P╞и√Ыz\Z\"й\█vй\ЇЪ%╛нM$c\╠\▐\█_█Я \0u╨з(ЩNЧg\╧\х\╘.┤┐I\Z│*┴■┬╗Ц8\фБ\┬\ц\ё\╠·Чк\├}аСwcР{\Z\є\ЄbФtwC\"С┤СЖР(У\0/\╪№\╓&\╤eЙ-\уЫ*ВБqВ8зV+¤7ЪЫлLСФ\0n,;Ъ\╙\х_┴К\Ї╧▒│║░wW}\╚\╟!Gj\╬M9\╥&\╓C╢\ЁFee\╧\═7\Z)3I┤\╦\ї	q\n╣\╟EФа\Ї\┬IIl\цп|\r\█\▄A╗Q$┬Мs└\╧\їо\╪∙RК9з\уFF5╧Е╡0ИЧ tZ\┘y0Ч\фs┐\ZQ№AMWY\╙6%\╓\є]\─\═/П\╒─оyb■\╟M╖┤tРl;╢Р\├\у9оia╛НуТН]/]│╝БbIФ╩А)о\\Ше│xdМ║-OrВfyPicДЮЗ)е▓м\ўp│&U\Є\т\ч9\я[8╛МФЦ\┘~\▐\їJР][ Ъ╕JХ2e\╪Kxd8\r\╟\Ё4╣ЕЮ\їв\є_\ўl2аН¤Tr]в^5\╪]\╥жF╕·Oп\цklЧЙteOк^одЧЦ╤м\\a\╫v|┴єОХж<\ф\╦и\╓mbk\╒HЕ·┼УВbИ:Ъ╖\хJ.М╫НмЫ╕\эf\╙&7b╕РлЮ~?Хh╝╗[\' \0>\╞═еi\єD\щ\ё\╞1■_\я]0\Є\т\╠%\у\╦\Їp:ПВ\чК\ё\х▐УlЦ\╧\Є*У#\тi!╥о\ь\╞\0=MnдЯF.╪ЕД(\Є\─\Є{bФКОНD╕\▐<eqЯ|PЭ	\╞\╩·ОзАid`к!\'ЪV?G═о\ї}KZ╫М\─@E9\╘\╤\═\╔QwcuYгМBд7\"╣e╗5)∙$[░\рО\їgА>h$b┐Й▒Б·\╥@ШJ▀╝1√,\ю \0\╫\╟\є·O\▄bд▓\ёJпzEG▒▒\ч\яI\rЪ\яw6N3Г\яN\яF╡Oev-r\▐a>жl}=и\ш\╩J\┘hZ:\"ДУ·\nж┤>&ДЫлИа\nЗ\╘└w \0aPiC\їKБ°\╦uRvЕ]а|qУ·SЙ/Ek\ї`╕\╔└В┐#¤йАЫ4ichВ\сLЫ╕}9╓ЪХ	╗РA$yДVЗ.КvnCЦ\▄\╪▐УFh╖\╦\▄6\цf\є$s┴\т│kfРСf\╚\▄$╢ЯФ╕++ЖNGlПи\╧\щK+╕3г\фw\╬2З{+\╙=\╨WО \0У\╙_┴\╠x▓\╙\ё\Ў\э╣Ф,Ш\0t$\╫gД\ъg7ЦоnН\0Xc┤▌┐1\─йЙ?\╦╫Ы│Я\nиЪ\ЁI▓иИ!c\╚a\\\ю│u#Ъ╡НЫ\┼ЬЕ\█\ы]\┬\╬|\хG\╨4┴0\╘╧й|Ф#С\я\їп2Тг╛ЙG^╡ЖVХ\ЄЙТ\ruct\ш\ч\╔(\█8[\╤,\╫┌Б\╦,d\р╥╜\щ{[>Ч\слcoг\┌D\─\хO<Юk\═\╩\юGгНTK\╫#Д-\╚\0\╓qН\Ў[ХtD,s└\ЎгTДЭ▒Ме\▄cВA50CУ>yте║ЫW \0\╪=\ы\╨└╥Й├Ыl\╦╙нЫs3В\─\фdwн\'╡г8*g╥мf2X\╞\ч▀ОЯJ\ЄdХЮЬlF%V,H░N\╪\╪V\ёC\Z У▀Ю*ZI\╪\э╜n~оc\╞=\╞=лв1\Ўf\┘\═°Дs\╞\╠\э ╡u\рк9\ЄпfПЗOЧh└\Ў\Ў\ўй╬╖ea~Н°\ф,W,BХ+Ъ0╢ЩлХобf\╨I%\ч\тB\█2ГБ]\╤|UТI╗\ё\╔ibQ)\╞7c\єVYЫbf¤ИО8QAШАEc\n4Х▓\╒\█+ЕPsМ\ч█нD\эI3\ч>)▓У╠Е\├nлП╥╜/\ыGx█│б\Ё\єIХ╜╝││┐│HЖu\┼YпО\Їt\ы*m\rФ\╞zw■╡└\їгнg╛№;мд(\├дЪ\┌У9r∙z&2█ЩХ6\rЩ┴\р\╓N?j:q\╬\тЯ\ь\їД~NЬеЖ╜X╟╜7\ь;g1\т \0ЛЖ7\╨ \є\0$п┐╣нpf\с*}\х─жп\┘└\щ╫Ч\╫G$Г\э^ФвеЖ2qg\╥№=п\╟zв9И,?\╦\▄\Ўп36./нЖ,ЬС╨▒	\╚\█╩Г¤лЭ\─\┘2n	m5ВТа\хWГ¤БeT╢.└dtФl9QГe_E)\█\╓F#=ле╟ЙЭ\╪\ш\хЦ\┌QЬ\э\╚=лЮM3DЛ1HВ\ю\цL\ч\ўн\╧ \0Uв┤7·,█С#3░\╚\Ўмж\╩H\\╢\Ў\ў7\'═Е\╬G\\SMб╡г6\єG╡y]$RVP3О0zV°\Є╡	cMФm|b╕\єж\'Еljy\╚(\'D^h\ЎЪUиkgvТC┤\юrsЪ\╙]\ь\ч\Є▒7\ZЙ0\ш\ё;(Ш\n\ї\Ў5м\чн°гТ╕Ч!В!p╗H<`\Їо5\ЎХЮК\\aVHС─У?H\у8\0gЪRT\Ї\\XУ<s╢\╓\┌*b\шlЕС┐\├\╬G\х\Ї\х║\я\єZп\фК╪┤УxU!WОа!J6д9-д\┌vб-└y^\╒\╬YP`п\╨\╫Eйi\Ўa\┼\╟eП>┼аylY}ЬЮ3\╔\ф\╓<\Z}\Z)v║ЯЬзl~J\╟lК\╔IЧ\╟VбиDРб▌Ч\єt\╧OЪ\╓2d8е┘дЪ¤Ф░Тv╕\rХ\╔·WL|ЙD\чЦ▒\щwЬ\юМdЪ\╤y\╒\┘/\─¤\фY╡╝k▓\0ХH\"╖ПЧ│x\ЄOгХ\ё.БмL╢\╤yЖ5LЭГ \є▐╡yЧг?Й√\с\╔gмIurДyxD\▄1\╚Ь\Z╝O┘Ь\уG]sв&ж\ўк╣h┴L\ёГ\▀·V▓IвОQ\Ё\▌▌Ф\ц\уЬи\'╛1\\▓Г4\ЇsF6W:\╘2*4ИcTpi.┴ТXt\═к\╪\┘┴№A=\Ё¤*F\\Мztp\ї \0|╘ФГ\\ \╪:ЮsI1М\╫%[p-!<3n|O\ь\▀(Zm╕H└p8\їА{\╒\╚QCn&2ES\хDд▒\█<\nM\шul╙▒_\"╪У╠н┴>\▐\цаm7\╧4Dp╕e\щ\╔\├\яZ\'F▒з\╒\яTШЬп▒Re\"\їХ┤b&T`п╣_┐ZТ\╥2\ї╗?\"\00w┤\╪¤\rRbq\╤R;-╗Ог\ьjИHu\╔[+i\╠Pd\\Ь\ў·T╢TP\▌:\я\═\ё%Ди\ъ%hТ7Й∙▐╣┴\╧\╧z.в\═цПб\rжg┴*6\у1\╟\ц\╦┘ЮМgвОпk°ЫtЗnIp3\э]#\╞Fеq9kxZй%_Lj\х@ \0\т8└WCл┘ФzаoТ[дbpI=k<Ии>┴╥гi╝[32МAР;\э \0z2\▀\┼AЛs:\шH╛\╞\ї\ю\╔\0t√\╫ih\ъЪm╓╡,│\\<\r(\\░\'ГУ]°aл8\'СнIb\╙\╩\ш6fKВ\╠└Мu?╙Я╜t╖Q3К╢}\╒\╥\╥\╚Wеzf╝\╩|м\ЇmU	a\ч\яШ \0\ї\╧┤Ul╔╗-FcО\сF\ьqЪЩ2вЙ\▄\є28\┼LYL\т/gi╡ЩH\Є╘Р\╘0k│·ЬЩ;0n\ZE┐ЖF%╜kЕ°\╧J\╓\Їd√>Нвn№\nлСА\╟cМ╫ЩУL\Ї ■жС]к└/=2(╞╢b<\▀&6\▄zvм\р┌дJЪ╗(u╝Оu╗|аО┤8\╩1%eМд\╤K^┤ТKExWqSЮ;Б\╪TсУМм╣д\уDh\╬2ма0\фБ]SХШ\┼Q╣\ц\╔-║СЕО:\╘!Ь╬й\╥\┼ H\ё\nЬ\╩G∙З<z\┘\╙0╜╤Щt \0\сV░Иб!w`9 \0(8дХО╬УLХ$▓Д\я\▄\хА∙\╫жu\ЄN%╣7∙NФС╗\їлФ[BM1[Й\рЫ\╬UaЪ\╫√3\╔L\╔ik3J╛Cm$.k\\лЪ3\╞°│░╙пcЭИ└кОG┌╝\х\nЮ╬╛\\гвЦг3Zc%}{КГН\╟\ыTЫ\э╝jйб\ўrgO\єА6\ЄsП╜(ж\Ў\═4║/·\"▓XГp\0=\ъgб\┬√\эЦ0м2д`\уС\Їм╣G\═<Gжн╛м\╥D╕Миеz~>Oн3Г╚Ж\э\╙Oo█П\єrO\щ]КТ┘ДЛ>Уеj▒\═\0Лyr╜▒К\р\╔О№r┤n@\╩bT u·ц│КWE7ьгй\╠c\єG^q\э\Ївй▐Еh	╛▄ЮA▌Т1\ёFi\юЕв\┼\ф K2Ь`Н\├=╛Х\╠\х\Ўh\▌ta\╪3■:\т \0\▄bO\╫mtK\ёL\═=\╤\╨dEx\ф№\╫4╖гU\ьнoЦСП~┤OCC.вfБ\╠└\фVСUЩ╖\Ў	X\┌ ?\х\╚#\ч4Ю·QG^Г\ё6q║·Ъ\'\r\╟b+x$┘ЖG(\╟ETС\я-жYСwm,╜sNN+HШFR▄И\╥maД╗├СМГ╕\ц▓rХ\ь\┌0I:,Ы\ЁR2┐.O_нL║t8╜ХвMЕT\0\Ї\╧Rjb╩Т\Z\шл \0Б\ъ=\ъ\ЎJ+┴С Г┤p{\╒√\0\юPF\╥LК∙\Ї\у░4\рЫЦ╔ЮС\╟[н╡╞┐\─!г╖С\ЎФРaA°5\╫/┬ОX┐╡Э6зкGео╞МЙJ\уб■\╒╦ЛУгг&Uq\ё\ъ\ў·\┼\█╢e\фиЪ\шXгП■Ь\╦$▓?\р\ыm╡┤*vЦ▄╕\ї\ъмevtEh▓.-ьСдЖ\їnnВ▓pm\ш╛K\╪+MC\ёY0┼┤Ч\╬о\rk\ёM-ЩмСУ\╤uoд╕╕С#Ь+и\n\ф?OеTнEP\╥O▓№П\ч}\▌\Є\ч#\їв>FH√\"Xa/Eи5;x\юc`S\╪rЩ└╗1ywжsO╞егB\╓mSГ\╩3┴+\ф\х7\ї\я]\\╘ОgD\ц.№#e}зJ\Ў	║VСПО╝\nЗ\╔~\╬&\ў├║ЕЭ\├D╓Н┴\╞Tdg\ыX┤\╚\р\╩mc4c\╒Ш \0QR\█▐Тx\█O╖wФ\с?ЦЖ\╟┼Ц$╖s#0R@AP>%╗+vС#lоT \01№\═KtZZ╣#$/иЮз┌Ъм╖~cЭ\├w5м*/m\ь\╪┼╗╛\╪\╔├и\╟\╞(qviдz\▌bV\▄\ч(з%@\ъ}йIe\█kiд20\Їл\Ї&│\ш\╥0r\ш╬Ю\╪%▓	woКV\╞cОMRvМзЙ\┼ьР╛t\╤\┼ ;Ux\┼4JFееЪШВF@¤)A\ъ\ыж[\я\0ШЛGS\═O▓йQМкЛhЫ\╫\я\ъ{VИ╬Д\╦Ж\Ў0Y$b[>\╪\"ж]?РZ^К\╙j\ЎЧ▓]Ы▓╕\ф·П?Ni╡\ЇвЧ\хgm\ъО■Н∙$\╫,\р\▐╬Ш\╦\╨7r,[n0Ek\ъ╚Яtd\▌┌И\сЧ¤;r┤н╣\rtP\Ё\ы*M9└┴\0\╙\╔\╤8√a\┘\┬\╦\т[и\ЎРоЫ┴°и\╔+\╟FРU;:EПmД╕l╛q\╔\я\\К\rЫ\╔·8ЫЛk\╔\ї+d \0\\╣%О3\╧√WгЙ\╥82D\╪╤┤\їK∙Б\сH\╧NA\═9\╦AFЦ▒|\╓\╓b4egc\╞\с╥▒Мm┘╝еE\╚wN░А@RаЬ╥У¤	Э\╘#*p\0дбhоT1\р─Т\nи\┼$╢6\Їswh[X▐Аm\0Жбои-\╥1\х\╙\┼\┼\╩NП┤BK\ф{*┐D\╓╬╖E,╓н!\├zА>\▀<WX\\О\╠nвi4\т6,A\унV<{ек3\фШ\ю\┌[d√¤\ыsЦV╠│9ЗQН\цg\╥9\┼7О─ЯЫO(Ю\"Ш\█\щ\┌2;√W?gW+FnЪЙ\╧I\уПj┌┐d\ZС╢!u\╬К\\Afe¤\╥М\rкH`\ц5ta\┼┘ЛлJot\єБwЙXй√╥о\шvЗ1`H}I┬ЪЩ\╟\╪\у/FгK#iЗУ╕9!┐\ч╥еEQг{+Y4\╥\╞I`8j*Зe\rcMХоfЮ3Тb\╪08\0d╨зNГВj\╩■╕╕KЬK \0mК·sМ\є\ZЬРMX▒JЮ╬ж\х\тЪ\'Ь√ц╣б\ь\▐RGаЫ\╬иm\╪\0\Ўнxк│>[4з\┌$#НеG\╫\э\\\єН│h\╦D\┼ xkc░\ўbkЛ2╡XnоvМЬЬ√WL-K}ЬЬh╢Т╦з\▄▒7н\\\ёА?╜u\╞|вr\╬4\╠\╤z\╓┌л┤R8QАs╙С╧╡[ВТ!Iж}L╛I\рВ>w│!$}rkС┴┼ЭJVм-@y\╙zИ\┌\─\эКЩ^Л\ZIЖ\┌\╓\ш\╔2Е╢X\ёБ\╞+ЛУ*.Т▒ЪРP\ё8Р3\╞y  \0┴X\╦[4М\╫F6ЬА\▌▐╣\э!нr~){4fЫ╦╡ Ь0ФK╚Х\▄	\╦vе%lд\щdХ\┌I	\Z`√Z(▐СЛ|v\╠\█K╘Ъ92C9█УО\ї╗\├\┼м╝║Q╕u╙Эб\╞■\▄TEQm\┘С\ю\╙ШF\т>MG╢2mb░ve\╔$\у\Ї\т\э\╙оВ* \0ЗXВ\Єs╕ \0╧н7PУWb|вX╢@\╟▒Ke╖Hйz╠│C\хЬrTМ\ё╧╜tи\ш\є\чТO%\"\▄(йБ\╒[Г\ё╓ТН\эОTОS^╓┐+[[dЕ\╔r>+л\Z|дse\╦Tz\╧Liм#ЙЬЗ|:А=╣иo\ь╦К·Ц\╓\▄j:tП!o5=ГЯ╜8\╔A\ьRЗ%H─ЗN[=\уs\0 \0ММЯ▒н┌М\╠>\╨-\щ7И\Ї╚МG\ЇмзК╢k╖┘гyn.\ь\ц╡\▄:В╕\ьkЮй\╬7`h╢\ыб\ъ/kp^u`╖о╣¤ЦОH.▄▓X_|бБПZ\ц\╔\─щДСd\ъb	\╘\Z\╩0▓▄Т.│╡ХQ\юУ┐д#RDJZ2|\'$rНBIUp\▌\┼u\╔\ёz9\у┤v║е:t+\ч\"\фr\уЪ\╓9fs\╟{:\ёK╢go-\Ўп<ОЭ\ыбJ,\чqТfE┤vz\╘/sn╢\╦Ю\n\хЙ·\ёS\┼3E\'\єxu&▓!П\ч\╤S\ё!╝ \0┤a\▌°j\0CМ\я№▄О~╘Ю*fе╤С5ЙЛ\╧Xm\▄[кnУ \0\rCВ)г\╧LЖ∙Т!\'Х9 \0!\ткX╫г>\"еН\┌\n\чЬvй(йop°F\├╤Я\сWб9┤\хkЫ\у■Wl\nЩЭoсВк\╞G╣дЩ\шaJ(▓IQ╒г\ф\Ї8и\╟voТ)─аmdК97оX!\╙└\є\▄+а^76\ы\nЮO\\wйв)ИЩдI\"┤I= \╪\э\яEl=wy3<k\╩\▄╡R!Ц\э\чМ╬АС┴┴\\№T\╩\╫EFЩrЧ\рlbл\щ\▄:\╨\хшдЛЖ\щв\фЖoWLgЪЪ╜аZ\ю>]Й\ї\╒J4Й\х░5L░М\0аКЮ4\ь╛Z+X$Vб2└\у$\╨╒С\═D}╛еo°Ц$иo\╩9¤i\чЧe\╟<zE{НMQ═┤nP\▄\╟\▄QS\╦b\ц`ЧKqЬкt°бi╤Ме▒\╓▒b╝}\ыFЗ√\n\х┐щБХ\▄\"Р6lG/ЧАз\\f▓°┘з$IС^`I\╞╖zдй\╪фЩВHKл/Фb\█\╪9$М[Чv\╬\╥*й\ўнви╧╖бk5Ь0Д@p\э╗з\ыC`в\╦\Ў\ў\█ \█\╩\╔\┌9мЪ│T╡░\'╓аlРе~╜\щеA┼НТ\юШ7o╕`Ъ*\╠\хг*\┌Н\ф └V\╬\рyнb╡│\Z6│<A\╒╪╗\Ў$T<i│HMеD\ч╦Эc\╒CЙз-╝╕¤GП╜:╓Й▓м\Ў\┬H\├\'\\УRРYЙи!\╪\фВ[╖╥н*%Л\Ё■!wМТ7\єЖ■uMhИ╜Ы╖R$Z\\ЛТдЯMf┐F\╧\Ў+Lv6╣ М\єЯzO║@Ж^Jпh\╩\╪\▄px5/\ьTЭЦ▒2j]\╪EF8·\у√\Z╕еTf█╜\ZСNе\Ў╣╝>¤hpBSЧ\ь8f#SBaМy\ч&У\┼jР■^;.╔кC*Я▌░ХO╖J\цЮ╜Ч)2мЪЕ└\╦Z2ДnVйPW░∙$·&\rH\═\"│\сd<·{\╒\Ё5М\я│┌╡Ь\ZМн.\ь∙#Е^№t\тп\Z\т╔Ю\╤\╔y1B\╚BH\╫f9\█]6`khWr: \0еР\ё\ё\їиЬm\ZA\╤\╙\█╚╖-\n╖$╢:`VMS3\їGО]JUСA\х\╒г1\0¤\шМ~жri\╔X\я└\▄\▀\ъ∙K\0z╖s\▀°Ъ\╬J┤Д\ё╣KХИД6ЮOШ█Ь▒g\Ў?j\╙ \03Щп\╧\╟L9\їX$@9Vny╧╜°\╥\Ў·Ш\█}F\╪┘╝╗К:\ЇV\я¤\ы9x▓]l╕∙1}М╣║▒╝╙ЩR\ЎXt\▐2\╟\у\цМx\'	[A<▒Тл)[ZИ┤\╪UШТНЬЮ╒│Mл3ЛК#]╣еЕБЖ\Ў8<т│О7{E╝Й!\┌U№WЪJ:IТА#С\╫3\┬\╙bY\╙\╤l])BБIs└\эD`Tз№Ю20┐# кМ╖)\ЁnZ1∙AМе\├H▀ВA▓xr\'\╤╨▓┴о\╩:НдP║\╦n╪╕0\\\ф{¤лж8е·8\ц\те\╔Щ,,\уеp\─\Ё3T▒\╫E<╢О&-5cФ\╔\цЖ\▌),\уж▀╜k\'Q2ЛNGY\цtD\тв,O┐\█∙\╫Ы\шюКнЩЧm-Э▀Ь▐Л{З\n\у>jсЙ┤g\Єl╣и[\┼<[╢лcБ№:T\Є\у*E╡\╩;*Yi\ё[8\ї\╚\─Ю\═tйkg?\ш▓\ц%@Сp\э└kЧК╗:-\Ї*;\Є$╫А5\╩А?\╠*в▌Т\╒Ч║dp\\\╦[\╨FА\r╣н%#=%e4│,ае\ф\╠∙\╔\'c╡7ХгЮ\\зBe\╙\цСB\╔r\хrN\╟\ЄйЛ\┘\╨\╨\ы	#▓Кmок╠д8нк\▐\╠%7ЖCnn\╒F]Кз\0tз\шИ\х╛\╦:Л\щ▓\рЙ1\ь5fЯ\":]?\─\ёZТa;U\т\╚\т°\╚\'%h\╪ \0иn5V╖D@~\Єq∙И\Ў_\я]i\┼\Їs\ёq\ь\▌\╥l\Їл8\╞╚╖92;f>∙4p\ЎK\╚·.\▄Gb\Ё;l\n■\ъqI\┬¤rK\Ўq│°jVЧ\ё\ъ\ш°%Фt`*dНФ╒ЬФк\╧	\╩ОХВCr1пдМHЫq\ъ╙г:│cGgЛ2╢=]\ZеЭ\╥:52▓Бt6О\═CJОИ╖\ш╣uк┴\ZАy\щRТ│k■L\ынJ0кTЧ\╔┴Фд\юЗQJ\┘\щ\ю7A\ц(*\сx╚е╢sMпF|\╨\▄\яХs╜NIжв`\▌\ў2\╠\┼rSв[\╞\╓\▐iDУЧ\▄AзCЛ7R\Є(Ж\╘\уМVn&кD\┼?Щ\ЇЬ\чЪ(MЩ╫С╦│z0Ю\╘J-\ь┤%i-Х\чБ╥ЖЗ*M(╖\▄	\╟\шК╒ЩV╛c9Р0$ТxоЫеF\n/ХЫxМ\┬$`Юk3б\юЩ\тe▌ЭО-O╗{`▒Тп╖qба-[mЙЩ[Р\▌)(О\╦\шп\0tж╓ЖDw\─	\\\Ўиq*├КgХ\'k╪з\Z\╩л\чТ∙9=\┼SVR\╥{2ВШ\0\рbУTВ╔ЮVЖ\╨\с\ф<Q6┘Ы}=\─P0d\у┌ЗB\ф\rБ\╤v│+g$\Z)┘║Т╗░\ЄБSО\▌\шLI_e\╪\▌`Л\Є\ьp1M▓\╥BпK=\─,\╒^\╒+j+\\\"#зfЬlL╡<\╧glе\╘.\╔1о\яV\щJ\ь─А╒Щ\╩|H\╙\цН\ю1└РP\╨\р\╙FОл!\Є\╤\╠q\╨╥К)▒\ё\▄\├\"=МзРxйKeYЫ~\─.\Ё№v\Ї^\шЮ\┼%╨ЙYЩ@\Ї\э\щU\─/CаХ\Z▄╗ \фКtAr\╞7\Є\▌\▄q\╫5к*=\╘a{N\┼.-Щ\ёVB▐ЫD*З\╘¤Н>\╥.АmP\╟6уОШ,hоeШutoV\╓\ы\єGc\ф\┘N\ъ8\n3n╗ЕU:\╦\╘\рc>ЮH\═	Цхг╕AvпqI\┼\rHЙ\▐i╖`)▌╗$\чЪ\\@dW╫Ц4\╤3:\╦└9\Їй°╕.\┬\╔g`\є4▓aye^sZFBh\╬Xc\є\█c▒9\ф8\ыM▒(ЧгЕаО@JАG#¤\"ЬXЪ\╓\╩\╓\т\ё\х3n\╩dgo\Ёкr┤$ЛjBC\╔└<\ч·\╓│W\╤\═\▀\э▓`\ц \ф\n\┘36hi\╓\╙\┌\щТ\─l\╞I\ш(i6$Л{4\╫L\╤\┬LQо2[з=hqCMЪ72\┼\фKr\ь\─p╕\╬jбD│\'J╕Ш]Ц2─▒L{N\уЯsO%$([f─ССv\ўk┤Н╗F4▒┤\╤SM0.╡Cз\┌;ЬСРPjg.,иCТ3Z\Є6ЙW,\у-\щ\╟┘д\чН\ЎпFЕЫ\├\r║С\╚c\╒NI¤jеЗ╢БNp\╙%\рК\Ў\╞Hд,7┴\ыQ┴z/e+Я/MU╕8Т▄Х9=ЗzчЧМ╘ЬНгЫ\ыBн\я\сЭ\ўЗi%\▄B╞кx\ЎиЧ╫▒\┼6kY\╞ │WУ\r\'s\▄V2\▀F\щQ[Тq\█)E┤\┼.Д\\(ОkТ	%░9<\ЇндЫ\ш\╔4МX c#0\╘ \0цйУ}\n1We└Ы\╞\╨░\╧zмpoa9$z=\▄X;)М;u\▄9┌▒:8\ч%axe\сК\╬\ю)QТx\╟)▌Р\▐╪оИ\┼$g│>\Ў\цn\nm╪Ь \ЎкqD\▐\╠°офБд\nWУТ3Ъ\фЮ3xL\╪\╥5╢\ї@\ут▒згk╡░\╫X\╒\┌In\чli\щ\╟\тйeЭ╒Й\┬&\╫¤Exm#Ч\╠+ЦУZм\Є\ш\═\тПe;]jmD░21t\сг▌МYNN√4ДR\╤U▄м,T\хqZ#	$s\╓pЭRi╖╕\nнОM6Л\╟:Им6\ё Чp8тегg\rRZ╖╕ЛM*ЙСО╡I\ш\╤EеG3xвfЦWy;n\ч\╥0rh▒e,Д \0\▄9\rl\╬SЧF╡\┼√вк\ф│\у)аНХX\▌\\\р╗lе4[-\ф#\╒\ъчп╜A\╟l\╞PsБ\╫╨кННwВ{T▒в\т2#\0)дQ3└▓\┬ПК╔ХDb;[r]Г7l╙М[d\Їg^,73йaМП╓╡\тCb░┤lС\щ=)К\┼\\K\шX\ю\╧JHл%Nл╝Т\╙.Fо7p;\ZжTУ\╙\╨\їд┤\ў=r\─qHgмpY╦░\╚\щR┴\r№LС╗\э\\Г\я┌ЕЗ\╔4!е\0Пjб\Є\ЁЛ4АС\щКЩ\0╚н┐и╟ТQП\уKа░/╠╕▌лоpM░KEY\сU\╪BЕa\╪SLMнж\є$ qБTЦ┴$\ёP_?н6┤.Y╖0!-\ю+2СL\▌:\╠I\ч╖=к\тg)S.─Й-ж[$Юi┤5\╤TZ!Ч;p~hHЙ╤Ъ`Z▒m№UбEбЧ│\яЩBВpG5j:EдЭЬ└╚м\┌-2╝\┬Yv`/ZT;|O╣	#J\я{*\├lQ▀еR ▓u╗{\ZC`9в+`╩М\ю╠е\╔SяК║ qП\═ЩЙ#еK%╧Й#a№\▌GR%eL╜nbL\ч\0w5f╤С▓#\╓\ц\╘√\Z|ZE▌Цм\╘\┼;Х=▒\эJАл,ОТЖQ└кP\╠DЩ\▀┴<пZЪ)1\ўd╟│hЬВ4q+ЭW\╠$oУBНСNYfЮ\щPн\ёNВ\═k┼╣kd1Аd\n▐Т\0гН\рАНЮ\рАJпO╡K▓\╤╢\╫\Є+oАУЯPn\╒▒╦г5\сi/\┬\э\n7А\ч\╪\n\┘:2:∙а╡▒eНw\ф`цУУ░\╤CFsН4\ч{cО\▄\╙\ф\╬C[∙{╜ПQ=\ъ\╙3ЭТ\╓F#\ZЖ]╗\╞vЮ╡Ю[h\█╞НvX\╘Й\─@0E\0\фd\╓pЯyc\фм═┐\▐*\┼ХК\nШ╕,_.I\r\эX6t\┼!sZ╩иТF√=hМдЩSМZ╢]╢╕Ц<\╟q┤░Тj\ыR<\щDлtКev\╚\█\"\рМ \0ЪЭ\┘1h\╤╨н`К\┼\╬\╞ВXs\Ўо<╩дwaR\┼╠Еb`Ш\╞G\0sYжjC\╚\ЁZ\ю2│ЗФ╓Р2╚УZ3.оР\╚\┼\╫x\n{ц╢Мy3ЮI·in\ц7Х┐MбО1Z№QнШrЭУ<7(Т$N-╖▐к1ег9)9Тj\яn\ёC\яЭ\їqХЙcKФ[\█\\0З/$ед╜hШ4s7ЫЮ■\х\т>в\╪\╔\ЎVCF\\VЧ\╓\ь\╠\┘gv\├.x\r\╪\╘N\╧M╖╕╡╤Ыy\├\╚BА:ПzчТ╖gL\╘\эZ\╥\╬\╓\╤s\╔\▐ \0╥░Ж\фi-!\ыЩkв0Q╓╖\р┘Ч*+С\ф▌гУ▓@p╬Ги∙е\╟\╙\"\╩┌┐РB╓йI!\╟}Хb╤м \0Lr\ьf9 \Z$═гН-Гиб_#╡G!╡[.аПВLМSCДп│>MД▐З┌┤BЦ4\╠\ф\╙eЖ\ы\n╝P\╤\╬\ё?e\Ў\╥\┌t9\╚└\╬EfфСв\─╪ХTМm2\фп&Д\яd╡Z-╡═и╖\┌З\щCUGS ;y\r8И▓м<\Ўк/ \r\╘\рP─Л)\"Ш\╔и\щQE\┘^m▓&zСZ\┼hЖg4бд\├Wе;3Ув$╝iD#▐еВVzX6а|d\уМ╥│DЩ\ё\рd▒Ж2+╚ТCГТ8н+D╢ЧBSРqQC░н\є+\ZабО<Ф`?9вВ┴Б\╒cc,ГС▐ЩIЧt\╨$НУ\╥C\Ї╜ Вv\фЖ\┼EX╠гuН\┼O\'М╓Хв\╪\╘;\╒XУС╓▓ke\'б2╩еО[\0QAb#ЭХ\▄╡м\"Cd\╞\╤$∙aГ╪Ък-J▒\┼	Ф╕l√sX╖▓Уg4╫п>г▒I\┌8ндg\'l\╪УCj┴S \n(д\╦Ч\╦<\▄mojdIYБк<ж\э\\М\╒&d\╙HЙ$УzР▄МqM;&\rз│f▌╖GВ0°е$tBWв┤\єyaГЪК.\╩0\╚<\╥╦╗?4 │AО\ї└╡\0U╛\╘\Z Си\эW\ь\╬NМП\ё;ЖУ8DYf╣\╦\ЁжК&J\╦&`\╚J\ZГ4┼Л\ч\╪T\ZgBz5Ю8|\є&jл▒\╞[5нжwИ#\ў\яRZl╖p\╤\┼\0\┌AjEФ\рУ(]ФnкhVN$\╞\0\у\"ТA`\═\"пе│┤\ў\ш\nСФ{\╒\┌╟Г\╫5/Hо^IyX\р\┼B4в\▄wWxРи\эM T┐gЩ\┬7-\├\Z\\KiPйm}]M:3\╤]RtН\уЭ\ўFz1\ъ)4:nйОa▌У╛ДМ\х\┘Z\с\╥8г\0М\ф\їKAFКOe.\┘)\ъ\уеvЛНоБЪ\щ\ц╗\╔\шG╒Яf\╦%*+]▓г\яCР84\╘■G`[Ф╕┴.\0ыУК\═\у5ОRn8u\\\ф\'\╧№╘и4\═%+Й\с\щ\ZC\▄wн$ЫZ2Н.\╠\ы\я Lд\╚\┘Г\эW\ыf2л\╨\▌?WЩbСWhlЖС▒\┼eТ6\═q\фи\╨┴нз1П-┴#╡\\p\┼,\ЄeлЙ%{gW\хPg\"ЖХЛУ(█▓<h\┼H\у<\Ўз\Є$m\┘b\т\ёm-Yг\ру╣зЦшмРQНЩV·иКx№√й<\╠\фА2\┼j·8г|╢oE╛г░╠ЛС╤А┴мy\Z:\ЎТн\╘\╤\фGЦ\ўоИ╗F2[0!╙ЭоК╗П4┐\ц#\є}╛*\'УЙX\ёsfТXм╗\╒█а\'ГЯzХС4S\─\╙\rg0\▌G\╩6\0\╟5N╕2U\ЄH╡\т	DWЬ\ф\рW$\ь\шЯFm╓░mТ%Й3/нOo\ўпE=НXЛKЗ\╘o>eYA▄╛ЮФд╣mЭ║д╗┴D<\Ї\═q3┐Х#.\╥\╩HN\ЎrNsМ╒╜гvjн∙╬▓u*TYп;\╙O▓{∙\ўt<fЫЯmЛ\ZТ│Kb\┌z]╟╖Z\╤OСнPЩo\сО@е╘УL\╩RGп58нmЙ+К\┬Prfл$cg\шК\ш│p\эЪ\шJХ|еn═У42*▓┐К^╖X\ф@WнH!\█[a\0╨Ш╪ЧПМУ\═UТ/\═(Z2\"╕$0\▄■UKD┤cjBEШI\рw6g%аm\чg;Б\╦\Ї&fвLe@о}T\▄Mt#!9к╔▓В[JКXsЪжJ\ZУ*\ЇЩfХд▒в∙лР1▐жК\"\т\р\╩p8\╧JбKWРzО~\ЇШ\╞$s┴\"▓▒P=йQE┤ЮY\▐G=■)P&м3\═?B\Ў\\┤\╪\▄g\╙R╦МF\═gl\╩\┘\ы\яQ╩НV;+\r.9Yv¤*ЦK&XиU╬Цй	s.vОjФМ\▄h\╬yd№(Р(QVK1-Э\╥\Ё\rа\ч▐╡дd╗;}:Ю╔Ли?\╤╥в\┼&@└\╧AN╚ЦКW\Єдл\ш\"│wb[ERq\ы\█т┤║!в\─\╚.\╘\їд▌ХНS-]▓╚еvА\╪\ыZEZ*L\╔\є\╨\Z\\Za╚╡ж\ъfYG\╟cJQ╒НHm\эШ\▐	<ФA╪жК\щd▒\╩1Вz%aПП▒\ў6\ЁХв\фm5┤\'bD└жr\╩*\Їн╖Щ)8¤i]З\\╕\т>\0Zд\╔]О╖FsЬtжНS-\р9жQ#м\╪;iУBT1\\п╜1bС\ў\├2t10Zк;╔┐\╓:T]З:,,\═\╙9$wе┬КS▒q\\>■\у={UDM▓\тДW\▀\╨\╒vUНЖ\шrП\ЎиР\тz\Ёд\ёW\█\ю*╩▓)ЗjоYI\цЪd┤┴B\р\0NjЕtDleФ3|vвмQ\╔eИ\├yз$cеKtZ\┘^\ъaX╢ЯQ\ч5qD╢f]\▐<Q├Вг╣жИ╢c6й{╕~\Ё\рU$Й\ф\═}\'ZХ\█d╝▒=htН#&╤зt РdР\ю}√Q\╪\ьж-┬ЦnB\уа2Е▒r2\ф*о\ы~аЮ\r5\n!╚╖ж\▐\▌\╟У#JдsЮ╘е8╔Ч\"╜Kй2\уп\═a8*:q\фvz·ф┐Ц\с\╬:\цгZХЪd╩ЬhзgзOp\ы+\эP{√WC9Q╗mЛFP═╝┴м&ЭГ.Ms╢\╘8\┌kLvWг=\nI\'Ш\у3Б╖w@>\╒SI\ЎУA$ry21Пv▄Х\0\╓/F▄Мayn\┼\═\с░\хA=9кУ╓ИКWf\цеqo=\╩\╚\╠_й\┼<Q\╓\┼9l╔╜x#Х╒Бf`\ї╥М)\├\цc|╝\Ё╟ж)зD\Ўt\╠Э\╠r{\╫=#{,B\╩#<КT2ФСЫЖls\яV║%О┤Ю[&eЙ°д\рЩд2\╩:\эж║c╣\╚\яBT$ЩЭ°)?м\╬x\ў4╤Ыa]└╥Ь=8\щNД\ф!ma@7`С\эY\█\Ї	в\ЇfPI\ЎZв\╘L#А*$\╞=fRМsN ╩ПrМ°\r╥иУ\╧<{9#8лЙ-ЩF\рЛГ│8\═SГrC\╞@\'$d\╥q%Щ\╤\▐\\!дС+F\╠71∙` \0\Zй-Э°еПпйs▐б*.ь░ЧE!\0┌╡ЙLH9eP╣йСi{╤╖\╔U└\▌\ъGBЪmм╣\Ў\тЬUС!╢\╫rn ╖наЛqй∙awr;\╓tSС	s°Е\╩6>ХI\╩\╞@└ЭМ\▌\щ48ЧT\╬O╢jMФи▓н√│Ц┴·\╘8/e№Т\ЇSЪY·NERВD╝Тe[Ы\тibзй\╞ЩN╚╖╕МжNЙ│\╞\╬е╜jl(\шlT┴d╔УЯ\щLte\\\─eC\╪\цк4LХЩ.БА2EU\"+\Ї$и,\╦\╞zЪЩm\шeеep\\\Z8║В#Ъ\тRv\ЁkH╛\"qoаWEЮF-\╬)K\")baжЙ4rмАГ\эY╝ККX]У~ОJ)$╓Мo╪з\Zд\хЙу╣л│4и)\'G╕\Ї\╩\Ї\\AВУS$(б\ЎУ╞м╟╢1Y\╙+EiR▄ЬВEZZ3h░н\ZНй\═\"╥в\─,ЫЧ<Ю\Ї\╤E╞╕Й2лАдsЪ#╪д┤gдбs┤\ёЯ╥╢fHЙоTо\рЪ\┬I│D6╬▒\ю\╬A\ўб!8Г+2\фm\ф№╙▒дмСИ\ЎHh@\╤d▓\╚\сSКiВ┴2├╜&4%=\▐\ьT2СfiгДГ!\┬√SHMФ&╕YеY<qLК\╪W\╔4~YПШ\nq\"IоЛ6\╠═Г░ГR╒ЪF\шM\─N\╥oa╕\їлИдЕИQ\╞╥ГЮ┤╪РЩ4ЫW\┬\Ў\╧4\╨4°z[о!П\ZЦH\╟/7Ы!У*└·PЭeЗ\╘№Ф\nЩc▀К\╓,ЖVk┤r\ZT\┌sР}\ъ\э2(┐hcЧ{FаВ?\╦Y\╔.<\╦v▐▒qП╥зА∙P.^\ю╠┤R`О┤(аm▓ТНB╒ФЭ\╞3\╫(вSe\╦\▌bV%sХ▓Т6ДН-CUeМ&\╨\▐hВЩV\┬∙LxiK·║Ю╒з3\фh	#С?\╥\▄q\├`\╘8в\эФ\rФSLP3Ьg9зH\r]65\ЁvЖ\щM )\▌Y#\▄J\├oиУУW\╤TvhС<░3\╞Gz\═\╩·MЧoPq\╪\╘\Z\╤(╣Т0z\╥dPЛ╕`╜j\╨╤ИУzЬ\чцЭТZW3╛\╥∙йnСpV%Ьд\┼[\ьiA\█б·3o\ZQ!	ЬV═г	AвМM8Р\╔\╒)\ёС│l$+ХR>j╝SC	С@\╧_КЖ]0#g*\▌jХZ└■q=к\ЇM╣ЕЩЖ\rR\шM${a\рdПКС·3dСЙ\яZ$d\╪ГКP	84\шFМv\ъР\ыH┤8┴▓<\у#цб▒оАКe\╦└\┼Z\шЫ\┘R\ъ\ёB▓лs\ёJРе1\ў2H\╪+╟╣йbМЭЧ|\╧1▓W8\эN%╖gвС\╦Ж\Ўж5BfИ\▌\ї$|fкЙcн\рh0PУО╡,h╢оY▓л\═f\┘iКL┴\╪\ёEОЖ^^T\ф\р{\╥Х!╝G]√╕в└}┼╝WP\яLgкв&b8Ъ	?)└4\шЦ\═K;Т\ш6п\"▒ze\┼\ш╘╖\╘dСLeqКд2╜\╠\╧L\фqЪ\╪2КO\чf@2*Йl\уrt\Ўн#\╤-Б%\╨XКЮ┤╔▓l\я\┌& ╖2V\\e│b\rL▓АH\╟╓╣\┌gJТ-\rQ)8\ЇPr(^5\ўб\ыU9\ьл()8╔нЛFtГМbЖP╕\╟J`\\┤И┤dЮАvйcКgФ2│(Кд8\ЎО8\▌\їд+<де\╟\'╡:З:+[,CSКж\r\┌(G6	\т┤fhХ;ИQ\╪\╓L\╤n/Ю(QТвСG<5+йd~X╖aP\т\╪)\"┐\т╡\┼,╩╡]!]╜Э]Е\╞vo$\ёUEЩXЩ\ЄаРi╚ШП╢Ы6\с\╬;\╘\╤eдy\┘\╥A\╘\ЁhbзZ\█[г$tй\╪╦мbТ2Q│\я\═Zbб\r6ДnЬuа	\▄Ж|\╒t TЗ%№\╠c╡\'╢A@Ы\█\р}(║>FW\ўбАгС,йp\╔$l:╘╢+╨л\э\".^=\ь\▐\ЇЬЯHШ╜ИЯImBbйn┴;bлХ\Zq▓■Я\с█Лh▒╗g╟╜КPCu-2{x|\╞Рп8н#-\╩&Дr	&H\╪m=к\\╢C!7q\╩\ё▓}\щ\ЄBqbЗС\╨-∙│\яIаЛв\▌\╠m#dзбЖ3\эY\ЇСЩae%н\ы,ЮиЬ\ё\═ZnЙJ\═+й`╖Ь\╚\тА■╡6kgаvЮ\0└Ф\╚\чh,┘░h\с┤xфР╕MCt\ЇR\шд\╤G4\╥\'Ш▓У\═ХнЙD1Шb1\▐GjФ:/е\─SFTБЪ\n▒*К\0Н╜Н:$╕\ЎЛ=л\00\╪\тж\ш║1┐$%\╘\є\эE\┘\r	\\\█╦В2\r[\┌iЦBмзsVh\╒HЧ╖\їgи\╟z{5M	Ц\▌6\юE\╦{\ni╤Фш│ж\╠°\├╟А)IУ\Z&ёКЬи5Ъ{4kB#Ы\nN\├\═YШ\ф2,└\0j\╤\"Gv\х?Zд\Ї*-╜╕xG\═!╤Щqgg\ч┌┤Л│6ие*Ф\ф\эUdQ)r╬Щ5%&ZК\ыrm$▒йСIКЦ0\ъ╠зДKF╟Ъ│СМ\єTЭI\ZVh\█CgЬReE\э	72╕\Ўв\щЦ\╞5кy█│О\це2иoЦБxni\Є╡РЖ\┌WПzЖ╞Сm\Ў╞╣	ЯеMФ(]\хH`ETD\╩7ЩШtкТ%6\с\эJ!\├V\n\ь\╤\╒\r▒I\сMо\┘5╨║3*ЮM1PPB\ЁН\╩:√T┤╡\ё(\▄0\rвУwШЕ\ЇЮ╡ХЦd\▄\┬╓йИ\╞EkCC└Sj\"ЭИл*A$L\╩T░\Ўв╪илnИ═Ж\щUhЪв╨╖\Є╣I=кYj·\┬\ь╣ ¤k;7МbУKq\єM2╛1ТЕcЖ\эVРЮ \╓\╬\▐X\╔VЪLЗМ═Ъ\╙cС█╜	вjXО\▀\╧╓▓Тg^5Y$кHйRhйcМССwj\╤K╝7нв\эy1qa(Y\nЮ\рSVb\╟PЕX\ч┌Зe*+KlаeT╡┬Рл[wgnE-В&xКeIаlX\─r\х)╜ZFv\ЁD\╙T\nn:\ZСf\┌8г`s\ЎеE9Ys\╠U\'n(j─Шй║\\u╔е\─n@J\┼└\┌=@sI\─=%\├8&жЩD\ю[rPd\цЪB▒/*Ж\╚l|Sn\ък√tлHЫС┴.|К|hЫ\rm\╚|\яS\эIН\nЖ\╥VХ╖\Ёs\┼f┬м╖Ы4j^W	\╧Б╟К.ZEnД▒@O╜Jt\═ki\╒X\ш*\\ищГ▒\╧\цH\уМ\Їиr(нй%╫У╖n\ф#\ЇнcЦ4&м└KЛ{\╟dцХж*вY\ё_,л\ўкQf{CЖwL7cT\╙3%ЙkOStм\шЙ-Зd░АYЦ\╟ ╒╢k\ЎI*;>w\'\щ\rЙi\┬\╞N1ЬUtHqI#[ЯV\▄\Z]Ч\ш│(\─\\│\х└┴5-\r1ЧЮZD╕vy<\╤@╪▓\═ЮСW─Л-E+m\╔д\╒№WXQГ╚ив\ь71│О╛\╘UNh┴l░\цД&P╕П.▒{tн\"╦РЖ№>╣∙д\╦R`мlp&│\Ў\rЕJТgи·P╞Ш\╔.P\ЁWЪК4\фDqгd\рs┌Л$Щh(+D\╚&+rI9лLC\▐РР╠Л\Їe\0\ї\╟zиЩ╚кГ\═\\\╧\═9*\═[╢@85	ГC\э\╫p▄кyк{Ц&@#№\▌\┼J-ХЕиРЦh√√U\╨jС\ю#8\уеR\█x9Л\ZЦRs1ОbH1q\╠O-@\т╦Р#╔В╣\╞z╘▓С\╤X╞л\є\0c\єY\ЎhиDРD\єР\0·\n\╤i\ЎR╗▒\Є\х┬С╖п5JV.%	lЙtrй\0cЩХ\n╖╡]Р:\╒\─\╠CvжРYй║;jЖК\щ3,б[ж}й>Б=Н╣╗0б8\у∙VH╗г4^,\Є└\у\рU5Dзeз\Є&╖1л(\эKc\╤Li▒иa╕\є\эUbа\╙NBxcS╚о\'НбВPCвШES4cгй:c\╨0\╘нu/Ц>iа▒6╥Ц\'\ыM░лC\чM\┘?H┴\щЕ\─#R.┴&\"\╔\ЎинЪG%\чepA=*Твg.H\╔2ДЧ\nx\═kg╗ТjиIЧDцдб2[▒\0\ЄjТ%▓Ф\ЄЙ	9\═\'йJd6\╚∙аT_СV(╖\╩F@\ўзa\╤VЕУ$p&R`н\т3ФG\їg$\rЧ#IOs▐ЭТ?;n9бб┼Р\╥4D\фTд6UID▓ЬЬ|SвlЕ4мБПЪMcX,\р\0└m\щRд\╤-бJ╦╗╩ФВGJ╗▒!w\Ё\Z▀н\"\╥i∙Й\┼\'Lд]7M%гЗqQClлз\▄:\╩DО\┼s└5-вН╗k\╪\╙v8\Ўм°Ъ-\╥\Ёй\▄ZУИ\╦\├QЙ\у\0░$№\╘pa╚Х╣Н1∙HozЦЩKe=`Z┴de└2АUbФоЕ*гЦ╕DVС\Ё}Ц╗L\Z!бfДНв│jЖР\╦H┬Ь(└=M$hХ#\╙[~&шиЧ\0q╓┤нV*k\0н\х\я\╚&бЗLd\╓╪│!H\┬√\╥E>Е\┘╦╣(4ьФШ┘нЛ82┐nФ\'aLb\'С\┼j\"┬Х\╟\ZLд/\╬\╪\╪\щI ▒ЙwЙ:\╨\╨╘Ж\═pОЗ\▄\╘%░У╤Ь\├\rР\ф\╓\╞dЬn5\r\╟Z\▀l\с\╟=3RРь╕Ч10└\яM\─i\ьЗUaЮ╒ДНP\╚\╫Г\┼H.2GК\╤\"(\Ї█║\ч@ЛТ╣(\0$TьвМ\Ё\я\╚<\фU\┼\╤.$Alк1W*hФ╢.hPЬ:\╘╞дQGLEb~M\0?\ё0\"m\твMЪ\┼&SKT╣Ь▓╕йY\Z/\сR\шtР\э}╣\═ivм\╞q\т\ш]┼К4{▒Ц\┼У>;╩░8\їMНkwHPА\rKЙiЪ╢о\Z3М\є\эPXГжB\╚\▄fЫЦЕ[&\ц\▌nf\╦wйLlмЮZ\ї?PkE,зr\"Rv\ї4°Р\╪:Е8\╞jТ\"╞н─И╗}щФЖ	W ╖ZБ\╙иo1\хrAе\┼&6\ЇeB\ь▓`╒┤Je┤tYF\Ў└йвм╜$+\"Н╕>\╘%c▓║█Ф√ЗЮ└\╨\т3╩ШВTЬ|\╤C▓▌Щ`69¤jh\╓3╔ГЮ┤НS*\╧kчГКи\'Ee╖0dP╨╛M\nЪ\хЛе4жO\╞\Ў\═jn╟┤\чf\╒4Qмd\╩°ХБ\╧SAV╩ж\▌\єСZ#&ЛB[\n}\щ\╪$iХ@p$S\ш┼Ы{│Ч√UYЭ\╪>№c\Їд\╪$i[l{БSvS╤У{r\эЭ\╠}кЙe\█K█У\ю+6iг\"T№=\с*rsVЩЫ[:+kйкЬ№QhhxЧ,И5\\нA]\\~\фЬRZ\╠\╒UФТп\ъ\Ўк▓V\╞\╦h\┬-\╠}Xй(ЛxЩб*XМ╘┤*+\╔l|┴▒║uб Htr\эЩT┐█нUЩй√▓╗В\╟Z(л!¤pm\n\0=iPмо\Ё\'28\ыК\╧eY 3Кj!gЕ·╢S=)R\╚KнМv\чпК\"\┬[\Ў=CdvУВ\ZР\┘$Т\ыiub>i\╞)t+тМи\nа\╤\я>Ч\rlд~dH@ TвД\┘QcС\цr\ч\тЭ\n\╚)pn8BО╣д\╤;8ТHКn┴└\тХlЫ5*е1ЖfевРOУ╕6O|╙Кв[=╖jdfк\┼@F_∙бН+\Єy\цБ{\╥0\╧4gЬ\█sЬbР\яGРЧ\чu;\"AТк:╨ЙR#z6;\╒Qвc#>б┤╘╛Ж╗-;РЭEaF╢$\\░\╧=\щд+-╦Ж\рЯ▒ж\эоИхЙй\фREЦ╜V\\{S)y<Кб\╫Hжй!6UХ\┘·SQ\'РЫd\╙h\ц\r\─╡;@\\Ю)q▒й▓=╣\'С\┼f\сf▒\╚\т%╡▀Р\r\\U\ф\╚\ф\═]J7@%╓ФJЭl\╞i\╙B\цОD\╞\╬\ї-2\ьr]╡┤ ?\\\╥Q%╔Пeв,╣\═*B\┘L\▌H\─\ф\Ё}\ъФPX(U║Тh\┘/\фГ\ълJ└OФОsc4PУ/Cf6\╓l\╥(Ю\╪а║A■2&Лn\╬r*TЭОСIв╢v,\rhд╚д&Hвi1║к\Їg\ь░N╪ВлREzFI9лл%\юH\Їй\╟▐А▓╣ЦQ !\═K)в╣qА\═P╤вХС┴^4-ТeyгbмHж\┘29л╣М7\'╨ОY╢Й№s\╫5T$\┘~\╓\чy\фQF▒Свг=q\═fi\┘\ти9лИЩRIx\╪\їdЛ╣╜x\╩(l\цБ67а\'\ыI░\'\╔,\р\уБ\ёE\шhoТ\ьi\ыIRE+Л\╬q▐Л\n.\█)Km╕ \тР\╠\ц▓¤°v\чЪ,Ъ\╪щЩгДm8К3&┐Ц79й╢X№kOJ\╤\"[,\╪@X\ю\чоiKCК4\'╣\n\n\у\тЪCl`\╚q\╟й\╥ИК-ПН\фГL?_\╤T1/y!;GASAdЙеФ\э\0зB▒ne╡aЗ|\╤AfВN%МЖ}и\Z*=░BL]OjЖК░в\ц3Рzд `2<√[\╧\\RаE\╟2[yЫ│\╨SH,OЧ$╦Э\▀╞ШК,ТBI@▐Р\╦6│yАЦr\╪\ьM*.Gt#S\щ└\╟ni\╨XЯ<J\╟╦Р√КOCCbSЬ│QehЦpз+Кh=Г█Ъ╙ЙЭА\ф\ё\єQ\█2\nsMб&VЩIn++g$Г╓Х\n\╞\ч\╙HbKФ\щNЙ`∙еП&лвPHrp\rQj62k6\╩D╝\хкJ▒j∙,*лB░\\wтеЕА\Є2Г┤Я╡.#\фDS;ZКE\╒\ї\┼л▒;! rhМ\█=█У\╧ЭА\┘o6\'#\яB`U№J\╩╞БX\ш\ч*9\цЪ-\╟,rж\╙№h\рW12C╖КT!b\▐6\ZhDD\═l№КbE\Ї╕\╚\╬h-0\▀l╝╖╜ д,EGJЖКBw╥Д\─\╤-╝ \0\nL\\EIЩРxзA\─(вt\ф\╙r╒┤\╥╣\┼Kviб$Шtца╢:Ka\хpа╥вh\╠{7\╔nЯ\╤.%gБ\уl\юж.\'┐дm\'Ъа\т9d\ЇzNhrfРКb\╒vHиRfП\Z\ЇZX\ўАs\═RfMQfВМ░еc\т\ш=╚дХ8з\шФzKП▌Ю\ї,,хпБЦf\┼R╤ДЭЙВ2:фЪл%3N\┌ERJL╕vh	\╚{T╤▓\╠G╜RD╢W┴9лHСЕI\═ШcКЪj&▄ЬsScHBЙRBLSCc<\┬╬б\┼U\"l|ОВ>EК*LМ*ИGо\╫(@\═:Ш│\┌\╬s\эNЙgбБ╖Е┴\┼;╢й\хCЯzЦ\═q	c╗┌ЭКВНИ1M:%аe8\ї/jе iг█Кб╓Ыc8\ы@М\у$Р\╚F1R└Sy\╫,[q\╟JV2▌н╠Р║г\0EL╓Ш)\n\щ\▄`КC\шм\┘╔аb▒▒\Є\r1\nЪ\хГs\╬*С,з°\┘mRFi1/\'Ь√\╥EX°б\─\╪\руалDЮ▌▒░}й\╨\х\┌\экX\╨:|П°ВдЬTP\╤vy\0m╣\╔4Ж\\дQН╟Ъjbb\хf+Аj-в!/\▄\╒YдЯ` К\╥=\┼,И_&Уc\╚R;RвЕ<9\╬1OИYU\уtnЩйjБ\rМки8мьдЗB|\╓<SлМЮЬRвС)9\ь\Z%Ф`\Є*E@^ХIУA,*xT▒ЦЦ\╟\╟\\T\╤VQТ\ёVI\r\┼VйUд\'\╥iТ\'jй\╬hй\╬piбб╟Кv4Wc\ёHg░Ъ%И\ЁqLCгhЫн \фy▄п\n \фy&r9еE&AХик-IN├СR\╞ \▌\э\'\╙Hcв╕FIцРЛh└БTР\╙+3\тPG╜6В\╦Mv|╝cеBE\▐хЫз\ЁжH╖С\nЯ3,fe╘С)%THУбv║Ьa\ЎIМ\╒8ДfmG<\╞0├еGx\═ЗzqК\r2\уJЛ3P\т\═гTRbЬ\Z┤a*\'\х#4\╠\╩Xi3О\Ї─▒°u8Ш╕К\Єy\┼&╞Р\щHЗZvU7eАkXЩ6>+Я1y\тШ╟д┴$\╧JLc\r\╘n0	\═!Yv5<JL\╦j*К\ЇUР!4\╙ 8\╫\╒\▄QC│\┼V.ЖШмAr\╟4\─WУ,°4ЖЛ░BБ2x42╦╗\рP\тKaЖ3BAv\'h^З>┬ШмAОФ||G└жАо$}¤xзb2A8е`*;mОMDЛs\цn-╥А.┤ШЛn{P;$п\0У\┼4)░дЖ\щMн,a\╞{Q`*+/╝╖Z@и╕\"ЫCt∙жК╡C$q\'гJ\┼F=\┼\ф\╬\ф└жЫ%Ю?╗\╦uж┴	К\Ёг\ю	▓\╠W,б\┘sQ%cL;\╔7о\╨6ЮХ\n-\r▓·Ш∙\╥6jИT\Ё@\шM\─j\ъx\ўлЛ!вГB└\хi╢*sп╜O!еcVg\╟,Е\ЁТй\с\┼W;B\т1m\╥nЗЬЪE\╞7\Ёв!┴йS4°Oyy╓ЙжC\╞\╤^WtR1\═f\э№\ў\▌KЙ6\Z│?SК(V4yкqBC.┌╝╣\├\═:\Z=uС╓Ъ░РД\├u\─SС▓xаBШ\фtд\0в89Л\"ТP9в└╡\чn	а`H\═KРqRpx5iТ<\0а\▌*$CНДЧ_М╘ж╞вY;J·yлFИкr	\цУEоИ№`U\╞*Z%╦У┤\╨2¤╗*FЛ[Б&II0{\╙lGЛЭ╝\╤\0r*┤\хsБ[(жg╔Ф\ч║-╕Q└Юlк7│s╥жи.\┬}<┐нO4ИНе╖8l\у▐йPм╥В\Ёm\тХж\╦&vРsE\ьZ▒R}TиK1\э\═*ЛINGJС\╪\я<№К`╪╡Чxйb\╩`Ън▒Ю┘лD\шlix@[№::\їд1Kk\Z9┴=h\Z\╨\эX\ёAH[╕L\╥hvVТ@I\╟ WyИ9\╧JiТ\"YЭАчЪл\"\"√s\╧▐Ш ]¤G4Ж>r╕\'К\0&\'\'УT ^bШд Тq\╫4\"lЬ\╨№\с░№К\0нПc@\0fec\╙\шcЧ%I\▌\═ ▒N$<)4 ?3№\у°S░б\╩д\ёEВsм@\чР)╩ТщРАЬКdТew\\s\═AFBОr)\╪yж\╨{TО\╠\ў╡m\фЦ\р\╒Y4A┤8\рП╜2Е■\чЬLЖ\\│Мзh)║БЭAд\nН3yЮ┘м\ъЛslv\є╖нHX╜\фЪZВ=№U ▓\╦┘о\╠\р\ZL╕ХН║М╘ХeI\╔F└а\0ВyQ·╘▓\т\ш\╤I$СA\╔\═d\ЇtE\┌u\Є(RePrD$М\фVКfn	ЩR\─\╚╡L\фЬ)шХМОAд\┘YЙ╕\їR\фlАSL,Ф3c5h,[Bм2*ТNX┬ЮФ\0КI5-\r:%ШF0\0\┼.#\фR\╞\╟h\т+-мqС\╫°PR\'\╩дР\ьз$aOh═Р\┘АЪL\"█ПcPБ#Я\0А\╒cs\╔\'4Ы-lоBЦ\щJ\─\╨I*\'i\r2\ьnогTЧa#m\╬OБ<\шаSвYоUЖ)\╟B+4Г\'┌╡L═ХдЪ0MY)f╜ Rhд\═;V\╚╡MЗMnО╜)PТZ╝O\ш\'\─_│╧ЧЖ\ы\єHдz\т6lФа\n╚ОN\╓Аx╖ цев\┼4╛)вhкG=i\╨%╣<пJt\"#Апцкб!\╦^EH\╨ь▓КHewШг\╒╨м╡mtмpjGeЧe|\╥Ф\╥\nЪ*yЩoКt+\'Жйк┬иX\ъмe)\╧\Ї\0\ш\ўmж\0<еO&к$6%\ц▌Юi┤$\╔I\0jJ$H\┘\р\ё@Ж4\ф┤\0гr└q@Ы&)╦┐\"Шм┤eHзE&!np\╟\╘yд	ПIБ=MU\╦2ийc{А╔Н╘В╩См|Ц \╨\"╚н\█Ч\"9$\чз╥Тv4\ьР√_\ЄЪcy	p*РM┴НPЙKМЮ\r\0\\┤Ьo\ф\╥cE\╫|зRLд \┘','Panthera Tigris'),(2,_binary ' \╪ \р\0JFIF\0\0\0\0\0\0 \█\0Д\0	\Z( \Z%!1\"%)+...383-7(-.+\n\n\n\r\Z-%%-------------------------------------------------- └\0\0╢\"\0 \─\0\0\0\0\0\0\0\0\0\0\0\0\0\0 \─\0:\0\0\0\0\0\0!1AQaq\ЁБСб▒┴\╤\"\с\ё2BRbrВ#CТ▓\╥ \─\0\0\0\0\0\0\0\0\0\0\0\0\0\0\0 \─\0$\0\0\0\0\0\0\0\0\0\0!1\"AQ#aq┴ \┌\0\0\0?\0\Ё\╘!\0BА!а)z╟мЖ\Є╣FЮ\ё\╫┬Х$p9┤\r╝КЖ\╔8\ь\├@╛▐╜\╫*, Ю).й│\ї╚Ь\╩P0=\╬\╬J\0KОп\╩K\Z\r\╔\єI`Уa\'П\сMa\т╣░\ї@\╙p;└╟Ъi\ё\─\ў√\┬rгШ/№О\╠\рxБ>	\ZПp\╩\ы$\0кO\0YвyЩRiЧl\╟jЭг┤D\\Йv\хi■TлмТ9в\╚\у~Ф\"Ц∙\\-\n°a%╣~ФJШH1╛}\╘lKБ^i\╟\╟1Kк\╥2 \0Х\Zа┐┬Ыб\rФЧ\'5a#Xm\nHxжКУ║oU\00\nKУ┌ЛвЪТДФN\ї\"е4\╤h▄дБ▓Ы}4\є∙&\╚RAЕ\─\їVmLй\0BА!\0BА║pРЮm0А\ЇН°)░Ж\─╟И\ЇN0\╪\▀└\ўеkТ3╕\рв\╔.Бkq°	Т#;N═зЩ╪Ж:▌Ю└3\є\╚&■аM°\0uм\█\р?оh\юТwlw%k╕┴h\0\я0#РN3\rmg\╠q░\є╣=J\0fеX┤№\ўХ\┌xy╣Ш\у\╙49\т \0MзЛЬSmd^I\▀%\0\Z\╫√[\▐f|\яg┤I{\ї╔Ш\чЯвм┴R}WЖSl9\╞&2\▐KО`\\пJ\╤°FQcX╠А\╧i;I\цU9▓jл\ь\╒\╞┴╗\┘°Ж\Ё║+zzо6\─[\╠\я\╔XSк\ы\ъм[3{Дkвб°V\r▒=╢*мf6\'!∙ХmОзqs\э°Uxв\т\╪L\є\я\уьоГ3M\"н\Ї├Е \0\n╛г$\┌9r\ЎVUAБ\Єл\\noфпЙЦDj╢M	\чФ\╠\ьV▒soХ┴L\яKж─жS аЪ~\╘\╔*[└L\ъ\╨\╘$\╒\рКЦM╕JТ(Н%pуЪРЩ ЕаВжTLVn\╒$!@Д\0!@IгLA&■*3TЦ┐КЖЕА	ВwnJв\с▐Ъ/\▌nV)Mav_ХП\ъm▒v@╦Й\┘\╓HйЕy\╬╖yW╜Ь\ь\╒Jа\▀Sy\n\┘¤Ри\щo\▄уЦм\ы┼ЗКй\хКue\╤\├&оМЕ}н \Є╣C░\╙w=\є\р╡\Ї;\rXТ\▌S\"\Ё\▀╩│з\╪:аX@ \03н?	^x/▓V	?г\╧\╦m{7p╠з4~\r\їЮIгЙ\"CF\╫ЛKж4!дCL░m?=\╩S\▐\╠6▒Д}WЙy\╪2╖vC┐zЧЧпИ\╤\├\▀\╦\┼\щwб;5JИТ\щqq■N \0\х╝▓~╣4В▒L╕\э\╓\▐J░бдзe\╓YcУv┘нgНTWE╜VРШ#zmЪAж\╟\┼8\ш\╧\ЇвиЭмK\▌*&%б\╫№зj;bЛИи@1√M$ЩM^ЬЫmPЛD\ьVwЕ\Z╜;\ь\ы`ZТEmL\╥/°R+4\"g\╔!в¤]XWCФЪbvu╡K└\р\═gЖ╧Р\┌Th┤\0юНз\Їн¤\─√*\ч*E\╪\уo▓·p╕FКTйК\╒\╚\╩\╨8╣\╟bK04▒@│MМйУ^╠зq0?E\щ\0┌з\ъAv│И\═l+┴qs?Г╛\ц\ЁYжЬ_·n┼мХ╜=вЭЖиX\ю\у╛=\╒KВ\Їn\╓QЬ y■l╖j\є0\Є8нXе┤l┴ЯТбN)З\'u\х6\їr(`╘За90дT.╗5\─\0!@Д\0%$б\0+]z\╧a;%ЗйДеVн0\ч┐Y\╥omb\ф\я+\╔\╤У\├}<-nж└y\ъЙ\єX╣│qКжn\р┴JM╡\ЇZ\ш\▌JРЖ4╕[\╤ZRn╚▓nТТ╨╣v▀ж╣u╨КlbХУ┴й▓\n\╙\ь\ё■\▌bu1\"\r╢EД\э1┐Т\╩i\╩\єT┤z╗\хm \0иЪ3\\ЧDG\ё=s^yП\═√Ы\ЎЯb║Ш)\┼2Ь\╫m?\ь~ЕO.О В&\ъЫZ\рJ\Ўо┤Na[.Кб]y\ч\╘]XakЬжU*В=T\ь%M_\n╣!\т\┌e│\▀0лqn\"Tж╒ТH■#╗пк-Q&cп\╥Hб\ф\╩\ўwД\▌@ю╢л*МБ°\╦\сD\─3К╣2ЩDБ[d\ї\ЄЩд╢^I\ч┤\╔7L┴ЩNVK├░k\╠-#Ы,В6,■Ж\ёЬ·\ь\їZ\═FZm\'/x,∙Yл3╡0ГX9╢#\╠nW:$@·{3o#▒Pi*жНsL\фr\с┴]Q\─HжvЙi\ї	&ЮжМR[\ъ│■ЭQ│\Ё╝╩╗ С─пF\─╫Кo;\у╨п<\─╕\єV\ё╝e\╧Q\═\\qKzm\т\ыQБИлЙA0дzЩд.╕\▌q\0B\0Д!\0B╕jZ\яk\╠\р\▀·cF╤░\0|▌бМb(УЧ╘з \0╕^┴Н\э\╟\╨sЪ\╓╬пЪ\├╠Дж\╥GCЗ%╔│\╤\╪\╚N\╤d\ь^yв{z^\ё\ї1\▌\Є╜Кc\┌\╟┤ВX\▄}-Ы\ъ\╫c╞РQ\ъИR\rD\╞ JB╕]\Ўgt▐П\щ#\ю╝cK\с\r7Юg\┬W╝╘дV╖· о\╬kO%:e\┘\с┤mzП4vО.o╘з$\эСI\├i\n\╠t:\╬m&└A\╚/E\ьnИ·4H\Єy.Г░F^\0xк\▐\╒`┘Сn░Р`X\ёО\хнeNZ╡e/QRNМ■+\rUХM=WП\хи\р\ЎГ╕\╞GЗ╢QйЩm╖А┤Z>│\ъЫ3\щ▓7GS╜\\║Ыur╢┴┐П/ДП%t4q_┘Ф\├V╢■	\чзoB\Ё┴┴WWж;ВУQhВX O╗D\╬V\хu.╡K\ї\╤P\▄\щ=wзB2\─√Q\┌\├?Лл*\э╧оJ\├<·║▒2Щ\"F├БHZМP.v\єYнНЗ5}А:\─\rЫvкrЪp}2M\\Yq░irj):Ы\р3∙И█┐\╔]R\├a\┌·b\ўСy\тЯ\╤\├JM64g░T\Єlк╝/\╟\rw\щЪ\╥\rКFvм ¤\┼n;OЛhiМп°XG-u\ё3rЪrqM╜-\х ХеШР║W*Ы&ОД!\0B\0Д!\0BZb\сn\Ё\ь \0HWЙЫ<\rП№О,\Z\Ў\щИ.┴U{\╟\┌·ЗRvЖ┤\▀o°м№ЩkН\\N\чл\ЁVЗ\╤8Z┤┴\эv▀╕f7ВЮG\т0\ю╓бT<n6Юд╟Вб\╙\╘]Жм0\╒▄Й\╒┐iЩ\ц╡\├╓йниRЫЗ\Єc\╦\\ZwH<╖\ч\═c{5w\╤\╤Z^╡┘╢\╤ZQ\╒\0\ц?h9 \фнuЦgE6м¤\┬\╦OJСЛм▓\Ї\\▒Q#TT·D▒\ю=\ъ\╟I\╫\r1╟А╣T\їF╗D}▓;╨║\ь|Q\┘YRJн\э[°\ч9\ю\ЎH\╥\Ї_J\╫:GGБ▓░eAQНw	#ШW∙Rлz▓Л\n\╨\с\╠¤а√йНq9\цМ[в¤\╩0н°\╚\ЇЙtHпTН╝■cТд\┼V╣Д\Ў7\ZS\╓Jж╡[J║2\╬BjUЩM░I)зJqоИ\═\\Rr╗\эфлкШ=■\nQq \ю╪л\ё&-28\'К+Ы\'\с\\\0V\╪\n░AT4]kЛй\╪jй&Лq╩ЛzЪuн\╠┬л\╞\ЎДMд▓\цСTГ%DйNJX\╞#\╩M°@\╟\уMSОeCpW/┬Н┴DлH\rК\ш╡\ЇQ8┐YV\рЫpRлYDyVг<ОК\┼,&кЫжBД\0!@Д\0!@\р0ОнQФШ%\╧pky╕└_Nh|p°fQ`√X\╨\╤\╞3<╔У▐╝s·?в>ж%\╒\▄>\┌B■\ў\█╔│ \0Р^\эIВ3ЩТ\хп\р\шq\см6f_┤X\'Uд\ц\Ё┘Эо[┘╜ФПХ░─┤B4}╖b╩д╥гsЪнЙ8<>и\n{MУ!╦Хл\0Р\┼+Ы1}║\─¤69╙С\╞\╦\╔\Їпk1QБП6\"\█°/B■дb\█\ЇЬ├ЫЛu\тA\'\┬\▌\ы\╧0Ъ7\\ЗE╔░Е┐cн\╔е4┤L\Ї╢\т|;uо\шOh№)k■\╤\ю=#\┼g┤c└М\Ё\╚-=Q\╔9└иФiR6\╞i╗ef)д\╚▄йq$л░\Ё\уro╫║п\─\╤iЮq▐Ъ=\фьбо■┐j)┐[ж\"Д■3№(EС·Z2┤1иТ\ыШ▄Э{\фж\╚╠ЭЕ:МЧ╘Е╗д┼Ф\ў6nТп{dЬ\уКtU a\╔Hж\ёТВ\ў\ў$\ы_о\х-Хor`╛\шkЖ№\╙A\╫KEЦHy*%e$L]EмsД\"$\╩№Nj#ФЪ\сFW\─\╧ GqRTg)Д8Д!\0B\0Д!\0	T\╪\\C@ТH\0\rд\╪Х/D\тE*\ЇкС!Х\Є7Ж╕8П%\┬W╜Ю\ў\╪\э■\╩q\ў\'Э\яv}\┬├╣jиb┬бл┌║Ыj5\┌\ьtj\ъЙ&v@╝\Ё\\е\┌*W√^\├■╢9╛dB\т5&\эг╣кqH╢лV\ў\╪S\╘jYU6бsC╖\Ї<Ф╝=E[P°ЦOивckА\╥O\щ(ЩUЪrбm2ga*R╢QJ*\╧5\╙\╒^│ЬdАHЖ~\щX!~\ы\х\nD╖Й╣\я\\4Ь\╒\х╝\╪\ь]\хдЭ\┘eBаo\Є\╧.vvO7\эXТC▓╢\ю╜UkБ\ъН\є▒4\ьFf~\▐Y\╠[\╔.╢N\Ї;Йо[EпЯ\╥X\┼H3a\я7рл▒UdQ\▐,\█xХ╪ГЦy·\█\┘6Д~бkZ╕\╪w\▀vЕ\эc6▒ЙrImP@ \06∙\я\Ў\єP~п[\цOбLв+Щ&г\┼\уШ\х╡3Q└\ї\щ╜Fж\Є\nu\▌¤mNХ▌Г\╔\ыпeдЯ\▀\с;T@\▄xж\уЦ\▐2Э\╚\їЭ└x\╩h╗В\ы\╬\Ї\═G\'\╟\┘[zЧN\хU▒\╫VD▓C┼У▓ЙWВЪ \0\тU}m\╔\"<К\┌┘ж@RZ\┼z3┤к-f)д&\▄\┘Sd4Wб;ZЩ	е\"ВД\0!@Д\'д*\╥3M\юo#nqТ\┘\ш^\╥\╫\╒kЮ\эc7ЭгИX5к\╨lcй4\╬R7╥з,c]гO\ZS┌в\╧R╨Эжз]║оЖ╗О╒а\├9x\█ш╣ЖA\я\ы╣o√!жНQи\у\ўsИ║\ц\ц\├KhЭLY╢°\╦\╙f┬к;D?\щР7Ef*U║f\у╣QHЪ\ш\╬\р0ГW\├\▌3[AЬ╛\у2v╣[Rд└.wzи°\┌═Г.2°-\nN\╚\╔Sb0а\ўL╔╝~\╒V 4Z\Ў╛\с\р=UЖ?═дF\╧UЯ\─c&■kD-Ш\Є$/КЮp\ю\╦zd\╒┘Чкi╡╕\█\х7Q\▀\n\фКX∙}Йaгh\х\ши?1\ъЦ,I\я\Ё@V\▐?+Ж╜│M╒и\rВd╕Bj▒¤{\▐!7XИШТг╒йu)c5_\n1й+Х▐СM=	c\ЇBЯЖ:MS)HK!\тI.╖^╔ЗЙж\ын#$Г\┘н=й\neA!3MЙ\╙биХ\╙M:\ц\┘\'YE\r>МиU░█ХЫВMF╩Х\"JD+*╕PJ\┌VVбR(!@╡\ь\╞╡q4\щ╜\─1\─\ыA\"`9*е╓╕Г\"\┼DХк\Z\╓IЮ\яЕ\ь╛	\э\╒\rОOp\ё║\╧╫в\╠2Я\╥.\╘p╝ЭkХ]\╪]1Q\р5\╞o╜Xv\тБc\╪ю╖оvнOI3п)й\├xк=Иh;\юаijг)UЯ\╥sDx|y&4о4D\ы]fX┌Х9з \с\ЇEJ\╧pn)\эh\┘\0С9_Ёе╗░·\▀\╦ \0мЖ\'I╜П.a\є\╠)XM9U∙╕\ўЬЦ╖п\ъx┌з\щ~\я\щ\Ў:Ш┌С╕j№&\▌┘нK&╛й\▐\ў\ЁUU1Пvn)l¤\╤s№ХK\Ї \0\╪\ь/√L`\╔RUdл*Х╕°*·н\'5d,кt6\╫╟Я]o]\Є\rв#t\┘5Q\█zтЫйИБ\чфнвЫR\─\ї\╤QЬDо╠УЦ\─\├▀╜2B╢:\ч╪Е╜E┌Х\╘*пТЩ![8JХFЪbН;й\ьjг┤┬Ф├│f\ї▓кN\шМ▒\nзL\ь\ўNu\ю║├╛=?I\┌mЭ\у║|\┬F\╦#\niBМ8S┐╛Il(\╪e	вЩйЗ▓░\╒\ы\╒eРдCБ\\\┌E+TB}\рд\ъ~9nMb\ъ2i.)A▒▒░\╘╩бZаД!\0B\ы░O\r\╒\'|∙н\'n1\"г·^}б1║в&\эГцплcЛ\█\ёX\чП\ў6:\Є~▐в0x\чS66J\┼\уЬ\ё╜A\╓J/	ЬU\┘	║б\╞\╤\╓+Х)jз)╓Д\є0оzЛ\'[\"▓▒М╥НHтХО└╣ГXwионo\Ї╩ЩLнzM╓РSU\╔сЧСВ\nМ\┌\ф└\'eзlX_zg\ъ╚Нг)\▄S(Х╣ZЬSu.:д_б╜0·╔и[:\ч└Qj\╒JuE?D\шзUЗ╜\╧\ўFq╛\┌]░I\╔\╥)╦е)нZm+б\┌D╡░\с║\╙└ПuЭ\╠┴\фЕ$╔Ф_dМ=+sOБ	lgВQ\рЦ\╟Qд6Эд\╙\╘.0]Iз\n%!,\т|TкQЧ─ж\▄№\'и│jF\╦╒АРA>}qO\юЮhU\╪\ъ$XО╖&\▐zыТЦ\у╕$=ВDй▒иИi\═\уйJеKЧ=¤{)B7(\юЧ/ВЛ▓*Ж\ъSЬ¤a	Nв\ы!1№┤!Y\╧!\0BАM\хжAЕcЗ\╥G(B4Ш╤У^йд╖JV\'jХ\┼Qdf\█/ttЛGВhB<Ж№eЫ┤{^\├9И\╙°а\ы/\┬ЧЮ\╘Ш-,и·ЦОВC\ъХ\─-з4C▐г╜\шBdA┤\ьbЖ0¤JпШ■\╤2\у╕\хС^П\┌\rMФ\"ЫC>РСdG[РЕ\╦╧ТO-_ЗCНнШЗSХЯ\╙X\0\╫Н\тx\▌Z`√)вСBе_cй╓╢aP╔И│$¤\'!	b\Їx║\╙>\╚BQ\╬╥и\'\┼s??T!Ф\╬9\▀j&	\ы%\╘($\сzД└ \┘','Homo sapiens'),(4,_binary ' \╪ \р\0JFIF\0\0\0\0\0\0 \█\0Д\0\n\Z\Z\Z!\Z\Z\Z\Z!!.%!+\Z&8&+/1555\Z$;@;4?.4514+%+44476444446444464664444444444444444444444444444444 └\0\0и+\"\0 \─\0\0\0\0\0\0\0\0\0\0\0\0\0\0\0 \─\0@\0\0\0\0\0!1AQaq\"БСб\Ё2▒┴\╤Bb\сRrВ\ё#Тв▓43CSc\┬ \─\0\0\0\0\0\0\0\0\0\0\0\0\0\0\0 \─\0,\0\0\0\0\0\0\0!1A\"QaqБ23Сб▒\Ё#B \┌\0\0\0?\0дI▓Ч\"ГX▓Y.вJ\Z\чL+\тtГvjMЭ^│\▄(еPРkЩ$O╢v[│\╓vЪ\╒a1SU`EkИjmPi\╠\эH\╔(╣*DD\┘\'■ЮP,░hУНД`N:╥С\\┤[\╬X\'∙Ы\яУ╢и?\╩0\0W└VС\├&ЬOS┴Fu\ЎNСУxв&╬ж║Зq\ўМ6\█3МVr\╨\ш\├■H>p┤╘мl╡ВhоCs,┐vt\├·]ЭU\╚\ЇБqk7xenДГ\ф└D\ў	\ь\╚ui\┼\═T`Q_\уiИЙ╘СZЦДbT\╨kCO<вV┴5DB\┘\эЖи\ьз\Ї▒(Щ\с\Ў▓\╪<┤Ш5$]o\ўеЭ`\ф\┌*T]√\─JZ\▄Г \Ї?╝?\┌T-4\╠cЮдW;95╥оЧиTн\╙BF#\\+n4о\р\\R\╘\╠\╟\Ї\чNy@NI\т`\╙)\\hTм/\"O8╫┤\▐*g▒\╠ @cUН\╔▓30QОbР\ч\0│А\Ї\ч\я\ы\Ўu/▒sад8\╠50└c,\чrq\'л&^]╢\"\ш\'\╔k\Ї\╞DЬc┤[·O \0[ \0\╨\╟Ь\р|,┤|Ц@┤нs9ЯаМIе2Ъп\▐\єЙ5&*\─юе▓\╪w\щ\r\ї\Є\Z\хo\ьu\Ё√Од┴°\0dsА8\▌~U╩▒┐mmW\'5Ь`ее	\0лP\т ГЬsk\╙%Г/tК╬Ъ\їОЗ\╟\'%▓\\лt│Z!Ч0jНU5<кзb:N+п@?б\"p║┌╕¤\0╦йИ√s\╫R9¤┐hFeлL╣Сп!пSW:У\ї\ё9,6\э\0(\щL░\Z\я\у╖\╬&!Ч\n{\ЄЖgЯ/yo\╘┬ОЫ\х╖\▐пDDГ0ШХ[П╝\т0╣╗]г%Z\n5s\тблdл\┬·\уЕzН№5ЕG■╣S\ы\╤rcВ\ё\╟oX╕лЗ\ў\я\ЎОi`kм\"\щ\┬\эЫ\фGз\я\Z\т\╚H5Й	н?┤)n▓\"Вv╠Мщ░Й	s+Zx{\х	\█■\т\цM]|\0й\щ\╓	\ЇQ]░\╠ZЩd╓Д▄й\╠W!\є\єЙK,\тНQЦ▒m▒2Fu\╠k\╠@╙М`CО\Ё\їз\╓_R4Kq\цbе\█\┘^жЩШЗ┤█еа,Z\є╥╝Ж▒j\т/1ВВI&БFзAAЬ]╕g°|Л)g\ёpжЧ,\Є\ёvf\niЛ9■╩Щ\рbЦ5╫пбlе\═\т╙ж▓\┼F&╕\╠\щ\╙8МVШ\╪▄Ш\╒\╘C\╥/▌й\ьгK▓ЙУ?\╤iУUЮ╠д,╗g1З\╞\ўCeА;┼В(\┼\╒└tЛЧ\ъzVDП`╗\"▓┴┤\╬7\▌\═\фR0Eе\r\Ў\є\╧+Хж─пV\0,\╩PL\n//Н1▓0З\т\0Б)и\n/\ъ\ыHЬВ\┼%(жЗ5Dl┐\ё&O¤ДpЫB\тzШ\я=п \0─Щ¤?\Ў┬нШ9\ы	\╔№\▀\╪	t&\тС\т╜#YЖ░;Ж пАq&Tt└Ж^\у▓\ЄНм\▄0гR░^9,\▌\ёБoфЛ╜\"║CVf##\0╣ФР\щТЬ:\╤q\╤\╔╔Е|b\╫\┼-A\▄2Э0дR\╒{▒5fn\т\у\\#6[\у_pm\\M▌о╜┘к2\ўУ\n:°\╔)%йu]	\╠}|\r\╓\Ї$\╚V\с╢z╕\рЫ\у6\╦GТ%\╦\╙\┬IЯ\ыWР√DН▒hЬ└\├∙kФD#\с╖\я▒л╣?e▓\╤;╜)\╫RО<╘ПмqFЩ\\c╡\╪\Zkдs\┘Ы)9\я*ФBn╥з\Z\ц\ї\╪F\╠mq-5DMГЗRМ├в¤L1=\щn\┘\┘Nеж\╘\▐$PAСК┐\Z\рO\"wрй┐{j|k┐Ж5\щoУ\█▓f0\ч╢<╖╕мB\╠tj\хQ\╚\╙║\╚ЄЭе╕║\ыШ\├QPE4би7HmAпИ\╞\Z╡аЙ%=\єS\у√\ш \с\═+Х2¤З\╘┬ЦЖ\═>\╟0EGбГ)┬з└{∙\├P&3{0│\═\ЄМЯ4D|╔Е║{\є1e\╨W{\▌=\ч\╩\Z\с\ЎЫж\щ8hv?╛╨В/y\є\х\ў\яЬвдйЦL╝К\├9НО\▌?╢С)e┤RХ1\ra╡T]l\Є\ъ6о\уx\Ўc▓Р49s√SXri\ё}Ф\╦mЪ█еs\ь м\р\ў▓\├\r└?SЛ<\Єp\╧\ъ~\┬%R~■\ч┤hR KL\╩\р}■\╤\rjФ+QШ\є¤б╣╓БХ}¤в.}л?uКlИ/Я*K┤\╞B\\bЕqй\╪lLv\╞KЩ1к\╨╫ж8ва°l\щ№·ОЫ3А\╚G╡NОЩ■v┴?eЮ\╨┴ZZЧVc\ё\"К╖\ї\ч\ч:aEn\╞ \0\┼.2Йj░+\╔*qЪ\ъ┐∙jМгЦ:\▐\х\ю!\█;L╔М\с\ю5\n)А\╨eО\╤\ёГi╢N┤b1*\х\n╕ouEbжЭ\╠░Ъ│╜\Ё\█`p\n╢#\с#B>ZE╧Еq\ъП|gеyП┤r{W│%вТЬ\▀\Z(%Q╖\rJ\n\ъ╗┼▓┴lнC\╩9СФ░JЯFЩEIZ,¤м \0┼Ы\╨\╪G\тc╛cнvУЛЦУ°eVд\щ\▀\ЁОM\╞psФ╘▓\'бЪJДi■ &1е\╙\0▌Ю\╒uГmo\r╜DK│ТrЙлb└Z\ц┤\╫фЧв╝Ш\├\╓{-\шП8\Z\─\╫\r╡\neМ9▓Ше╣.QF&▓!+ЬY│vМLXL\╒\╔Dа\';1.д▒И\╦y╡?\▐-}Ы░ \0д	4%kNuК\Є├К-\r\┌,\ш\хj1╟н\"I\ь2\▌.\╤p[а\╨UvбИЙУ┬╖{\'\n╕\с\╓Ч4в\nUН\0╕▒\ї1\╧YdйQT√!╕-Н\┘\┘╜\хbмkС\╨aШЙ└б \0E\ъРN\юаdsи\ё\╓<░9∙VF,\╬\╚Nl \0┼Ж4\╚neН*\ф№eЫИ9F[CЬ\Ї\╒\ьН·▒>Х╬╛■P[Gz\щuBBУЪ\╘P\Їн3`Q\▐%@╜P\0жSw\╙4└\ф.Н\╘@\┼E==▓\ёл\nZ%Ф|\ZВ\ы\╙\├\"w\╧╚Ш\фе0Ш\╚┬ЕлmU4 oЦq\┘\чб\яНE\r+∙w\Ї∙\╟>\т<9\ц┌ж\▄B└\Z▒┤T\хлА\ЎйН\ц\╙qB\тB0┴\▌\╙\с\Ё·\╓6gо\Z| \0h\╒Iн\╓┬╕GO_млЦ║\ї\┌4E┌в\Z\╧|!B\▐¤\цc{CБА\ў\╚B╒ГA \ш\▐¤\цaФ■ЭaySЧ╝╛\ЁB\ї\Ё\Ї\щФ1г\nzrЙInhp\▀\Ї╢¤)Я\э▓Ч\╙╙Щ\чзw/-\╞\ц%Т+▄и8Б√F\┬\█\0ЮЧ└з\─>c°zН<╢И\я┼д%hГ╓ЫM}·Bп7▀╜ %\уIН.Б\╬x_Q┤\rв\╨H╝y╞╖#a╢>*иБ\rЭ^Х\яjjI\╨\єдЦ\\ЯЗ,╗T\ЁT}Е:■\ц-r╕s╚У&z\╚\╚/\╫Н\\ \0Р\с╙ж@\эDХщВШ│!\єеcвpЛ( \0-)H▓╥гCUж<K%ж3УUEYB\╬Bм4╥Щ\шG8\ч▌п\сп*`ик╖\┬\▀1\╚\╟A\т|=мо\ЇШ\╨~В)\х▒\Ё\ы\х╢RZгАv\▄:G><▒╬д║\niIZ9%Ю\╬\╠@дР\0▄ЬtО\┘)\╘A1\ш/\┼orEr┴d2mhПгT└Г\щ\rZ\ш╠ЯЮ\ЁП∙\╙MFУ▐Г\ёqзnHБ\n[;^DQZLж╜╤Я\\ |[▓E\х7\с╛ `пЕ\яСЛ<АiЦX\Zju\Ё\┌Y╝\ў\0l1-L┬╗\┬\ёyY%(\уKJмfL0ж\┘\┼°Я\0┤\╚?\ъ\╩d&└й\╙\тZБ\╨\у│\┘\\О\ъУ\╠E■\╙\╪\╫i\ю\я0▓&дТiZ\╨\╫hS┤йr\ЁеА	∙GgДе▐С\═keFS╣7Mi/u\╘\├rнeЕ▐нIИлK\ў\сw\Є№y\"¤ж╘й∙kЦВЫ\╟@░\╬u[НГ.diQЗQ\ю\┼Xо│MaЭ@&,╢\їо#8\╔\ф\фRt[a\'╚Ч°l\\+_*qЕ	\├\─bc^5Л$РФ[\─\╓∙\юЪ\є\├╘Эа╢3|5\ї1а\╠Rж\щ\╟[дx┬ЦD(\ьД╓Жа\ю	4∙Be6в╛ио┤9l\ёQЖ╡S╓ХБг\█|\╥$╡3бзША█Я;8\ї┐■ДИLюБ╗ \єq	rmжBRK\╨B\╓°\█ws \0\">P┤\ыxV*бЩ\щPI╞ДБА\▄B\ЄнW\ё\╠┼е:Z%rЪ√▒\╨╜N▒ТдвDP╡7Й▄╢╡\╫A\сM#K8\nА─Щ}\╪\ш╜▐нЩ\ЄCбХ \0\n!B\эgDЮ\ь╕\щ│3\╘\ё\╟\╞ н\ЄЩQ\\Вw|iБ\ё\ё:¤к\╔(║╣@\\-\╩ь╡нмT{KgЦТf#А*hП▒и+\єб\ёН\╪\фЫ╙▓\ь\цnc┴:РMsмj#PaC{·F\╚\╪√\├\ўАЦВH\╬#Er,:╛\ч\х▒¤\╧\┌\n{?a\ь\╞^╗m\╓YoL2 4\ч\0\т+W\ц└k│G^}`Аs\ъw√$Ч\╚yW]┴Н4\эИp\╤\я┐|\сЛmЪщ╝┐	 \0Й\╒O╝бe\╘\╙VВ\╦\ZpvXИ\"\n┤n%д5&\═^\єe╢\Ё\┼\у┤NE╢v>\╘ <I╞в\\╢j└·\ш╢Tв(\┘Ty╙╡\0\тМO \0\ZП%-OЬBqо\┌\┌m,▓╤┐\rВАжД╘А/0\╟] \╘░\ф\щ#жv╣Ф\┘\╪`q8д\Ёо ╠╢8Мли√\─\╟\сK%?╣r\╞\ёg%к\╘\╨А\ўМkj\рЦgk\═y\\НIS_Q\цss\цЖYZccG║\╪KWХ8└\╘b$╛#\╞$дKUPP\0\0\▄R│ФEа%И╘Ьk\╠RЮСй╡\Z·лЗИи\╞Тpж┬Д\╘d>AЬ5-()\ы\шiСп8y&`\ёП\n\у\'fЩmYе╢Pt+z\ыhy\єG\Z\у╢Yй=\╥rР\у\─r*u;\╓#/HН\т\╥╨▒EgAU$@\╠\╨\чy\ц\╫d═К\╙k│Ь\╪8S▓etO\┌У\├dбE\Ў\▄\х\х═ЮN░x\╙Q╧┐а\█8е\рiM!дЪо╕\Ё<вМ1\├QИ╧ж^┐┤\'6+W\Ї.,Зз\с▐ЧZ■aЕ(з\0\Ї║c[|╦д>Г■SпБ┬▒┐(\щЪ\щ╕\╘B/kVZМA└Н╖c[\х+]0╛\цqЛW·,╦Йxs+\▐л╝OМ▓\r\ъ^do\щ\ц∙S\╞\"\чZ\┌B╝з\╥\═\я\├aН№зP1\┬\┘\'Б2pwEk▓\┼\r2╜V¤4\0\r=#l0F\х.Ч_{A$_8B]Uv┼ЪОy\rСН,2e\╦i\╠\ф2Ч№╪АШ╛ЬzB│нкУ.\╘_\nnнi\▄k\╙\ZyB3h┤░и`\р: cС╖Б┬╡J\╫░\ц╕\Єk^Бв\═2Е\╩%y-I·Мг,╥┐\rnxй5?\─\─╘Ъsм%\┬\х\╬K\╦:\шЩzмT\╒iе	╞Фзм8,W&,HЩ▐б\╤\ї\Ёе)√@JЫ\ў{ \─∙/@i\\░\═>▒W\э╒Ъ╢w.\ф(\╦\тB№Ш┼╜зА╡мAv╗ЕL┤\╚7\0hG\─н+жз\┬Бз$╓И╗9■\Є\▐\╘`~З\щ¤\сJ─МЛ-YГ:вЛ┬з&жt\Ї\ЇИ∙иA\╟├Ш\▀\╥:С·0Ш-ШT└	Жl\╞)СПЖ\█=\ЎН┤╬ГZ\ы\╓,oЗ╜y\ЄМШ\╘\╓\0М№\Ё∙╟Е№■Pл9ПTd$%╕`Cc┐05\─G\┌$jgи:бyf\ю у┐╜!з@\ыL╢\'\Є1\╨■У\яX\сw\ш▓*K-\ц\ш6\ы\ЎЖ^\┼q│╝yNаЯЬz\шu\╬\╩╓Лz╨л\уЧ`Ш└зС\ф\рйRqжb║шаП^UЕЫИW5п\ьr█Х\"+}$√/vkO╡v╝\х]Ъ║Ъ]Q■\╥\╨.\┼p\ё2s;\nДХ■2p\ё\01	p6EЮХkКвм\фА|aV\╧╖\Ў\╩S╜jcP■Х7A\ёеcУ:А\ш.REУ№╣$уЖЪR6YU╜yqб├╝)ОZ\╓\╞\э7з\╬Щ5Й\╟\я!\ш\╒\ш╤Скжk:_\щ\їд*└W<1?h$╩ГL·\т|Д\╦\╘= Ь\я┘Цй\Ї;f╡ГЕж \08~D\╩\Zhb!H\▄|\с╣3Б\ю∙}в▓A┤з\╫\ў4a\╔ \0Ще0∙B│\хР\ZВ╡\n}c\┘\Ї0Vqн<■\Ё\▄rSVГЪh\ч\Ў\▐:V.ЖХ°Ж\"Ъb2ДoGIЫ0dEFD╜sКG\с\ьf░E,	и\n2оШea;\╙9∙p\╓\╤░╒ДА\ъO║КA╫Г\╧\╒Ш√\├IaDж°(▀Ь\\кIб\\$╖F\є\ZЭ\"\▀cF%ХК6еiC№\╩p1%h╡&ЛAе%eFyидwkЙ4\╦:P\ч,3ДГ\╙\шм\┘8xЯiDggPI# n\╥■K╞Ш\Ї\╩/,п-\╔Rлдн\Ёp#3жze\r\█,HО&кА└PР3Z\╫\я\Z\┌mjк┌КA[з\є│]+AЩ80\0gz<ЬЭzнm\Ї\┘cIБQлDяЫ┤ \0оХм4ТФ=iТАд\тhsхРИ\├j{УZЧШЕ\─t5\щC\rЙЕQ/\Ё[о\nz\ўй\ЄKВ`╓Зf╜\\Э└∙╖┐∙╖\▌╕\nУ\╙\ўИйЬMC>8а_2ZС)\├Фv°И\ю3 t\╟\╬е\Є╣AfI╝\ь>Bм)xСSPr\0\у\х#0R/▒\nZ\э\0\╠A║ЪОЩ|\╠\Z\╤hS!\ъ╝1\╬7h║!е\ЎZ\╞\╒fЦ\ZмH╛Kй\─*\ф\0╩Ф\╨E№@\сл*\╥Z\╨h└\n\р\фа\Zpe╝t┼Шn\ўT\╨l#Э\Ў╢\\\чЬ╙ЮYIE\щKвм\┌\╘3w└нФj\ё\ЄJr\▀T·│Ф3f│@Ж\ь\╞6HМr┤0ДШ\┘ШzLР╝h\ZY,\╤\ы \Ё\ў\щЪ\у\├\ч√Dl∙\╒└e\я\╥!GЩ┤m&}\╙\╚\рF\Ёйh\єЬJ.Й\фK°Г_Х30│\0\\ \03}FЬ*\╓\02О\╬9RЮ\ў0y\╓p╕КРКXОx\ї>U\▐зE╫▓\╫R\╫F!\эп\█├Ь№гn\"M,М@nП` \0 \04\э\ъ!й┐@╣\Z\╧x\щ]Д╡▓ ├╕╬Зй%▒\Ё1\╠fШ\щ_\с\фд \0(8Чk\▌E\0 \0Н#Эф┤▒6 \0\╓?╞╛eЦcИ]\═q&Э3¤гi\╠rQ\╫\ўБ	Ь=Ш\х╟У\ь|▌╜#╒Ъ2дh\╩\╟?\\=!С$.5б\х\ў\╬4w\Zy@\Є\т\щ\"Ь[`\╔<Жз\э│\▌║\0\ї\єПTЪ╨Я}ckГj\їН\╔}08\╨IVА\├+\╧\єsж■\їЖU╬ФС\рйL╣A\╓e\сxxК\ф~░R|.Q¤■\├\с%%\┼\Ў4\сO\─|?┤\nк\0д┐┐x└Щ\у4╝╢5cC\r2┤d\╚\╧o\Z\ч;√\ўФ#iz∙So\ув<q\Ў)hФ1d°F`СU√ИQ\'Е!лJy\ўb@9\╨╣\уM<xM@5\уNGh\ь`\╩\чС\═\Є1(J\у\╤sЧoI▓├л\rW·Ц╖ЗPA\ЄЕТ\┬&-XTгUq=╓║Ep■c\0╢X\╙°4B\╦BB╕е1╗И4╔Ж#\╥\сe\╒\▐T╘║VДj\nЭ	\╚5t4и5д!$ЫФw^Ал\шХ\сTJ^еob~^∙ШO╢V└ТЭ╘АHз\ї~_Z(WК\╧d7\╨^Х1╧ФW°\ўI╥К╒ГС\ЁФ8╨МI8\ЎГ\┼JIvмк ,ЬY\цNT&Вd╘╜╨Р┤о╘пЩО░ЦбH\т\╓U\┼0й\юЮu\├\╓,є╕╜б║╖ \0V8*#WУГЫКК\nХЧ;=о№\ўj\рА ■ЪУ \0&>P¤\у5\┬Бh\╬\ъ┐S\с╝sn\═qF,%│*TТ\╠╒й5й\ё\╬:$лt┤J)\├2u&1e\╞\ё╔жFЙ╘Ьи)\я\ЎК\ўl\э\╓)┴┐M\▀ц╛╖}i	\┌x╡\уE\ЇК\╫j╕й`$L\▐UU\ї\╩УЪ*КsО\Ї\Z═Мd\ф\├\у▓КGV\Ї[Р)w\╙\╧\ь ■\ЎЕнVНP4yiЯ^\ш\ё√tЕ┴П#XH\Ў<>_H\Ї╟СZ8}ВИП,\0|MЛ\є\фzCOaл╢X\╫_=<\"#Ж┌К\╚p╡╝64\╠\ш+єА╜║cb\╘4\╘\щ\╥)=▓д╖hЯgU]\0╘Ь\╧ML№\т \0	ИyV\тs\ё▐Ьл╢\╨{д\уЙ\чО1|\ш$з\ь\у╕6и╗~c\ЎЛзf\╚B\╥P*иА:Ь╟Юh┤jLg╡▄ЪнбюЮНЗ╬Ж<1Ьx\╦e\┬n3M\Ї?ЪФ\▄s\╘uНЮu0а\щ\ў>№cnВk\\p\х_Ь\0%*\╟3\щ\╬8TсХд\ЇЫGJO\ти\ёлX\Їн1\╦▐░Z\╙\╞=╣AV8\ш6√└\╬)bвз\сoР\єГ╦Ц\─\у·q\ї\▐5i7\═\т	\╪ЗЖ_X\Є\╤5Е\▄.\├S\╨f| b\ўP\█№\┼v┬┤Д\цz└o*°hF\▀hU√C\'%╝\▌ЮU\╞│[R`$+\цR)\тE#MdК╣-})\╞\ъ-\Z2ВБ\ўИА│PAЮbй8\рs╥Зq\ї\єА\┌%\╨\щ\у\я╔Ы\r|ЧL╙Оi■E\▐e}√o╡*-YВ\ї8\├\╧$7\─\╠┤вП<╟ЬBq.%eРj$м╫жd▐зЛW\ч\у`SХВe\╔\┼_∙ xПU\\L$m \0ЕuИ\rJQ44▀ФK\┌8ЭЮ╨╜\щA\\`p\'б\0D│В╗Цdk\рaAБaБ\╥;╪б╕еTs2\')rn\╤k\р}дkHr\шк\╩G└\r╥┤\├·Ж╗\рbN\╠\Є\▄8 b{\├,iЯ\\3\х\┼\'\┌,lVЕ/МUЖ=\ыY╕\їбMU\ъ6a{\r╖09<V\ф\хV\rY~╢\Ё·|3ГТ\▌\╫a√\┼kИ\╪кооsJ\Єе	t0╝О╒║║╡\▄T╓Бк\тЗ z\┼\ъ\├\╞\ьvдеPQ\ш\nЯ·ИZОLJ\┌■Дg5│\Ё╙ж╜\х<\шI\╪V&м(н-Q\╔$VХ╬Х \ZsЛ\rв\═gK\╥\ь\ъЕ▐ВК╫ИSЙ fi\╩┤\┘\nL║к(E	#°p\єЖм▄ЭvT8НБТk]оS1\ў\─У▒ZЭА49к\╫¤\├8░Y°|ЦШ/\╒^ХR+\╚\ц=!~\╘\ёYHл*PGqЫB\nPb3nZR.r\ц°\╓\╔lJgI`╥О·И\їа\ЇК\ь┘м\ьYНXЪУ╣Бcy{┴\╟\ZВ\╤▓ARFЧL\╞\▄·F╖a\╦,З$2#51└Ж╣iХ!>e┬НЬH\ёKкЗ(UI8\╩b<tz\nи┴Fд\╞\╦C)IuБб\╞D┬▒iМX-bXpV\Ёa\сQ╛\у\э	\╠r╞з-\0В╕\Z└╟╜zrЙ\┼]Т\█5Ж║\щ√CЛ░\їз\╥<Х/S~1\Z┐D┤\\░╝╫А,\╚#4A,╝\╪8З\т╦Ц\їжH\у\ї\їзм8(>СM\рEQЩw&`O\Ё░°H:h│XЛ+*░ий║\їнz\эOдq╝ \0N_йлgK╟Ьe\Z}ТRe╢g=9F\тX\єy\╞\єfк)f4P*yS8л/huеГ°xЕwН0╜\\ЖЧУ\ЁГ\╔8┴пл\'\▄I╝\╠h\Z\n_x\┬/\├\╤▄╗В\ю╪Т╞ГР\0(2ж10▓9°hWx\╫j\фJ%У\\aБ\ю)\цG\┼\╨y\├1sr\сЙR4╕\ЄЫ$R\╟L A╚▓\сАnI\ЇК\Ў\╞\╥pаG│6-╛y\ц<┤\▄\ўM9*\╨∙\╥4┐1∙dХОH╖QЛe╡м■\┼#6\╩ipЦQ∙JЪД\╙^PkРK╗\╠mK▒>ВГ\▐q┤\ЄNj<░\фtМКj3qN\╫√│KJойХ\╦Gz№d \00\╟\чNgoНЮ╜\╙ЬQ\\\т\х∙Ж \0\э\Z\╚·F\╪\хФ4йКxб-Ас╜ЦУ.│%╜\Ў╥║ES╢|f\\░P\ыn╣пX╢мЗ║╘ижЯHн\┘;-з<\╔\╙	лUНs╖ШМqпЕ#v,╤Ъзж&X╕\ї\╤\═\эVйУШ4\╟.@аоВ4YrR|#и\┌8Ileн\Z[\╦v	qT\ш@З7BЫ9║vv\╥\┬\ЁС0Н\ю\┬\єxD\ї4iST1\▄8gq9d(╛)Й!\╧hС\т│@$\\\'Ам5VИrn\─*е\Ўqu\╘\фE\├╓▒!─н\┘\n╜\▄iж5\Ёо8ом\ю[╕kК╥ЖЫУ╖28Ir┴ХЫ*ГB+SП.Зj\╞R\╔═║▓&Щ;Е═Ь\╦.S\═{ЛEZw▓iН6A\ьА\n\╒byJvaСm(\ъ9\n╘н\сpУAУЬ\╟c┼░ВjN1▓е%\ё$║8╖h√(\Є\Є+<│ХJ\Є1┐\ьМ\щ\ї╝еvЮВ;C\┘@И2К\╥)й.└╢КEЗ▒▓е╨╡\\П\т\╦\╩-V\0БnU┬Ф\Є√╡Е▓\rDb\╔)\уЧ.\╤VU{y└M\╨\ЄЦ╕╒А\╘Q╠нbPL╞аo\╥;g\тE\▐ZсАО;\┼g│\╬vav╕Pa@2Н^>_\╘VЖ\┼Z\┘Вж\цР·Xп\├=╖И∙┬СбI6QьбМ▐Св\n\n└╪УC╟ШL3\├,\ў\▄@47kУ6Г\ы\сIPEХLu╥ЯHНЪ┤Ъ╗z\┬\╒0GjКЪ\╘fsй\ё\ўД.з\▌`RhН/EйР[\Ё░>■\ЁY(XЕ\0У\ъ\"ШЖq\щ.\╧<╦Е\\йeZа&МWzkL\"о\єR@╞П3mп8JGШ&	╖Н\Ёj╥ЫrМ\єйз┤\├\╟7	Z.|WН\0ЕYXТаCJС\ЁУ\╩*aAxХ\у<PZ% Quпa▒ВЗcS\р<)ж╢&Иx\я·EuДc┼П╞ЛХ\ы▌П\╦9fТQ$\ч┌н6йb\\вPСIНR+Ц┤a\Z\╪{%qЪ\ь\чe\ю/зx∙И╡Y\хк ETd=\ц`Фз┐дr\Єy\╥n▒\щ_\ю═ЛRN[\╪B\╟┬м\Єй°rРн┌Я\ў\Z▒\єдH.<¤∙\Є\ў/8\Ў\Їg\╔9\═▄Э▒Сi*К0Н¤∙¤#G@}\╫\ч╣\ўмe¤ДTY{t\█1C\╧аVЙ\р┴ \0╒╜t \0N4╓░\▄\┼cй\ЇА▓7Бй┌┐\█vНШ2)|e√iзb\╥xВ╢Lм?Ы\ш`н?\▐xOИ\Ё\хq}\ыL<y\┼v\╪\є\хцЧЧ°Ч\у┤iQwIБ)Wk·ЬD;Вкqг`6\╟NQf▓═╛╤АHJUн\▄\▀TjМ0>xVС\"╜кd4t\"Щ\╘F╡|Rl╟Сж\эKХfCr[;ЬHU\╠■ж1c\э<╓╡+M[▓\╧v\э0]кNg\я╢~\█K\╒}!\─\эmЩ░ yA╣\╔\╓\щ/T\r.=\┘\┘6б}HW■!\ї\▐)SЕL│ХFz\╪0ж W\Ў[°EШvжBKkМжBЫ╟жZg]Ъ/к╘и┤╥╛G\╓\"Дйе▓4о\╦┤\\┤Kе┴╝Ыж\с║q\╚]иипъж▒yI№¤cРqЛRK\0аd$КЛмдR╕Н\╙-aY<za \0\▌s\у\ёПE7Gp\ъ!)\ё\╧8Wl\▌\▀]\ї¤\т\┘#┤vyЛP\рОpq\╦}К╗┤N ``\ЄfЧ╪Б \0┤еb\┼%Ъ(\╫xн\╬\уH║f9WFN3\╥@\┘}╖Z╦╜?-bН\Ў]\▄■$╡о\т*гЛL╤М[{3\█\цФBO[\╔№C1\╘k╟ОP/{+У$┤│u\┼\╓\╪\┬\\F└\╘ЭM	\х╝v╔▓l┤\╟\Z*\"╗o\с╢zа+B(6\╩4%\╟c╕к9\тiаНС!■)┬ЪT┬╣б\┼[q╧ШЕШRЪ┤($┤=\"1\сГ!лBN\т╣A-╜\я[SзФS┐EдZl2\═\╤\ча∙CО ▓БIX╢L√rX\╚\╚\╠\Ў▌КDjMkS╔УйММВ)ПKХV\n cА▀Ф_l2UE\ы╗jOМdds┐\ф \0Ц┐&\я+dЪ&\я\сыРММО\ZК┘║@ЛАПnc#!вbh%\╙_(\"Г\╨FFB\ф\╪\шдx\ш3\ў\щd|Дdd{/╨┤\ў)V#╕~ ?/\ы╖\є\▐\"EйX░4 \╙\├\rИММОлК¤.^\─\█\ч\─J┌Д\nб║└\╫\0(iб\ы╝T╕Хе\ц5\Є(h0\ё\╓=МН>\═|МЮLTZа\╔J╥К SCV\Ў╝А\╦a\╬227~ЬLв│ЛЬK7Щ\шa╛P\ц√\▌[║ЪT\╫\\\щЩ4\╪FF@╛В]Т\▄r√абAVWSLTRЩ\╘tИЛf\╓b_В\ZСu┤\█\╥22\ф\т┤,|2┴gIЕ8::\чєДЫЖJ╛nM\├\їг#!\\\э=й=СН└\▌\╪\╤╘Н\╬г\Ўnh╝З\╞22\rMН¤(И\╬\сУ@z│>\юyR22}Б(л\ZТЦЩXе\ї▐З╡p^#°ЛGиqШ1СР3\▄EHР~&)VC╝R8НМ\╦vBA╗Щ|║tММГ┼евР*BЦЙЮ\ўММНб2+ЬmNq\ьdB\╧ \┘','Musa'),(26,_binary ' \╪ \р\0JFIF\0\0\0\0\0\0 \с\0WExif\0\0II*\0\0\0\0\0\05\0\0\0\Z\0\0\0\0\0\0\0Golden Retriever Dog, Mother with pup laying on Grass \э\0ЖPhotoshop 3.0\08BIM\0\0\0\0\0iP\0\rslowmotionglix\05Golden Retriever Dog, Mother with pup laying on Grassn\0Getty Images/iStockphoto\0 \с╣http://ns.adobe.com/xap/1.0/\0	<rdf:RDF xmlns:rdf=\"http://www.w3.org/1999/02/22-rdf-syntax-ns#\">\n		<rdf:Description rdf:about=\"\" xmlns:photoshop=\"http://ns.adobe.com/photoshop/1.0/\" xmlns:Iptc4xmpCore=\"http://iptc.org/std/Iptc4xmpCore/1.0/xmlns/\"   xmlns:GettyImagesGIFT=\"http://xmp.gettyimages.com/gift/1.0/\" xmlns:dc=\"http://purl.org/dc/elements/1.1/\" xmlns:plus=\"http://ns.useplus.org/ldf/xmp/1.0/\"  xmlns:iptcExt=\"http://iptc.org/std/Iptc4xmpExt/2008-02-29/\" xmlns:xmpRights=\"http://ns.adobe.com/xap/1.0/rights/\" photoshop:Credit=\"Getty Images/iStockphoto\" GettyImagesGIFT:AssetID=\"1254525251\" xmpRights:WebStatement=\"https://www.gettyimages.com/eula?utm_medium=organic&amp;utm_source=google&amp;utm_campaign=iptcurl\" >\n<dc:creator><rdf:Seq><rdf:li>slowmotiongli</rdf:li></rdf:Seq></dc:creator><dc:description><rdf:Alt><rdf:li xml:lang=\"x-default\">Golden Retriever Dog, Mother with pup laying on Grass</rdf:li></rdf:Alt></dc:description>\n<plus:Licensor><rdf:Seq><rdf:li rdf:parseType=\'Resource\'><plus:LicensorURL>https://www.gettyimages.com/detail/1254525251?utm_medium=organic&utm_source=google&utm_campaign=iptcurl</plus:LicensorURL></rdf:li></rdf:Seq></plus:Licensor>\n		</rdf:Description>\n	</rdf:RDF>\n \█\0Д\0		\n\n	\r\r\r \"\" $(4,$&1\'-=-157:::#+?D?8C49:7\n\n\n\r\r\Z\Z7%%77777777777777777777777777777777777777777777777777 └\0>>\"\0 \─\0\0\0\0\0\0\0\0\0\0\0\0\0\0\0 \─\0>\0\0\0\0!1A\"Qaq2БС\Ё#б▒┴\╤BR\сb\ё3Cr$SВ5в▓ \─\0\Z\0\0\0\0\0\0\0\0\0\0\0\0 \─\0%\0\0\0\0\0\0\0\0\0!1AQ\"aBqБ2 \┌\0\0\0?\0Ш╛~u└ФлW\╚\nтвХК╡zVsЦ\уqК░╢ЧXкh√\╩7л&\╞3@Ъ\═HЗеp╗\╙\їаГ╝RйRRеJА*TиRеJА*TиRеO@\rJЮХ\05=5=\0*TйPеOJА\ZШ\╙╥аJХ*\0TйRаMOJА\ZХ*z\0jTй\ш╛T▒Ъ\ъХ 2H║\rM2л&jH$TК\┘\\U\Z@)в-\ф\╥°\щJ\╪6оЦ?\─>4 eмD0\═t\├\╨\╨+(╝ei─НЭлкНF\rK@ЖеK\╙\╥йS╥аеOJА\ZЮХ*\0TйRаJЮЧJ\0jTй\шRеJА*TиSS╥аеOJА\ZЮХ*\0jT\ЇийS╥азT\╘\Ї\0й\щйzPfX\ї\rкR╕г\╞*\"Uки╨Ъ\╞LлХП\┼rи#Пк¤*xЖH\╧:╩ГS╢(x\Є\r\"Dгz\ъЧZTАTй\Zz\0jT\Їй\0╘й\щPеJХ\0*TйPеJСаJХ,\я\ыEЕ\nХ18\ц\їГ)\ыG$>,z|S╥аT5*zT\rJЧJz\0jTйbА*T╣PRзе@\rOJХ\0,Rзза╞М╜.\╧5\╤▐Э╢\\\Z▓\╔\с4@Жи-█Цh╡SЬ\╥\0А\0йРМT<\╞\ЇХОpiJШrзР\nХ=5\0*T°е@\rOJХ\0*Tй\шЪz|xsйR▌Щ\╘>├им\ЄeО5l\╙9M\╥\"Н\ZSД\є\щV№$\╚2\юJ\"\╓%$\0F@6лHЧ\0^l╛L\ц\╬\╪\рДJж\р\ъ75\nZЯAQОДu|xTrаlo\╠\Z\╔\фУUfК)2и[)P\╔5\╙\Ё°\┌=\╨\0*\═#@║Шrд·~░йЛw\┘NМе\╥5╗ Х\╧Z\ц7п╥мxИО7\╥H$°ULWc\─e\r\ь\шGJ\ь\┼\ЄZ\╙\┘═У{D\Ї╣\╒\─\▄2	иМ\ю1╕к\╔\сhл|Нu\├4\'\╤\═<RПdTй\щVжcRзжж!SS╥дRзеL\ЇйRS╥зЭС4(=+Р└\╤D	#\┼\╪in╕л(P|X5c└\чU\фИ\╞\╒-╝Д░аУ!╖\хRзM,╣\ыOждGI╩╗\┼Fа\ч5-\05=>)RйbЮЦ(йS╥аоС\╪*МУ\\3кВ\╠v\═\├t8>y\цk∙\╓%¤6┼Е\ф└╕lг╖З┤~\є°■┬ЗРСл\╪ \0uфЫА>4H6c\╚WУ9\╩n\┘\ш\┬\n+D\Ў`\╟\┬s\╨uд8БКP▓0▀еTq \0i!\рЦr\у,N\Z\┬\ы{╦ЦIo-√(\х\Zв`0>Tг\ЎЕ)\┼jGоEr\'д~~ХР\Ў_М▓w╢НkY┤а\╘@4\┌\Z;РИи;\Їк^+x`Л┤\▄wХY-\╩\ч\▄Uo╡\ў\█i\r╗\щЧNуЮп\єEE╖n(=\Є\ю8\с=¤\╞1VWЗq(ДЦ\╟c\ЁH╣▐╝З\┌;kл{О\╬\ц7НИ62`(\▀P;n~╗`\є\╬\╞{	\╞d┤\тkmp∙╢v╞╢А\▌2~∙\╒\Ёеh\╦\Є[\т\╧W\с7/\ўg|╝	\ё}\фQ╠Щ=\▄\╓r\Ўqk─Р\ъ°АaГЪ╛Т\щZО┴dQРjЬ%h\╒GТжUСб\Ї\э╩ХKr╕ФmН╢\ыQ\їпg╣A3\╠\╔2hjjzUбШ╘й\щи▒JЮХ\0*Tй\шRеO@\ЁАW└\╫2H\┼\яБРkг!~\їX┬дД╚д\╫0F\╥hЫiW│\├xP\ў\Z\╓\┼ ОeQТvо¤\ц2y\╓OИq#U[Zнn@└fе\╩+▒ЗК█ГR\ъ└▐│&¤ЩvлЛ\ЁjtпjЯ\▄)─Иy\Z\├q.<ЁУжГ╖\ЎбБ├Ь|\ъyE:░=##╞Ц+?┴╕║\▌c╜Ъ╨й3MА╘░3Г╓ЯХFд\╦0D\▀╞жM%lдЫtЙA╖x \0jЙ▐г\сW!%D\╘I\╓█ХZдDЕC╢г╛+7 1]\\Ш>(\▀#\╦\т|йй>H\ї╛<\ZT\═G|JFvо\╦\┘\щFб\т\╠С\у9WxUT\r(╛ПЮБ╣\ємT╝.Мп╢<Л\ё╗нP\█╚╢▒Ь lТ■x\щT╢Ю\╔\ё	QН\─Ш8\█A\Z╛╡\ь▒]Ж\╞G#]:E .F\рgzщЛдa(ж\эФ\▐\╠p╕xxVT\╨U\0#=j\┌\т\чQ\┬nIчКБC!9\╔?:\╠{k\┼\╒#░╢bЖ\\ЩyХ\Ё∙Я\╦4AX\фш▒╝\уV\х$╗mc#В\╪·\nо~?m\r3\╬<\╠dП\ц░gО\├ez-dИ\ЇП }+О\'\╟B█╗АГМVЯ\ЁОK\ь\Ї╝X\ё┤Й\юrи;░9\r\т\r<|ДpmolмFu╪Вг\╙j\єЯg8╜┼л\┼u;\╬\╫<\╟C\ў\ч[лЧi╒▓F\├|·Q(к\╨F_e\'┐iп╠кеc;(\╬qZ+9}\ю\╩▄Ьи#9∙П┐*\╧\▄[Щ\0\╘F═МxU═дL╢╕:JIдП\"?\┼rfz:0н╢Ho╜\╒╔Х╠КзGШгR\т7PA;\Єм\ї·Ш°Пg!b▓`Б\ц(П\їIХI\ш	\▄\╫nЧQКg6_НnM\├qK*▌лF;zT\Ё\╔\┌╫жЪj\╤└\╙NЩ\▐)▒NYA\╞i∙\я@Ж\┼6)▐Ь`\ЄазеJА!OJА<\┬\ъ\ъX&V|тЛГНBйВ\█\╘\\bX\Z\╦5У╕r3ж▓Ф\▄\ъ═Ыq\╘\╚\n\╒$ЬS0Ц\╧╩░╓м\э2Н\╬¤+me\┬nn-О\▐V6!)\╟+Р°ЩЮ!v\Є\╩\╟5\\е\ї\ч\'ЭmS\╪.1rКС&y+╔ГBqd8ЭД&KЛ\'\╨9║wА∙К\┬\эЦ\р\╥\шДqrДF\╒uwuЫb\┘\щYнЭ&\╬9Q\є]hM$Ь\т╢Y*;2нА\▐\╠^CЮT\ъ<Еw)\╦\цпxО\щ░\├$\╓1NLзб{+w0╣ЮU\щР\▄,v\сЬ\уjд╡\р)lвDPО*┐Н\▐OE#nU\╫Q\┘\╧\уСD0дg8╟НZXЗ[uy╗м\├Q▐░^\╩XOsr№R№3\├b┐∙d\ш=\Ё+vЪбп$\r3\є\Ё√EyЯ3\ф\┌\с\╨°Ш═Ж╜\Є(P>!\╦@\╥{Э╝\╥m\╚y\╫WwСErкF5\ЁбP!╛УQ┴n\ЄчЧеyТw╤Кй\Zлs\┌p{9\╧dг\Є\╘Jг╝\├n^╡\╫\r\nxM║\ф\nЕlxБ■)\у°А√\у┘Ы╢@\рS\╧8\╬*FП│д\чS~T4sI\╞:ОХ4\Єx<\ыв/FMlВ\тl╛@:W└╫Х{kqw■и╬оNСБпz\Ї\╓\┬;а9#8\єп?\Ў╜U\ц%Р2┌ВЭ\ыгЖ^МE┼┤\ў,//%Г│GН·∙ \04Т	╒ГЬe▓1\╘тж╗И╗РзH-ГП╓бК\╥╛\ш@\╧\╧\фw\Єнh\чl\ш&8VY_e\ш╡\ъ\▄&\Ёмv\э7|┬╣=H\ыX^\raТ;$пУи·°\Є\Ё\ц9°f╡ОркМААF■c\╫\яаnкЗ\ю\├\я%/1\n╗uл~K\Ё\┘F{\┌A\ї \╓r)╒Ж@╦Мg╬нxe\рХ■Мo∙WЯЫ\ш\я\┬¤\ЎЩ\╠D\┘=в╕\яРs№UT34\╬[Nм\эдоyo@\ё\█╔п8Фз╜┘дАС\╟\єDF\ц%\ф]3║\у|z\╘q\уПТФд^XL\╠\╪G\Z▒\Ё\╚6o\р\╘\ё\ёn┼Щa\═|*о\╩]S+\0H=7б°\Їа]бPg\█\ё│8\┘\╔\Є`╕жYM\╟q&\╟j6█Об,+\r$°;\ZЕоO\ЇТ\rtпУ/Q\┼\─\▌\▄\ё\╪┴┘Жj{0О╣-^xП╘ЪЭ$╣Еr3К\╤gm\Ї*=╕╝AА\╘7в\р╝IG1^Z.\'g\╦9{a\─\╠*║Ъо9У\ь\r\ЄР\╒\╓├Ю*гЖ\ё\фП,┬Ъ√ЛG\0\Z╡\╔\ц7S╕T\'√Td\╓\╙\┘\╧`\Z\хRn2╬Щ\ё№C \0#\╙╥╢ЦЖ\Ё\╬\╬D╡И╠гb7лHоNГ╖LЪ\ЄзФ\Ї!Г\╓┬╜Ш\с|8╢▒Б\n\Єm:Ы\ъrj\р2а\я)жB\\!q\цkЗ`2Wжk\'6jвЙ#Г5&5r|yx\╒h╛@BМЦ\╬└\эЪR]i\╥∙ RY\n\р\╞=Ч\с╖·Ы\▌\─2У╗\─0k╠╜й\р7<&BO\т@Аr\їпd[┤С3Ю\ўZК[EqWEc):ЗйнгЦ\╠\'Е3└$У\╒▀│<D[╧Ж;U╫┤■\╚┴-=Ъ \0\╪q\ў\ўЪ\┬%╝е[R▓Ю╗WD\'N\╤\╔85г\┌l°дS@50и. ╖║ЭC\0Wи|л\╬l°\╙\├\яЕX\┘√E\"J▓d\╚gжkжyW]С╒ЮГ─▒9UH\тЖ1░\╟°о$e2n\ё\╞\ЁбнxДW▒Й-\▄\э╟Е4─б(Aе|\Ї\ю\┌g╗ЪM]Dо{\▀|*+Г\▐I{╤ЬМ\їT(о\╪\\ЯiOо6йZ-\ь┐\Ўi\╦\╟q0\▌\ёОЯg5\▄r\█\ф\╟5Q└.\rп╖МЭе\╠x∙d~Хg\─\╟cv\┌vCЦ\═?Ы[&┐ШG░sЭШП\n\ю;НQЖ\╘0:Pb\щР\ь743\▐\╟\╧\уHSН╣Я/*\╤36ГfЧBЧ\'\чHм╖ЕeЛrLо\0E\╧C■3∙╒е\┼┬и╪Ч└\╞G\▐jпЙL░.~9d\ъ\р∙\я]Рg,\╠+p\щdСW\n j╣Ь~_еu4:HeBb\█╝\шrCS\ыЕ\э\╦5╜╖pk)\╘n@№\ы>j\'#ХlОs\┬;;f)кМ┴О\'п<\Ї#\ы\╫qFн\Є\єНH@v\0Н\╬6\Ї∙|\╬^\╓\ЁGЕ^cX9\╬\┘\╧\╦5`╖:;IA\╩($╫п\ёKСMQd/\0ЩЭFW$0┴л.\r9iЙS\▌wq\╦&▓\тN\╩@└V\▀нhx@l┴[!\Є╝:Г·W&Uf°eB\ўcХYм\ф|\ъ-\ZоJ)\┬fно\╩\▄ш╛АМ╕к \0c\ї\чA]D ╕|\Є\╪¤@51ЛЪ4ЬФ6tЖ,6pqРA\ыT|JVТvУ?\щD\╠%ЮS,зm\Ё!U\╫╧НЕtии╞ОЩ\▀\ЁА\фМ\їо\т\▀z\ю)й:oХд@uШ\╘7.u|\╤\┬m\Є\0м\─sh┴\фEt\╫\яВ5\р\Z\щ┼СB$4I{е%`ГnФ│║о╞Ф\ў:╣\єиK6▐▓rm\╪\ш┤\с╝Nh\у╙и╘У]\╦3\ф▒5G█┤g┌П╡Ь\╔8к\ч\'аг\╪Z\Ў9╕\╪z■*[g\э$XВ1Цм`╛H&НY┬Нuz\r\ыo├▓║К\уЮ√WЫ\┘\э\╔$YоtА\ь1Д╩з[\ф\rй\├\\1\╔\ц\╠k?\╟=й│░╘М°\╞@E▌ШБ╛:\╥╠Т╜+\┼\╚\\\ьд\ч4Х\уЦЖ\╬Z\є+\э\╒\э\Ї\─[[G░цо║ЩЗЩ\щ\ў╜z│b9мRF\┬\эи╢j%Н\╟l╕\╬3Z\Ё,F\╦&7\06}*)oЭ\я\╠K╕MЙ√\їл\0+Э\╟2:\╒e═БЖYI%П\эGJ\╨vWqH\цЪW\╔\─G#GC\у√}\т╝\╦\┌\э\юе╝\▄∙.0\╙\я╞┤ЬK\┌fГНg,К	\я\╔S\╦ЯZй\Ўн\уЦШiYБ]ШЮ╢p\цI\эL\с╢Wз№T\ш\╥(\ю7\╒ED▓,\─\ъ└УЮоZ╜|№\ъN\▄(\хГ[3ЩЧ№КO`\х\╦%qЄнезЗИ└4Ь:АOнyЭ╝┼│╡l╕EУCcи\ф│\юMaУg┘╛╙Ге╤░▓Иd6w╝\щ\я@\\dnw8\ёкО{uБ*<Ц\ъwln╡g\─°Хм6]о░Y√лзp6▐╕g╥ЖE-ХЮ\Є#\т╝,Вuеm#√y~ж╡|qа\╓F\ыМ\т╝\т\┬\щ°З┤Ц╧д*миG \┼zФ\ёvЦ═лЮ?aIкНХ\╩\╩;p\ёZ7<\ф\ц│NmxЯ╜J\сa~\юI√√\═m#\╥Tб\фOZ\╠√m├М\▄0ШY9<╢┴б5x\ўIСУ╓В\'\т0\╟k\█4ШюЭ╖\Ё¤л!sq■л\─R╘│И\фХЭ\Є\0U9\т7V\╤YXЖ91й9┬Н▒\ы\╧\щB┤\Є8КX\хeu`C/Ц \0ио╡ОNi╗4s√╙У╠Аm╢в°o▒<>	\╠Z\уХ\ЎA╬Э╜й╖Б╡\╔Пиb▒\Їn~%└+ЮU\▄^\▄pC│е\т`g-\▀\╦f55ТйЮЬ\├╡$\╦$\р\\)	┼Д\0\ч^uy\╟\┘\┬\ы:ВtQТqW╝O\█xn`Ц▀З\█╩М\ъ├╡У\0\у\0мmОйnr╟ЦrM\\ ╥╢s|\ь╪зQ\╟\сб\nd╡·╣\ч\я\хW■\╧\т{gМТ4Ьйv▐│╤╕U\р1Zod\фS░Ь°╨ЯUЬ\╬LdR╝╝>\Ё\╚\n\╪.м{▓╛┤=\ўRt`Ю|к\ўЛ\┌{═Зh\┬\"SС^~{\╓6aВ@еjкн\хr \0╧БП~cЭW\╧(Ф\єи7v;╘Л7а─ИВ╗КЦ93╬║Р\076N{┤N∙l\р\╘.Еqи╘░лTТже\╞7в\─HaЪ[БЪЦ\ц9Э4╣O3gU\┼!Тд;\їйб╝\0bгN╟ЮjUсм╗\ZoИ┤zG│|\ю\э\╧╗%my\┼\0g\╟#\шN■x\Ё╖v в;6lc\╙■hлH\╙\n\эО\юB(\ф1▒¤H·\╙4K`>\"─Б\\м \0╗Я!NР\├\0Э╚а\█\┘[]b{i].F\ы.┌Бн\nа\╠\r\╞jb▒\Єв+v7-s \0б\╒.Е\┬\с]:\Zp\┘\╬p<\ыCkj░\├┤c║Г\rО╛Uб╝+╛F\─\эUС]·tidm╜▓бIi\╞шЛвPб|\═wz`xu!\╩ \0r\яT\╫\ўq#\тC\ЄЬ╜\Ў\╦\▌X\├\┬├Оup╖дИЭGmХ■\╪\Ё$y╜·\╨(r└\╩\0▌▒\╚\╓k\┌Y-3▒*F=kg╡Ь2\їV╝┴#k+\▌╧Эgxз\rп4,uC!\╠mЯ╛U╢\уMЬ╥й]aFнJc\╘\╟N|кkШМrld\Z+ДB│\\`O]║V\э\ъ\╬B\╦\┘>/.\╨\╔:й╬С\╫\╫┬╜R█Ж\╞tл \╥09T\╬\╪Ckf╜К\╘2j\ъc\"\щ°kОy\\ег┐%\ь\ъ\▐\═P\"Иi<└¤k9\╟=Ю╠О╨з_З\╧\я╝┤БХKi\╠\╨\ў\0+АNvв]╗гь╖▓\╥Z\▐{¤╥Е┐Ж┐\ю5иСФa3\▌\╧x■╡▄ЧJГNp\тл\цwf└й\╧\ф>╗\╫3Ц═г\Z*пdЦJ@b})E:^\┌2H5j*|\ъ╤м\┌v`\╪\ь\├j+¤\█g,\╘7\\;\▌G╝\r[i\ш6е\╤ZgХq╛-н\фР\\4▌Иmq║\ю$\╟\┬q╚Р9\Є#CY▒4\┬мЩs;|\╟\я^П╟м¤\ЎлPEg8w0\Ў▓Hл0з@\юd\╫d3\▄vrO\у╘╡\╤Asc$q\Ў\юмI88=1\ў\у\х╜s@У#,6∙\╥0\╬Ц\у╫б\▀X\┼%▓t(·ЫHчУО╛╣к√{╖БВ2В\▀С\щЯ╥╖М\їl\┬PзFj.\r╣<\х\Z\'Bn[╜Б√Г\ї\ЄбmвvД \0qнЕ╙лB\ш╩║YH\╒\ч▒└\Є■+-x;\ьеWвhО)\╟h2r\rh╕\┬\├2k\▌sYh▒#С\╧╥о°z╕\┼g(▐СQХl\▐\═\r╝бЯ▌С╪Н\╔|VЙ КF╙В50yU╜\▀1┘ИА\▄z\╓bYЭ\▄\ъ95I5┘ЮY&\Ї4yW╔й\┌\\-@╣;\╘O.Ю┤╠Й╦╛\rеrqU\╔)c\▌\ч\\▄Щ\▌0дцК░q\rБB╩Н░5ЭЖ)U√∙▐ИP\├I8з\┼\rЦ\Єк\щЦH\╤wиб\╦&Э4└i8;\╥LW|);=┌нПPj-%\0w╢4Пh\сНs,е6╡╢\─j\╟·\╚■uc$\ы\┌ #$НX43[%Эн╡ЭкМ\0└чБЬ№\ёRhX_S╖{N0zW#=T%b\├│╩МЛ\с\╦\Є\чU╜к\╟▀РМЮdЬc\╘╙е\╙J─Ь\ЎK╣\є4t\╟VO\─$\╓P\щ\ч\ыQЩ\╞ц╣ЭЛж│АN┬Ш\╩#И.╦╛\┘\цiv>СУ\Ўнч╡╖ТXШЗcзP╨╜~xп5║\тs[\╬\╔├Ч╛\╪\\AЫv#oZ\їЯh{9`pМ\┘\╥└\я╡yК\х╒г╖& SLКЗ\\\Є?:\щ\┬\╥TrцЛ╗32O#╢\ьI\╧J\┌\┌Jn=ЮБдrZ2\ч\╦\╠VN█З&Q+МЯИcqЬm[^5┤р│к.ББз\рjнзMQДml\╟\▀╚п;\ё\чZ_`lZ\ю°0BQ>&\╟/Эf-меЮ\ц8┴\╒\┌+(\'?~u\э■\╟\Ё╕mКкG\▐aЦ&г,ФcC\├R░╙Иb`Э│F\Ё\хcЖP╝`\Ў%06\ыК\'Ж\╚4Н_^Х┴╩ЭЕZ▓\Ў2Bnh+еf\╬°ввaН▒Кi╘▓`OLV╖h╦жfМr╜╞Х]G▀Рл,\╥ \Zv\╓\├~[Х8^═О\╪ Sj Р\фчЧЕs╡\─\ш╢\╔╒Ф╛1\ё¤*>\'Ъ\╪\щ\чC	X▒С╗л╥зI\ї\0.fТХ\ш8\╓╠Зil\тo\┬gМ\є└\╬=k)s\╟\р╖V╥М\╟9╥гЭzм\╤!}z5k°Ж9\n\┼√U└нnm▌аД$\чС]│\ўК╕R{&|Ъ╤СiСCдs\чmЖr|кК\уМ\ё╕fС\┌\"\щ\╙?╜\ю2├бЩ┤l\р∙\ZkcЕpз>\█\'╣z╖ЧWQiiw$\r▓>\є\Ў\rG9e\╥X`S┴ЭI nlZеFlkxVV╗.╡sk\0.\▀Z\╞\0\╠p\r_\╪FЩ╢\ю√u$╩Ь^\─\╤Q┼Щ\╥$EНpл\ъ╡bw╓в¤╡6\Z5\\xrЬ\тi%P)$\ьн\'LЯ`\Є░T\ЇкЩe/\'*1▄╢▀Си\╥\0\├$`\╘-;▓Q\╠\ьh╓С9аНpq\хB_Й\0&3\Єд╢\╞\╔gСXН4╗U@26б°u╗╗\цJ:\Є\╫1\эM\╒\╤\"╖Ч┤\Єо\ю\╘%Ь\rУК╡1ГO:NАпG^Czi#c\╚\╫B\╪v∙и\╠\01КЮ\р\Є,<Я№5╧З_┌л^\ь\╦;╛м\"Э№\ъIзОkt{й?\р7\Ём \0╝0д╣\ю)\╚SМg\яj\тl\Ў(╗KдЭСLаd\сs\уV\Ё\█D#_\─.Б┌╝\Ў\╬\тDИ\╔#N\0 У\єл\ю─о▒к\\d`\0я╗Я!\ўЪ>\─\█\Ё\╒5▓\╩╦В@Аи/c1▒\├·ЪV\▄N	#R╬кNА\"ж╣\т╢\╨\┬K0\╥2╝лTИr2|bD╗jw\╟<\ў\ы^y\╞xВ\ъ=\хH\╬\ф\уЩ\Ёй▀ЯЭj}п\ЎБЩ-\╨\╔&0к6y·\╓w{/i>I\'С\ыZ┴EmШdЫzGSЛЩs*##╘П┐╓╡\\nYВшНЗkг╕ \яТ\╚\Zа<4\█\▐@░\сQNОD\р■uc\┼\┘x|q\r2Ц\r╣·g\ш*\э7г-д\╟\Ў/Зг\╬\╫\є.ФC╝@`\ё\щ0{E\┘BW│]ЗtХУЙV\▐$К=ХF)4а\╧:\╥X\э[OОНj]\╪T\╠rI\хV\╓p>Бб\╞<Me8\╦%\─j\ч║yуан▌╝G@+\╬\╔\╪юД┐SиШ╟│\у>4Pp\╚FhC\╬\╟oZ\щ	]╡\цИ\╚\Z ╣`>G╞А╗m▓зm\╔\'п:*\т5g\'Q8\┼\rp╣╙иwGB?*R\┌tG(2B┴p	№╢онЗg\nоrI▐еП\╚pП┐╜кq\0\╬cЪ\═@╛GPiX╪┐6┌к\чВ7-Н└;zgz░Х\ЇЯ\07аn\цKk3+\ьУЪж$f°ЧО\ц\"\╤ls╢\┘\═c°Ч	xЬk\\x╫е[Hc┤Н\ф\юЖ]^ЮU[\┼Q.l\╚U\╚{╕■jб*ddКh\єvEНИ\ы╩Ш\'rA\Єг\я°d\э0Н░QЦ╟Е=НФ·Ж╕\Ё:cХtйО$p\┬[\0\Z║▓с╜е┐hм\╩\├\╦8й-xD\┼;N╠Е\ё#Эhm\тТ8\╒\э\хZBD\Ё√2wvТvmЖ9м╡№z%+&┤>п\ч^С\┼°PЮ& ▓\ї$\'\я^s╞Ш\█;[▄РA=▌О@\ё\═n\ЎМdйБ3и\ZH\х\╦=)\╥`9\╒{││aH|r ГЪx\╦\ь\ыP\тM5\╞jK(Ф\щ#3л4mмkг-\╠\╥i &I20(░\┬E\▄\╒|ЕCbИ╖\'ибХ╙ТqzT\щд║╕╨╕\╬■V\▌\ў\═TPVм_|\єй\▀9б-d╙М\╘\є\\c╜\┘\╓	]аЦ%ne╩МPv№K╣;FЭ%|\ю\ьг\цa]жО\хаb07V#8\═um|\╙\▄vfh\╒G\ї!\\)\ь\ЎZ\╨h\с	\чО\"\"л╬б\тО░\ц\▐VL`~ХfS\0vrH\уУ╢КЖU╗\─r]gЭq+\┘\эЮR\╦°К2q┐пеP\\qЫ\ыД!дbзuRI√\┼o╕\хД3лvГ╝WV|\єXЙ,Drj\╞5I╤Д╙░о.\├12\▀#q\╚t¤\ъ\т\╓it\ўЙиТ\▌#ойд\"<bЗ╢%боLбГF\╙╓╕\сJ\╙_Kq1/┘М+7S\ўЪ.=\у\╔┼╣гi\0\┘\┼t\сл1\╚\Є\яБ\їи\у\Z\ф\▀ZЙШк\э╣5,\'│\Є╟ЭtL\╬%\ч\\LШ\ён¤╗?f╕Rv\цvмo▓RF│╗Iз\р╪ЮХмО\шJqc■\у^fM│\╨\╟\╨j\╓\┘\'m\ъv+╗*·╘Щ└\█-\щYYtsr22|(&З┤╪ГЯZ9Оx\ьyfЭ└РгЭWb\ш\rb\06¤s\уEGТ\▌\Ё~┤─ДKгA8▀Ю\у\╠S\╟>ЬbGж\у∙зb╛ЮC\╧U=\є$▓Я/¤ЪМ\ъ\"нxлпd▓╚аз\┬═М\щк─Ц\╩IT\╟qj n8\Ё\щS%▓\т\Їuv╜╕\ZЙ	\╧\0uХ8AЕNj9o▒лШе┤╖A.S√Р╢FyМs5\nb\сKhc\▌\ц\╤\шC╜M\0░ТxТ{к[T▓u\'°йb,км/з┴6∙\╤kc\0ПD═йЛs\шг╞е\nЪ\─*У^P░\╟\╨╓к\╠\┌*Е╜\╤\ц\'Ц2\0\Їг\"╤г2Ь╣mН]╣HNРw/оh	╕tS\╟°r4GЯ\с?w\ў┤\фА\▄*Gи+▓\уЮu\n└√o\├\у{f╕ЕK*Э\ё╛\ъ+mq\┬\╠ХЭЙq▒√\їкЛиТEnMСжE\ё\┘\rк9rAг╩║З!╣V\╓\я\┘\╚3B;ззЕ@~\ZЩ╦ЛжdfX▒?	й\р8└нЬ@\х]ZpаНЬVO\"\n(\▌\╫s╣вн\у}\0bп\х▒C╛*K{HА\╞*yЕ\█\╚\'y░кrj[~1\\░9н╣\╞Т\ї$qа\ф7СЕU\с╥и\фj9,\х-\╚\т╢B#\╧c\ЎМ\╘■F:=nh╢\ъ\─0t\╔┘О■╣б!┤А\▀!\╞\ъ6\╚oЭ7╕╣ЗЬ /2\─dz\nЕIs5\╦Os	Ue%LW,Ъ=dЭ\ZYнЮH\├6АзСеU\▌L░эЬЬ¤j\╓+Ж╕╖\"IhЗO\ц│|NЩAН#л╖!\ф<MU¤EG╛\╒Т\╚\у5E<r<XAЭГl9U\─№8%╝q\╠\─.\ч\'Ыy\╫vqй╣=ZB\рwpгС.&f\▐0╥│й(╟Ш5\█BKЖУЯ\Ї·VУ│╖Ь\╚\"│^\╫\'О~~u]wc-╗Щpy\ф\уa\щVМ\▄hGСОЭhyИОL^J║Г╢sB▐Е\':Fy\╫F&s\фCv╣mкX\█\'?\╙╥лVCмОYвТ`╕\ё\ш<+YHДhxd\┼%S▒\╞°пE░xЮ\┘\Z=\ї\r№MyWР\чW!·\╓\╫\┘√▌╗·Cs=kОh\ь\╞\э\ZUФ╗ХК t\єv\ф*F\╩.I\╬h~\╙QеqpQ1\╘\ь9\╓\╥6]УDфкТ╟й59\╦.ЬoA[│║▄Ц\ЁЕN\ЄД9\╞y╙Л╨Ъ\┘\Ёv\шP1I└\╩5q\Z#\╤:*┐#О@\╙\╠Dм4Т$М\ъCSл%\╘`\ъ\╥№╡}\їк]Г\ш▌о▓0\ZGЮhOqYdfvЙ╢1Ю_,\╒╫╝\ЎLл.y\рЯ:В\ъ\▐╣[Д*е∙\я\▌c\чC@дЦАE▄ЛCl¤(yЩ\╤\─c▒Т\─\ь*┴\╚q\╠1\0ДUqЖ3\╔!╢	▐ек\шiСC╝▒\ф\╔Gлu¤h{√)\Z\ъ\'CД┴Lg╬м,\ф\╩L4i─о3\т9П\╦JidF!$\хйG\ч╬йt/B,,\юV0\с╗O&8\"Х╦б?Н\0G╘гI~┤bK-Я\─;HO\ї\ї_ZВ■■ЭL\ъ@<О3Z\├Fr\0Ъ=JGhСиg\єм\э\їЦЦССJ╛2@\ф\├╩п\ц\n\ъd▒d Ь\щ\цз\х\╨\╒7Э╩Ц*VD▄М~b║a-ШMhбI)hu/╥аyCH\─mУСNТ\р\я]rQЪйЭ1Ад╠ив║uIЖA\├PN_┤16\╒\ч\х\─\р \0Езa/\▀LнBЩ\▀\─TMqа\┼w\ўKx\╓E!fЪu@TЪВ)ЗSRЩ\0yPЙGursCЦ$Т╡\╙H№▒╬╕\r┘У@h\їЛН-nE\╘\─\ZИ)6ЪJа\rА(┤uЪ&\юХnDu\═	<┴\"!░└╧Щ5\rКe\\+$▓аМ\щ2wОv\╟\▀╩нMШ\╬Х\\c\ц+Ы \"Н\ф╙й╡`bмг\╓S\0O\ф*#ЬКn!cHмwT\э\чPИ\"О0и\'П\р|wH=\rX▒V=гg\\ПБП\0∙бГ\─u+\є\╞\╪\ыTД\╩k\ы\┘\с╘нF∙\ш\уC|\ёY√╒║╣У\\Ж7Q\╦O∙\0╓Т√╕\тc=Ц┤,@e\ъ(Ю/jп \0\уЫ#·[\щW9vМг\0G∙б\ю└\"п/╕в\╚\█YCIм¤\─▌гУ░┘В:l\у\╩\Ў\├7\щO\0\╘\рЬ\у\їд\─3`WAH╡Dв\╩▒Аво╕t\┼YK6■│0Ш\┼[╪╕;С\╧\╧╔Р\ъ\╞\╧E░╝Yг=\╚\т9WwrмQ\▄joЖ5\╧2v¤jлВN╛\яб\0\n╗Х_╘ЪiфЫИqKx\" \0аоЬmО_\═a\'gJE\┬jUVbгRЙ;@2v9_╩Ю\т0═д\ьoK│\╩Оgo*\═:c{:ЙP$l`	о.И¤\─\я\╠ПнupbRзгv╗\╒40+B{hА\┘O1\х\ў╩┤LM\╠^|2▓/5Сq╜BЧе\┬\├uЙ	\█,\'8╪Ъ,\▄G\─,╗H[CС\▌b╝╝ШP╢p<\╨╞╖Соеl1,\╙<\ЎI\"|nзaИ\'nжБ}Ъ│\',\эЯQV╖mИ\╒N\╠6\'╥Еy5Х░°д\╓┴=░Ч231<5Wo<ЧW\┬P╜\─9a\шh\┘$Y\цv=\▄iН\ЎsЖ\ЎpJ\Єи№IJе▒]У\═ю▒дБKзP9таТ{╕Ы▒\╙$G}·}<(FЦAi\╪\▐E*мym√R\с\╙E}`;\─°\╘~~ХмY\r7@\ф.Q││ГЯ╛ХY\╞mn\"БГЮ\Ё9\Z\╤O2й\ьоW\ф~ \0Zп╝╣]-г╖ДН\ў─С∙\уи\єн\р\щШ\═h\є\╔wcСГQ#Щ\▄UХ \0hfsдС\є└8#\х╥леB9\ьkо\їg#T\ЎH▓y╘╗J1 И\ч@j \р\Їв!bN3▒и\ч\уИз│1▒r\┘S╩╗\\\ш\ZЖ(Э{\r┴\─\╨3.иО\█\сXe┴\ье@ЧТЧ╞ОH2q\\┴#hПP8¤\щO°6\Єvг╝\уBZВ╜\т7\┼aT\r\ьO+\═4\╠\я╦е(g\0cЯ\хCЦX╬ЕMdu\┼+╟дF\▄\Ў\ы\рE<jМYe\ZФ6FоФ\\▒,НР9НиYlH\яd \0nм\nGбh&\╞\уg;inbИХ\уPF\ф\╒C\╔\ю\ЁР\─\фU\\JY\я\╨k&<С╧ЯJ9Pq▓\╞n\"║╘оF\┼S\╧еV\ё\┘┘Д-l¤ЬЪ╡Р}?\═╢й)Р\ьwБ\╟#╜V\▀╪▒║m\─\р0f\▄zЪЭФ\┼\╟@Wб░#╨А?:¤\х`└Уlz\хO\щ╕·U\їНд\╥&e8\Є\є\ї\їи8Э│д}\щ!t?№МC┐SZ\┼\╚└\ё&\nаг\ъ\▀\т\╞*е\х,tп*╡\ЎД8B\Є\хTq╢9№лкгG\╫\ьЭ▀Хuп;\єб\╒\ї\сЬ·\╤0F>&;ЮC┬│ФЖС4	О\є\ё\хVV└У╣ PJ\щи*Нo\р╡kiЭ%Чa\╠U\═6tcE\яХЕ╛Е\╘█А3¤LzZNnЦ░│╢\хY╝■ \0Zв\р\Ё╔й\хa▄М`xd \0└нDf\'V \0╣Ц#\╚\Ё+tПp\ыP;\▌=yКx4G?CSLЗ\ZЧ\т\╞\ї{У\▌┴\ыY╜1оИfЙrdaФ╞Ч\Ї4\╩c┤\n│`j\ю\ъ\█П:+OЦд;QИгСDRи`Ш*O\\~\їдPЫ+хГ▒UkwaЖ╒П\ы\їл\╫\█.\╪\\>#\▀\ыP81╡\╩\0J\▌\▀\╦■(ОО\╒	\ц@\╧\╨┌й	Р\▀&в╗\ю<q╡TK\┌TIе9\╚\╒\╙\╞{v\\\ь╦С\ыU\╫\╚ДЪ2╕?#ОG∙й\Їg6\╓■\Є╩Я\ЎЖ└x╓Ф*┴ \╪Кв\соoСЦ}·°╒Э\ї└\n╗\ч-Z\╟HЙvO\─W?Э\'\╧л\ю\с╕d~\╩t°$\╞\╟\╚∙~Х.╜j°#\ч\уМU\э№Й\▄rl\Їк[\╤/A\╥qлyT\█▀а╕*▀▒\ыU\╙[\у\ЁхСгSРЦd\ё;¤Egxд─Н:О3\▌\'Ш=*В[з.Oh\р\чn\ёое(\фЦK/nо Рk[е:Ou┤6\▀A√\nЕЯP8Х[п_\ткm\ю\╩м\─I▒\╘sS\я║wM5ТЭ\╨A!·\╘\Ў\ь#t,2а\ф\╨/и\ўА\ч╓дКb`он\ъ\ЎZНЦr[ФСФ┴*qD\┌\█J\ьP)\'R\с\═\┌H$ЯS#lO2N?Z\╒pиRfv`бФ\щгШC8\╧SЪп\╦]vbxелK\┘B\╩DМ°T\r!(НЖMИл\╬\"\▀\╞rСИ;E]{6.\█\▐{PаmПJ\╩w-Т\ё\▀Fa\├\щs║°P▓O\"J\╚#\▄s┌о╕oЮ[Щ\┬$ЭдdНЗPpjy¤Я╝С√FI#\╧1О╡Ъ_bX\█VПK░ЪFУ}$Вi^▌Б\ч\╥JГ╚ЯтЗК\хV1А([ЩШй|\rY8Г\"ЯЗmlkЗ0Ce\хc-\╙\ч·zКв╕Щl%\╘TЭ$\ф7\є\шqV7╖\с·u;GоN~ \0:йhо/\фМJW╡\ZПQ\ў·\╓o·hЧ\╨lW7+#╝R!\ъ\nO\ц>\Ў\╟╬║^\"\╟:\т\╞¤\▄60zА~┤e╖\ZыСШ\єfaПеЬ>\r]\┼\х╬зС\\QOw\─/дА\'\rrДm&Вб╛Y\┼ff\ў╘╣gЦie$ф│Уиz\я[оJ═Вз@;mТ3√VwМ<б2_╢E\╫?нV\╠&╜2╝V\эЮMЬ·\яUА\Ї-\є┤╖\rГ░<\═wk\ЎJO\┬╩Г╠ЬЯ\╤O\х]>~ЭG8лk	&;ВGе5М@░\╚df╖<2Rf┴c║О╝╛■B░ЬН\ё\╞╩Ю┴\╪ipOA\╙\╘╓Ю╟ЕилGAD\┘@\Є╢B`y\Єл(PGТ~f╣\█:RHК+=GJиX\╘\ч&ИИГt\ш3Ш\╞=sГ√TвuL\э▓)c\ыQ[оБ█╢\═&	\╔\ы\╦\ўд0И\╚u \є4\ы\фК\уF$:6<\┼LМC\сЖ<\╥qМКд \0k\ZФд\хG\ўg°й\чSз_R*X3д╣\█Ъ┤иVs1\ї\╞\фT\Ў\╩E╕Ъ\ьh+Y=\ъW█Ц\у╥нп┴░q\Єж╢@д\ф\щ\ф\├qBq\▄\╚]·ПE▄ж┌ФАs▒\єк∙xМ[н\╞й┴o*z\╙s$R╟Г\▄f\█┐*И\▀\ъrл│&AS\щU╖.\╟\▐^!к&Рe?йrКyz\ч\єа\─\╬\Є\0\эЬ\0g╓У\╨\╓\ЎZ-\сQ!РС\їк+\тg\Z░N\╪9лY\012c,7\╟\\P\╧tvA\▐\╟\"9\╓╪╢╠▓\Їdxд╦мжu2№╢√√┌кжL╛z6\ї\Z╝СxЛe	]·o╬е┤╕ОxБ\╬▀еvH\сD\Є khШ|A┤┌мСD\Ё\ы#2Х└\╞∙a\╙\ц3∙Pv\ё4\╨NЙЬоХ?Щ\┌[лsС\"\ў\тb╣дЩWDР╣Щ░зB\ЄщО┐\ч\╦4\╓щХСa\▀QRЩ=M■Фj╝6\╫\r\┘FвN\╔eН─г\╙\ф\█2ЯЭC┬н\╒\┌E│pmеФЫvl\ъ\ь\Ї\фЮзm╝}h\э\▌\ш;З\╩\╨Iв6╘дэЮЗaЪ╝kч╡▒DБ\\6B)^jN\┘\ї▄ЯЧнU\Ё\уgmx^\ьг+1D$|:w\ф:Ю\я╥ЫК\\│Зhd\╦\╩NЕNd╢\╪\хАy\ї\щ\уRW*MЕEp\╦[\"vЫ!#\рНG!Ю╝┐\т╡<ZJM\▀#1╣\╪r\фC\ўУК\╟┘║┴rР\╬B&wTlПMлo5▌б╡KH\▐=sb=%░Uи\уЯ,\у╠К╢╦З\┘╥Э╡\╔ 	^Iбb\├\Є\"╣Т\ЎkЧHг\0aK=w\┼V\Ёо\".ngЙ2йhH+╨Ь|кk┐\Ї\█xС│q;о╢\0яЯйй\ш\╥\▄07f\хCD╜е┴\Ї\█\╚xT╝QLvК╤М░:Ч\х╜5\Є[s \0oVN▄З?▐д\ш\Ёn\'nьЦ░\─qЖ\▀\ч\Ўkл+4IЦ\╙RзzBN\┘Е\Z┤\ё└?\ю│k$t\╚\х\Ї\┼\╪\╟iК.gvnжжKcЛ\╨4м@#;Ю^U\\ВpFEu\▄waЭ╘ЬЯ>G\ЇжoДп<1\═JE╢	qpТN\рYЩUL$cзМ№к\чИ\р+\╚oЯ┐╜л+\┼.W│*Мw╢\ъ:\╓╦г	║3w\т9o\─0жА\╟\0Я:Т</M╢3>C■iд№#\╠pu\ф3\r▒Ьg\єлл\╤ \0зФМ;9RИF3з║з8\'lsн%#Т╢q`п&Xе|╣·V \0Ж└ШОEBМЯ\0?<g\чX■\0LI\▀prz\яZ\юЮ\╞Ь└\Ї9\┼a#ж╛[Б\┘щПпt▐╗ШЭ dмКB>9\щa·■\╘-\═╦п\с▒?ЗЦ\ї\ш=z¤CF\╔ь╣Н╒Р═А┌Иж z\0\┼eЯИv1E4пН9P╝\ї\рrйг8w║╜╒а\┼o}╗U.\█dА@]┴\ъ})$&\╫FС\╫а\ф\Z\ъ&\"7!╥Е▓r\╓\ьн3╗+:Х@Шu▌мГQ\╞\┘¤+DHE\╚\─DЮЬ№\┼RШ[c╣║6:\эWsЬ└\╪=6м\▌\ы\Ўмм}\┌\цL>NDr│zБ\є┴\ъ╞ЖБ:,,gr╕\ъ/\Ёj\цm `ОbйгBПСБ\▌9\Ё\█┌КЬуЫ╢I\╬	гд>\┘╖*&X_`√\Ё=+\'┼е\э$\ь@ЦеФЬ∙\ю┴ \0К╕┐╣Йm^Vl:I\╚\є\╧O\╫j\╧\ё+\ф╝\"D\╒╓ХyЕ9\▀o╨ЮG\чV]д╜╗▓jО6\r\╫a\ўЄгЕ╝╖Р\╞aЗKi|\р°Г·PV\\C>Р·ЙЫIpr1дHNzО\Ё1Z\╦xЮ8\╞U@Q╛:ПJЙ]\╨\ё\Ї╩Ин\┬╠╣╣Р┤А:)LВдЯШ·S;$У√╝\╥\ЎЗ+Р▐ЖбЪy\тЦ0q├Л,Г\┼\ZFP>A∙К╗╜\с\Ў\▄F\█АH\╩H9К\┌-\─┴■\╫F\┌of\цI\┌\Ў8\├\┬\█\╚\╤\щ=N<6\щYkлy\э\╘K\"@\▀б#╓╜/Жq98=\╤\с\▄_\"2\┘Yy\у\'ЯеG\э▒╖Ж\юHС.\ьf\ю\"Лs\'■в\ї╧Иg╫о3\фОY+\┌<√Е9b▓4}УМБ\╧\╟q\╙\яе\├mА╛\╓\─ /\┘\ы\╬\┘\'║O╓Ю\яБ\═\├%Кh\цk\█I\╫\Ё\юC|#ж√СR\┌\ёI▒╣С2▒Ьn%;j\ї▄С\цвOfW░\╦\╚\рКUЮ}Zb░\╬└r└\є\╧▀П	r\╤▌╗JСжБТЪ{║┤МС╖\"F@з╗Со\рvt№EР6\у\т╙▒8\Ё\┼@\╚KЕn■P&\ч%\╚№\ы!з\ЇH	/dО╘жYГ*\ъ\ь\╫─О╝■\╔\╤\▄<вkЦ№ г`G\╚└>Ы\э\уКRHGЖc\Z)s8▐Р\р\╔\Ё\яЩЯmsovС4Щ\юh▌ЗЮG<n\09\█\хM$;Ё╛╜╣▒║┤Йm\рШ┤ГТKc\ў\╬Gйд8Э┼║K\╧\т\ў\█}*>,gб g\╟HкkЫ\єd\ъmЦi#(JМ|\╟\х\їо\ю.;[1▒╫г\'%Tc\щMХ\╬\Ўo;y\ю ╕9\╟t\ї\╧\┘5\ЎВ\їYЩn;\┌@\╦\0q░№З╥ГJc\─y\яP02\╞\╧\▌\'sM-\Є~¤\"┤АjМd\хXКв\уЦ\╤Iq┴Э\ї\┘W\х\╘■\ї-\╫Ф,=Ш┴|Р3\╠\тvЦ\їY█╜Ф\ў)$bg8!╖\ZG/Z├ХЮМЪ\ш╛\рK ╕┤R\╩\╩c\╘─Э\ЎЭ<▌мТi\╟u▒╜d8WK╕qоVH\╧&C\╘x\р\є>ЖосЩеX9\╠┼О<(╢\╓\╟╟┤IМ\Zl\у+)·\р4RLА\rС▒НT=\┌┴{\┼a#2\╞{dX\Ўco\╚}h\█h\╤HНpY\0\r╙Ч\эN)Ч\╔>К╛9\'e6	\юЭ\ёXN#1+\╞En}йB\ЎЭв\ю\ш7\╟=>5\ч┬ЬR\с\╓i√ЖLПз%@┴;| \01▒нR93K\┬vЦ9-Т-▌БeФВМ\╟\├e¤E$ЛФ│\рG\ZЮ\ш\ы╣#\їй,DW\Ў╢╢║-LZ!\╘∙]Ш`У¤\╟\╦`N<)\яAlA 1\─*\ёож|\r\Єг\╧Ы^╢\ь╣\Ўz-N▓▒\┘\▄!▀Ц\р┐√}\Ї\╨X\▄x%Ый\╠\ў#1п\"еШС\Є\0 \0\█\чYn{ikop.\ZyШX\┌\╪\0v Ги\чdГ\╧\чD\Ё{╡Б┬иH\╤W&e┘А\n[$\є;А:БSVtмЫдk\э╔М!.{НзO ╝■ux╪░▄Х;/Ц\╙\╫╞к.8л[┤ke\ц╣Lr\ўw\r╛qУ\ЁxdМГ\сJ\╞\ьCj\с\╫S\╩\╬rк53j`02|6|oS\╟\╙G%\╤8ЦH\х36╖Т%\╞\ь╗wTt\█#└Ь\цЧ	║\ь┼╝ДЭD\├\╟;■\цйхж╡Х\ф\╩J\шQ&BВp\ъ<r3\у\╦*Fsп│\я\─\╤─е	\юЬ``0\хЯ>{RhШ\х╢z╣Q+)\я4ГV\0чНО>вжТBО\╩t\\Т\0q╛N\╩I;чРмo\r\у&\▐Dг/dp%\0\щи>\┼^ \0п[I\╦СДsМ;╣r¤╜|кТ-\═?K?{Ф\┌4╓мТ\щ1▒8\╚\ц3\╠v\▄\rкТ\Є[{\у-лл+9\ьЮ\"\0`dg|\╧|·\тЪ>*Йu,Й▌СЫ%=\э╖V\099\0\ь|1T\▐∙╒║JnJ9v*\n\с\├lкrU\їQ[!\═Q^qKhЪЪ+\╔\с┘┐ж@2q\╚8┴°NA<\ъ\═xХ╝\Ё╝Вm+\яЩRА\r\ї╕9\╬\█~uР \0UfШOwHkgЛfЭy\хGyЙ#Ц╝o╛k/°\═\┼╘лп▓|жCA╧╛=~^BЙ!\╞tZq\╬0╖s\┼T l	┴#\╧\╧%OЧ╓╕\р╢z\█TC8#ZСГ┐#Ки]%\╥d╡1╒еI└\╟_ЬUеЯ▓\ьЪ)\┌h.\0№)б8d\╘9°t\х░\ъb\т┘дs┴vYX\\┴\┬\яеBH╢iHЕУЪЬ.╡\х\╦\с\╟1\▌\┼k╡)]JAR9УЬ\╓\┌\ё\'K■─┤д╢ТK++ХrЦ;и\ы╣={?\╞\ю\╓!├еdy%d\'║GЖб\╦╟С\Їкp▓aХG¤\Z.\r7-\╞L\╥\р\╞}qГ·\ч\чO┬о\─\\3 \0s&\rй0╣;\Є;}v№л=\ьpK7hQ\тfGtRJ\ьF\"{аП,\у\"Щ\юу┤╜iоБ17\у,fP\┼[б#Сo#\╦=MU∙v\э╡\ї┼╝│г*╦Ш`E┘╡╘╖Цy°\n\╓\ъ\ыВH\Ў∙\ўi!\╙╟г:у┤╕\тВN$╜∙b █в╕+\ZВ═Ы\Є╗igВ\▐\шEkuб\╓N\є]\'|·\щ·╨д\╙;ТьвВ├╡&\┌9г\╨\ё3ФW\╩I╛\┼WЪ2O1╢╒Ь╣\сf)D╤М\ь:lЯ╥оV▓&EТ#k°RгeРГ\▌?1╥зЕ\╥\ъi !5\ъg\╪d┐\ч╥┤\хzg;Е\ї\┘Y\n▓┌ЛХ\╞ЬОd\ч№\ї\Єж╝B&\эгСuTНF\сr╟ПЙек\▌)}\"-\├F\▌Еur4F╧м╚╣\ю│▒\"K@\ў▒9╖Ю\ьЕw\тА─║#\╓?rНvgn\╫VgЭ}<иШ▒Й$╥З$Г¤┬ЪBе\┌\r║╗ЛA Г\ў\сC\╔qй▓▒f$Тн\╧└PQбЭ]\ЇРгЦ:Sм\э@1\╘#NД;K ВP8▌░*▓	KmП<╒В\\$v\Є:МГХg\┘#╫Ц\╞∙н\"*6\╤\ё;ЫАLП°x┴cP\█╙Юi\ф╜p└)dW▄Сл■\├Bj1\├ssR$\у>[S\▄$3h1\ш\эТ\ч\n<I5Н*\═·Р\╩\Z\▀\nNа╟зб\Ё√\х\╚\ю\r\┼Z7Е$Щ\"iY■5Y┼н!│Ф%в\шUM№\ъо┘╡\╦\▐\╪ \'o*^КRТh\╙Oz╢w№>\ЎvyдЫ\\Тз2\0pW>z■j\ю\┬\эЦ\с/.V╜u2Dy\├;┐ 0OБc\чX;YЦfЮ\т<вFМ╣\╥И\▀\╦#Х]p╦Пv┤\ў\▐\є╩Н\┘+▒▄Н░>ФЩ\╤	%vi¤бЭlэЫ╣\┌pг\▄∙uм\Z\с\┘\┌╬ШЦ\┘	\r\ъ\╚\▄|DdПG#ЬГn╕╡\┘{w\э{\Ё═о aJ\у╡pdОeIq#2KХqtLЪ╔▓i%UЙ.хХДJ╕2mиО@О|╛[ОtOК;yY╗]n\0Е\ZX\є8\ъ9\уЧ╥╕,\Є\╒]Ф╣\чЭFиdП\ё╝y ie\Ї▀Чйг│\'A$`\ЎGX╬Ч┴:АNw·\єbаhЦ[i$#Н1i\\б╧Ю\у|Ь╬л^\Ў4iа=аН%	░\фu \0╩П╗КWЕ\'\эW\т\ZЧ\├╦Р\Є5IQ,0^╕Л╖fСditМ|Z\Ё\0\╔>9\╞q\с\сС╒М\ьг\▐WYР\r\"`h\╚\ф?°а\ёn-▌нб[sm\Є|OП╬Й╢ОU╕+F\ьR\ў6\╒\ц<нKCМШ╓╖\n.\▄\╚a║QТy\ч9\▄\їлИ\▄\n\хцЗ╗РYO╫ж╞│\▄*}\\CL\ъ&МСЭj	\щЯ\╠╤╖3ен\э\├<dЖw=\╓чй╝∙clc┬К\ёУu┤\рВhQ\'fm╢p3\╨■жЭ\я.Р	C\▐|>е∙#■~TНг\ё	$Мi└C \╘q░∙sо`ha╡ТY\сYY*&\0\\°Экt\nRг╜H╤Гb\╥Hп╝К\эА\0\ш9}\ївГ[\\\0ebМ7└М\"░└\ц2\─\р\чи╟Бк╒╗Y\╓\▐\ыJаh▓■╣вe+\r,%Ф╢\рЮy#|°\эT\╨E┤J\'0дЭдеГ╚║\ЄМА\уЮ:НП_а\╓W\ZФ\╚g й\╚\╪7<\уЦyК\Z\╙3\▄C+`│1\nN√Э╖\╘\Ўг\▌n╛v╒О\ў*(Й\╥\╓H\ь=·iС0\фм/╖h2W·q\р1·x┐d$h\хБ\▄\0╣)$Xh[ЦУ╢\ч\├\Є9Bq;╛\ы┌А\ъО¤\ў╫Ц\╬\╪\Ё\╪╡q╚╢МHЖM@`О[ГЯZI1╣GT\Ў\цw+p\r$\─\╦	N3\╦I\щ┐#╡tmеT2$\э`K)i▓\╦\╦\nw╝\╬y\╘v\┌\фhМО\┼\сT`m╢EafV\┌Y\╤b9Х\├	V0H\0m╩Зб\ЎЖ┤2\ёpВY$Й╡З5\╔\╔\їчЭ┐БSkТT╠Мпc\Ё┬ББ\╫ t4)\┌)xБ\╘#╖\ч\єй-\╒\'СVk\┌>v\╚\═G]\┼\─чЛЖ\щМiU/б\╘aШЬoЯ░\▀z{~/eЦ)М│\▐:{`tо\█.7∙С└\▄S\\^\╟m{5РMQ \0R2Вн\ыO╪м▓(TМ▓Р>\═:Ы5Ekq\┬\▌\▐e1\ъ3(@8юГ┐Б\щ╬│\ў▓\┼/oh]и=){\╧b\ЄЗМt\┘N\┘9\▀ЄаеФ+ккЕ7\╟ZС╖t\╨e\═\є\ч\\\шд?\їuл;kЙf╡3\0МАЦ9ЗZ\╩u┼е\Є\─r▐з╢╕xcBм\┼[·3╡S_BЛv#IfyАЗ?\rV]│\ш*\ь{5=\╨\▌(й&)!D\0P\╫\ё\╔6ИЛН\ў\'K▒▓╜/\фF\─l@;`uв\╒\єЙАhK╦Ш\ьB\╟YУ√\═=ЩkГЧcРkN*мЩY▄Ик╦з:A\ёиR%IZH\Є\с╢\Їз╗Х#║)\nh\хЯ:Ц\╓\рH\╞\0гt.П \┘','Canis familiaris'),(27,_binary ' \╪ \р\0JFIF\0\0\0\0\0\0 \█\0Д\0\n\Z\Z\Z\Z\Z!.\'+\Z&8&+/1555$;@;4?.451\Z4!$+44444444444444544444444444444444444444444444444444 └\0\0\с\0\с\"\0 \─\0\0\0\0\0\0\0\0\0\0\0\0\0 \─\0>\0\0\0\0!1AQa\"qБСб2▒┴\╤\ЁBRr#\с\ёbВ▓Т3sГв\┬ \─\0\0\0\0\0\0\0\0\0\0\0\0\0 \─\0\0\0\0\0\0\0\0\0\0!1A\"2a \┌\0\0\0?\0\у(ИАИИИАИИИАИИИАИИИАИИИАИИИАИИИАИИИАИИИАИИИАИИИАИн\Ё№\ыTm64╣\ю0╫в[ДЪиЛt\Ў┐\╪\╧\Їt)\╘\╬K\Є║Д┤С\с\┘+KRYf┼▓╦ФDEPDDD@DDD@DDD@DDV0XWT{X\╨KЬ`\0╖*Ю\┬\ЎG\їh┘▓\'С╜\╓z\юs\їоy╜|hи▓№_АV\├\▌═Ц■\ц\▄_I\ф▒R\╦6%Ц\\в\"\"ИАИИ▒■{8)\╙8ЪГ┤\ё┘Я\╥\═|╬лЪ{7\┬N\"╗Щ╗Жл\Ї+iКt\┌\╞@\0B\ч\▌\█\т\ы\─╔нS\ёЗ`q2\▐*░y┴#\┼p\╒\█}╗$`k\╚&rZ{l=y.$╡\├=¤iБo?Зx1лn▄мoL\╥]\ш\0[╡p>KT№:?╨л \0║\▀·Х╡\╨gnNЛЗ\э^Ю\'°┼мFоifPDВв7.U\э_№З\ч`■УМ\ю\╙\ъGE\╪[Q╣`\ЁquЙ\у\\=оkЪ\ц\╦^!└r╪Л{└Й\╘,\╦\уv/\\∙Lо Л#\┼°c\ш?+о║сгЗ1\Ї\┘cЧжYf╟Ъ\╦.Q▒LЭ>\▌<3ЭZL\ЇD\─*\▐j:4\0I<В\╪8g▓e└>л▓┤\▀(\ўОЦ<ХМU60dж\╨╓Э\ї&·Э\╩\╟]\╧\уз<_╡╡■pж╖5X╢Н\ц@▒>$№W@кek■═╕1Н`Ма\08>$=V\┬Z╕╦╛▌м■5\╧m0╣\ЁПis@\╠\╥K\тI▄Н\уu┬ЯFZ/ПО▒ъ╗п╖Oж\╠ \06HsЪ\0	t╚Нvp║\ї$4Cf\├\ъw?v]╣q\я\ъ<аjd\Є_дп%▄Д/(█ШЛ\ыЪFб|@DDD@DDD@DDDA\╨?kГN╡=├Ш\ш\шAi>a╛kn}LЗR\'\Ё╣▒╕\▀\╩\┼\╙?е\ч#┐Л\э>В\ъ8\цe0\яOБ^\╙\╫OW\х\яХ\ь!\▀\ь\я░>┐Ec№\═ Ц╕Ы[√,-,kZCrЧ°Б\щuo \0\ш\▐\╦<о7╖%К\╓{j╝ZЫM*Г3$РA\э1\█\╟x\Z,\rN\rEО\эF▄ПY▓\у)╝Уk@7 ═гШ\їTО\ц\╬ЛПH\ч0\ц\╪\╧S\▀╟ж5н,hkot\╟dО¤МиqЛР╓Ц║k\╦\╩\у\╤d)S╣\ў\┌	1!Н-9гммu\Z%\х\с\ЄE6╣а■зvLx]jD┤uW┤М\═0H\╨▄┤ШР{\ЎG9┐ЩС\┬\╞║╬╗\ч╤Сv[Я\┌\Ў\╪\у\цкR\с▀ШFr\ZZ3╡\э▒ЛИp=`lЮУk%└\Є3╠Р#ШНgжЛs\╬{.░\█\╓\ыQ└v^\ZYv╕	\цI\">Kc\├0A\╚`Тm\╧]}j \ЎЯГМf\Їжb\╟kpyu<W\─Sqi\рH \╚\r ┴йВ╝w/\╥A\╨\0uа\ы\▌~И{yА\╔X╕6╦ЬEзQ_P║~w°\ч·M\Ў╒┐=\█\ю\0|\├Y▀╕∙Х\Z.о\"\" \"\"\" \"\"\" \"\"\" Я№пa\ф\р|Мо┘ЗЧ┤З]м\0\╬\цE╗\ь╕\╫\n┬ЪХX\╨&\\\'╧╜u\╫\тЫMОcИmv\щ\ш}Ы\ў╛\у\╙°|мo\╟■\\\ф0&$▀жЯ~\n▒ey═Щ\хд\╠\╔-Г▒°e\ыQ\рu№{П5┤5ВШе└FЪ·>ьд╣*Ю43╢hЫБН┴U№\ф\цЧA wЯ┐\rU║АЧ$\э╧Фr*╜v\х╢`ЫI\ZС\╙№uY╘к\їCЪ\Ё\╓{Д@$\\<■ТvvRz9п<:Й~\ч┤·5в:\▌{бS╡7p\╙V\─\ї<5X\цT8|HkМ\╙y╡└ x╣-▒[W\0!фМЕЕд╢г\'h\ё\╠/\\o{Z█║ЫЫ\у\"<$\ъ│x;│\█4Fa╦Сщзк┤\Ў`Б.\ф╤кU├╕\с\█\r!\ьk$√┼о\╠j5\єSp\"jQsИ!\╠pl\ў|tЕ▒\╘└XСдi\ў\ЁX\╟p╢aи=\╧xkЛ\▐\у`н<¤dбп╕<xyГx1\▌\▐}VЫ°У\┬\╞L\т °_ЩБп|ы╢к\╓\┌\Zeс┤й9\╠&3\╪\r CAЦО\ї▒у░мйL▒\тX\ёдGо\╩╦Х,\╪№\ЇW┼Ф\ЎГ∙5\▀Nd \0ПHX╡\шО`ИИВ\" \"\"\" \"\"\" /La&\0\'╣\\\с\▄2еg▒│\'в\ъ~\╩~╢ЬTн\яEЫ\'^▒eЮ╗С╛y╡G\╪_f\┼6■sо\т-\╚pwYOh\щ\┘\ZР!mЗФ@\\\уL!у╗пU\ф╢▐╢╜RI\╬F┐┴°ac\є9\є;\═·N╛K.qD┐rDО\╘L_√и\╪╠г4\▄\щ╙╣UзL\╔\╨\═\╔\"@\яЭ~\їW\ъ|dШsL\╔\Z\їОS╛\╩,}=└╡╢ёП╗п-~[║u▒°i\ш╛c\ёP\╨\╓\█\╠4\▐√П@/\┬B▒┼НcБйYнD:\0Н#UЦ8Z5\╪^\╟FЕжH·L.m─ЪsТ\ўssпжЭ┴]\с\╪zФ\▐2╟Р╜И\"@p\▄_Nлн\х\╦\╔\╫xy,╝Ц\\<9┐5й√?─Еzy┤x│З\"5|\╓vЕXX\╞\█H!so\╞,{БгЗ\цSQ\у\ў\╩\┘\ш!╟╛9.З\├j	√\▌i?Л;йU\╠\rsiВ\╠4\╙R║r\┼\їZЗ▒Lo\цЦ╧╝└\цС·]?\"GТ\▀xUFbYQПh!П\0YЪ╫И=3GВ\ц№Лй9┬Й5k<А┴\┘`?и╗@╖Ю\rЗ8zbЮ`·ПvwРl	Й\╤\╔N▒y\▀nw°НЖ╔ИiЩ.`Юv░\'\╔i\ыx№I\├<Wl\─dd%\┌j@:\▀Uд╣дjn~8\ї\ї\хdDDD@DD^\┘L╕А$\ш\╩\┌xw▓\╨\ыШ9F╜3╝\ый\╧╓╣\ц\ї\ёБ\с№.нci#s \▐J\┌x_▒н\╠\▀\═q<\┌\╙o;OВ\╠5┴нk2┤Z\╚|V\═\ь\я.!\ю┐)\╙√Х├п\╥▀ЮЭ╣№\ф√\эХ\р\\ХММ\0\╟─м∙\╤D\╞B\Ў\т░\┌*Л╞й\╠Yз╣c▒мЦЩYл\Z╢2@\ь(\\│6gCF▓\┌\┌}\юз\╟\╘\rЮЯUБ4\\∙3cx\фм*\'ckU~V\хc&Гe\─N╥╢JШ@hЗ╙Ч╜Д:	\э8x_r%b)\с\Є╢\Є√\╒0\▄E\Ї\▌┘ЗE\ю$\╩vZaнq\▐\т\Ў\Ўh╒╜6?EsЕ\сЮ\╧\ъV1Фv\ZM∙\с\Ї[,слТ\ў\╙,\ъ4\╦\╪\тz\х\╫\┼[б\ь\ц\╞Fg\щ\я=\╬°Х┐&|\ы^\Ў[Y\\Ы\ф{г\╧C\ў\═tvмE?gщЗЗБ!e\"GUЪ\ш\╚`+n_С\тx\т└шЦЩж7Jм,\Ў░ B╝√\Ї\╧^╜\╞Б4\█й╡д■\╨\0\я√\nп└9╜з\▌ ▀Ц║\ык\▄\Є\▌a}╢\┼~FеVЦ╡┴░	\╨[\═_|Ь3\ё*bЬЛГ;2w\"\╟\╓Vй*Xs\▄H\─\╔0$\ў\┘}4#\▐-oIУ\ф&|.\╥d\╟v\ъЕ$┤h\'й·Х\рЩU\с┴░\ьг|Б\╧¤\╬\█°Б\ёY:Шз║.\╥\─H∙лЯТ\╓√\═31еп\Ё\ч·S╢\Є4░\щ:/-╗v╜Rd╚нЗ╟╣ЖrЯ┐UЬ└{T\ё═Б\╠h▒/`5:\э╟бU\┌°:\ry}¤\ўв║_\r\у\rxйY?\═E╩░Ш╖░\├Lt·r[o\уM`\┘▄жf9\╘V\├Q\┬?¤BХ\ї7UjЩ*\─\уpб▄н║7\n\╨╤Ч\╙\ю\╩\╙\┌7Е]\ь \┌oфРкож\╥╪Эyъ▒п\┬┴Ц╝y\я\▌mNжЩ&:(┐\╨7{\ў\▌j3X·ivPs;H\0@\ыб\╤m╝\Z$Л\є╣┐\╒b\Ё┤Z,\╤=A\┘Zжж-8YT{\nФ\╘Q╛аTPлМ\0─л╕\'Х└о\у╕\є9\ЇЮe╫Гx\ш%X\роq{\█ Гm\ь>к=?Ь\ц\є\э╥░\їsАV█║▀Гй∙о\rc!\цDВ[а6;\ЇY|3└hc=е\теЗ{Ш\▄\я Ж╖6R\тz\єЙ\╤vП·№ \0ИиM\┌\╩n ЧG.┴иD \0\╟┴Pл^гoФ7 \0ЙГ\╫(Y\╩°ЪU╔Ц\╦\ц\ьи\╨*N∙jS\╚_\╩\э;&4aй\╔№║┼О╨З:H\─\Ї\╔\т║91╡1OpВ\уm╝ФMi6U№U\Z\ь\т\т╤╕vfО\Є	\╩z7TЭY\╞\┼\─\ўТк<8EЧ\─DD@DD9°ЦL\╔\0Э\фГy^%}\r.-\ю\я\╓7UaХ\\I.` s\r\╥\╤\┘=№\╘\ї)▓\ўY\═6g║\╧\═y╢;HЛИ n▐гфкКdА9Ш┐w\╥FН╡\хЮ\єЫ┴t&@\╥\╦\┼J@\╧hb\╓\эwm╖вг\╥A\ьF┐bУ\т ЩЯ╣__J,&/c\х\ЎUw╢щ╣╖OЕ¤UF\╙\├x\╔╩Ж▀╗Ч\╒fк2Ff\▄k▐┤L=Cб\їИ\ъ╢nОП\щ╕\█nЭ/-J╛\цHХ\ёПЫ9]нB;@[u\Ё\ршвбu\▌Rм\┬\ЄB∙∙S\▀\ЁV3X\┌nГ╝\ЄY<6 _Т\Є0{>{ \0ebПp╕\╫oп\▀~\╦Iй*╝\ь\0√║л]\чs\▌\n\Ё\с╧Й\╘¤\╫\с%ДС¤БWUp9з\ъ╜\х.м\╨,$wиЩЭ\╞\rА\╘╝\ё?h0°Ze┘Г\▀xh:Я╣\ЄZС<▒kЛ√KG\n\╙∙О9аv@\ч■VЕ\э┤.┼┤╕;.GAn\╠3\┘sЖ\эI\╓▌бЧ\╘}б\т\я\─=\╒l\Є-6\Z┴\ЄВ\\4\ъЗ\ъ\╥^\▀\▄\╙├оТ║\╬\\пK\ї\ъ3r\╓\"Ц!▓3╗\▌yжб\╪\ьo╠║dc\ёE\═qзИa\╠\█L\Ў\╟.\╒\├\─i3hВЫОaC] \╚nVЗ~\ц9│I\▌{ Г№zи\Ё\╪╞╜ВНk┤{П¤T·ug1x\╘rUФtZ\ЁAв№╤а?\ум\їl\ўг\ё\rq\"гC]>\Ёl	 \0sD}lTX\▄йШ7б\р°П▒*?\їOИ\'0\ф\ы└\щ7Г\эzY`СcбA-\шn7U\ьн2иГ╜ж\э=F\т<·пвЦ\▄nг┐Ш\ъ<aTWDDDA\╙?╫Цdiи\тg\▐#м\хlWsД=еЗ|Жf\┌\╘\╚ъаи\ц1зf\ю]в7wwc]п\ўXm\яg\0k\Z[р╝пZ6╕d╘Щ╖│о~W\╥\╫\┘}s\┘\╩E┴■й9ЛЕ!\┬,D\▌h▒\ЇН\╒_\╚,tЗM\фС\╩l|&*>\╨√e\ьЛs\▐7*╥С;√╜╘Н}\с\╫\Ў{·\ЇS5ЩБpМдt\┬t\цк(Rd\ї;n▓W╔╜║\є\╤B\ъa\┌Y└^\╤\ў▓{▒~∙Ф\ў\┼│#Пhnw)j\╤\╚ccзEйpмkЪ\щ{\─\ь╖<.=ХЫ\0М\╤=\ы6\Zк\ъR╝М<\шн>Сi\шW║l║Т┤p\ўл#IР╝\с┬╢\╞n║H┼пмb\╒?8░гЗ-\╩\чtУФj`^..4[l\┬ф┐Й<l:CCLдvР\\$qv\─№V\уеc}дмАw╝@;┘е\═XJ╕з:\тK║\я\┌& \0∙\rjТO)$xХоТ1jSR┼╖Й╖K¤·\єPв*М\╬╞е \r\╦?жy\фy\═O┴╡·8ЖW╕m\\╣\ч\▌-Зw\╓\╧x%G\─\'\ўv╝\їО\у#┴.lП6╛SТnDn\┬u#pшл░nSм┤\╚ \шG0zUXe[eu\╞\▄\█\╘}7\щк\"\"\▐D╛л\у\\AР`Н\┬\ўRЩoPt#C\ў\╔DВ~╦╣5\▀¤O\╨·w(Ь\╥\х{┤ПЗr╜@\ч\шИ:U&S5\0\ьH\Z\─■яПвС╪В]hАC╢N■AZнL\╘pnhТyYа\╙W>К\ntZ\┘\ь─╕\х$ЫО╝а/#\╓bk╣\─A$M\─\ыn\яЮ\ы\╓\n№─ЫБ∙№.о\╤cI CtОзQ\ф|╒Ь[\фЫe\чr\"v╛В■)ж0┼ЩЛK\ф4\╪\╠\я=WЧ\╥ vА	╖\┘WAЦ\шL\ы\"	\┌G?Ъ∙[\0Z·uЮ}¤\╘\┼P\╔nhГ9¤\єЕ\с╬Ш\┌`∙¤Л+\╠p\╘\▀bA\хc\╤V\─Q{┤l\┼∙Y\╓?NSp=уЪКО1\╘\ъ\ЎI\╠\╪m┐ТP\щ ^ \0}|}2p4\▐Gо╛;л>еuЛ\ш╡\ё\ъ0з}\╙eй√	\─&СГ\тAЭ~вК\▀ \0/3e[\╩jо\╩\єХfRS┤л\╦5Н\ЎЗУQ┘▓└╫Т\р^\╥W\╬¤ЙqpС┐║\Ў\╠\я/#\╟┴v/\─,[\┘@╠С{Б\▌u\├1o\╠\╟h3╖\щ$m\╤\э\ё+з,t┼в\Ў\є7\чпz\Ё╢└ИИ&г\ю┐°П√╡KY┘Ш\╫n╙Ф°\▄w\▄8Я\фб\ZzС\ф\'\ъ<Чм9Щn\╬\уи\ї\0xаБH╩СmA\╘|·л\щf\т\уЦу┐з_ВЙ}4A\ёЩБ\╘xПШ\▌x!\─DA\╒i\╒╣2LM\╠\0 °Л°\їSbq\0Шa\╨╙╕\фOа+\ў├Б\'\▐\r\0░▒ЧSЬ@йUФ\▄f\Z\ь\╬\х\0\█\╤\╦╦ПVо\уj\ЎL─А\▌\0<\ь\n\ўWkРH\Ёд|UМ-Уx;M\╔\ўЪrЯx║╟УM■)ЖнК\ёХ\═6h\┌\у\х\єR▓28\т&A\щ>к<9l:#M\т\╥-\╘tV*\╘iFН\╨\ЄСзtьвиc*2FA\┘\щ2-\Ё\ц\╘k╜овFЖ\Ў╛╫П░мPв\╤.\╩\╫&┌В:O\▄%Й2&\р\ш╘И\юTEЙ\├М\╠tШ\"%о~b╫Н9\┌@\ZB\┌^\Ў4\цГx╜√╣m\фа\─\сYQаE\ц\╓\ё\┘M1Е\сШ\т\╩\╠|╣G]\╫R\с|]пf▒=\ц\эсеО╗d┐)\цоa└c\с\╬pnа\rУu╣\╙ЧOеИi\▄/е\╦Аж\╪a#д\╚\ц▓oпkнJ═О°лЙЧ\Ў▓m2$┴\я┴r<─ЦУgy\╠\чp\я!t/o°ГQ\Ёn\╓√ж┘Ъ5Г\ц9Йъ╣нVA\щи<┴╨оЬ╣╫Ч6	k/*\┼sШ\юl\ю\ё┐И°]iС╡МЬ▀║■;·\▀\─(ФН2|G~■c\рhИАИИИГcФb\┘3\╥\ы\ц▒njО:╞вfw\╤EМи\щcFС1\╠i\ЎRT\─5а╖▐Р6╕┤Св\р\ю╚ТТ-p@ЭDЬ▐Ц_YФ2?Q\╨№Н\╓)бюЗ╕┘╖o!пЦИk┘В6С\╨\╪\╟\═L]f	,fL\▐\рЮ│╕\Ї>K\ц\╤\╩\щ╛ci▒Х\▐mc\'~ГЧ\═[q\0╢Fc∙c\▀\╠)ЛмХ<Kr\уnS1\╩GPй\тZ\р\ZeдЫ\ъt╙┐O5зТ\чXБ\тfz}B╢╟│<8гCo;\"жг\─A▒\╙A¤∙hе|f\"\▌\т\rОЪ¤TT\ъ0╪Ж├Иm\ъVadШ\"D\┼\я\▌╚Е0╒УT┤\хy9 ЙА,╝\у\█-nWKvQ<\╚\r1`z\▀\├_+h\ЎNS~So\юГe\рТ%I\╞1мt\╟▐л\┬°моr<\у\р▒^\╙qv=Р;G\▄y-\є\щ\╬}г\┼\чylCЪO-аG├╜b\┌w\╪ \0∙\ю;u\я^▒uЛЮLУ\ыc\═V+┤qйXv;█╕\ь~·иФОt\ып>\▌FJи\"\"\" !D@DDD@DD\╔\ў\█№~JнO■?DE┴▌С\╪ \0\ёU╧╛{П─в ╜S▀з№>л\█w\юg\═FЦ \0и?Ч\╒|\╞j?Й∙\"(#е\юx·мз\n\╘w№Сk\э\у\є^){\ч┴}E Ф{з∙йq}_\ў\╔oЦ:i\╒u=\хxD]ЬDD@DDD@DDD@DDDA \┘','Felis catus'),(28,_binary ' \╪ \р\0JFIF\0\0\0\0\0\0 \с\0ПExif\0\0II*\0\0\0\0\0\09\0\0\02\0\0\0ШВ\0\0\0\0k\0\0\0\0\0\0\0\0\0\0\0\0\0\0A red fox stops to pose and soak up the warm morning sun.? Darren Langdon Photography \э\0аPhotoshop 3.0\08BIM\0\0\0\0\0ДP\0Darren Langdonx\09A red fox stops to pose and soak up the warm morning sun.t\0┬й Darren Langdon Photographyn\0Getty Images \с\фhttp://ns.adobe.com/xap/1.0/\0	<rdf:RDF xmlns:rdf=\"http://www.w3.org/1999/02/22-rdf-syntax-ns#\">\n		<rdf:Description rdf:about=\"\" xmlns:photoshop=\"http://ns.adobe.com/photoshop/1.0/\" xmlns:Iptc4xmpCore=\"http://iptc.org/std/Iptc4xmpCore/1.0/xmlns/\"   xmlns:GettyImagesGIFT=\"http://xmp.gettyimages.com/gift/1.0/\" xmlns:dc=\"http://purl.org/dc/elements/1.1/\" xmlns:plus=\"http://ns.useplus.org/ldf/xmp/1.0/\"  xmlns:iptcExt=\"http://iptc.org/std/Iptc4xmpExt/2008-02-29/\" xmlns:xmpRights=\"http://ns.adobe.com/xap/1.0/rights/\" dc:Rights=\"┬й Darren Langdon Photography\" photoshop:Credit=\"Getty Images\" GettyImagesGIFT:AssetID=\"1184854964\" xmpRights:WebStatement=\"https://www.gettyimages.com/eula?utm_medium=organic&amp;utm_source=google&amp;utm_campaign=iptcurl\" >\n<dc:creator><rdf:Seq><rdf:li>Darren Langdon</rdf:li></rdf:Seq></dc:creator><dc:description><rdf:Alt><rdf:li xml:lang=\"x-default\">A red fox stops to pose and soak up the warm morning sun.</rdf:li></rdf:Alt></dc:description>\n<plus:Licensor><rdf:Seq><rdf:li rdf:parseType=\'Resource\'><plus:LicensorURL>https://www.gettyimages.com/detail/1184854964?utm_medium=organic&amp;utm_source=google&amp;utm_campaign=iptcurl</plus:LicensorURL></rdf:li></rdf:Seq></plus:Licensor>\n		</rdf:Description>\n	</rdf:RDF>\n \█\0Д\0		\n\n	\r\r\r \"\" $(4,$&1\'-=-157:::#+?D?8C49:7\n\n\n\r\r\Z\Z7%%77777777777777777777777777777777777777777777777777 └\0\0а\0\я\"\0 \─\0\0\0\0\0\0\0\0\0\0\0\0\0\0 \─\08\0\0\0\0\0\0!1A\"Qa2BqБС#б▒\╤\ЁR┴Cb\с$Тв \─\0\0\0\0\0\0\0\0\0\0\0\0\0\0 \─\0(\0\0\0\0\0\0\0\0\0\0!1A\"2BQ#3б\Ё \┌\0\0\0?\0│ЙF)Ф\0R▒54Ы╫Ф\тПuIЗП\╘dRи)Ш\┼+ВЫИND)8G*z!I└YJ├аг(и г-\Z3IУQDQQZ4czh\╞\╚IТTйШ\ши6йZЦFw=К2\таh\ЄКT\'\ZebьБб╡иMJUzК3P^ГEвКЛ\rкfа╞╣\"\╚и\╫IиУFЗ│З3КЫ\ZQД\╦D&а╞Н\0н╓О╞Вц║Бb\ю)i@ж\\\╥\ЄWQ═ЛEMFM-жгFЕLb3MDiX\щи\щZ1\ш\r=WBi\шN\╒::CЙFZY\rMqЮH:╤г4║Ъ\"Ъ+D$ЗQ╢й┌ХW\┼w]hYtA└ЬН@5\╥┘иRУ╢R*О5\rкD\╨\╪╨виГP^И╞Д╞ГH┤AСPa]w\n	$\09У╥АУ\╟4bHЭdF\ф\╚r╓КЖЗ\хGHи\Z\щjГ5wSТdIб│TШ\╨┌║Ш,\у5	Ъд╞Д╞Н╚│PЩлмhLkи\ы8\цА\ц║\ф\╨\\Ъ\ъ─жЦНЕ2М*№Hй%1еРК2\ZW╘З\"jv[5й╕П╚┤Ни\╩iЮЩFеб$4жж\rZж\Z║Й45}кЖ\Z╛\╒FДаД\╘Iи\ц╕ZЪГGIб1оЦб▒гC\",\╒Y\┼8дV(LЭk╝Z¤,аf$j\ш3^m\┌.*\╫p╚М∙╔м∙rqu\═X▒┌╢-\┌~\╓\▌\ёо■\╤║\с\Ё/y.9\═\╤T·╛:тм╕ЧД\Ё╣#¤\Ё╫п@l\╚¤6мД╛\╧\Z\\дК\╔\эк[\╧К-Х\х\┬39Т4░\фE2У{B╡OfлВ\ёN\╤\ЎЛНг<\щc\├mЯSд╝\╪°I;\р\їн┴cY.\╔\ё\┼\╦└tГ&─БН\╟*\╓+Tv╢BZgTW\╘	г\─\nL\ы\ZWIб│R\ёСб=IЪД\═BГ\╚\╨^К\цА\э]Gr Щгй\"ВФaZ\█\nМh\ё╣▓╤РQqG)1\╪\фжczA3LF}jn#Р▒Й\щдzмF\┼1Х\'Ь\ь▒VвЖдRZ*\╔CЙ╓Ж\├W┌й~\Ўв\ўQ ╦║и\ї8ок}\rиЧк\╔°═М \ъ╕B|Ф\ци\я√ay(∙╡$▓\┬?GXf\═az▓ДB\╠pS^yq\┌√\т\р\╟(Ш┌Ц\т}и╝║┤\╨\яz\ш└й?)VУ▓Л\╟\▐▐Ж;Q\┼}ж\сВ\╪cz╠╝flОc\╚\╥\╥▄╝з,а\ч╬Щ╡Р║\рuм░Л╗СжR]#ж\┌4ЛK░f°UЯн%\─m\яt■	o:╢{h\чdЪU\╞5\т\╧▀нZ\█\─0\ўR7\ЎпЗ°k\╒\╟\у7\╙0O=JЪ2Ъ╝Ц▀Л\┼sЩЛП\э\╧\ы^╛X`9pGZ\ё\▐;dчЙ╝И╩АМ\ш}К╖\шka\╪;о0R[;°ZDА\┼pO#¤Г\╠\r\ъ\╤\╟\─\╧,ЦkЩН╡uиMOBY\єIPgи5	Нw╣/Cwб│PY\шpШVzЖЖ\╥bЖ\╥\╥8ж>К(ъФ╝mL#Tmв\ЇШEОК▒\╫ОвП6Z8▒Ъ\"й4P╡\▐\╞Z\"ВМ6\'\0uе8Е\Ї6▀╜Ь\є8U\ъ\╟\╚V/Н\ёЛ√\ш\╔B#Г√С╖∙о\ч}В]Ъ\ы\╬\╤\╪Y░@\э4ЗТ\╞3∙\╒M\╟kоЯfX\╤G<МУ\Ємb\─Td\ю\╟├Ь\r║ПO_ХEЯ╝#м\у\▐┤c╥Х\╞O\шТ\щ\Zо\╤_L\┌M\├o\╨m\ЎW?Щ╡\цb4\є%Ж)╛╡~\Ё0\╤∙\т║ГеСKn╣\'зЮjoQOdЯ\╨\╧w3\0u6ЮдЬPЪw\ф$\Є\▄dPZL\├\х@\╒\ъjlДМjU\▌\╙\╧u9Eд┴4╕#<¤)\▀	╢c╕#Щ\╧\яKмAt\ьH<\ўв\╠\╦Y;У╢¤j=2╜Х\цEМы╣ж`%\ё\╫╙е-Z▌│╙Х3a\├~U\═Лж\ц% 9М\╔\Z \0s\Ї \0Хl{9Ш}кP╢p>uШ\с6is*2\╚\╪∙\щК▌мk	№\"╜l√H\єs \0СК\▌p\╬tIЮ\╞\▌\╔ Тc&Л°p╞иКиК0кг\0J\у3H▐Йf\Ё\╞\╪5e\╚66dC╚КГ0др│╕E\╦\цЩ8]┴к·\Z%\ьDи\те*8li58нM\Ї\╨x\┌\ь*I\Ї*\╧@vлxk\уaAУЕMдХевЬdW8╚а8>╡г\с\▄ <Й╣жGЕ<+╖\╧zЫ{*▒6К8\▀\╩= М\╬h\╔&:\╒Л)№DbY\╟*\Є&ШG\чTOtT\╨▀ЙХ\┼,╝G\с\х&iТA\чQ\т<Ja-\х\╦x#Б▌П@=MQ\█q.\Ё\эYO\ъ7\ЎГm\┬\т}\╞%p9\ча■y╘е\у╕\эФY\ьЭ\╫ЫК▄╡\╒\╙┐)\╪!\щ\\╖ЮvН\ў╒Ьn?\ъй,\\Nй╥оГqМ\яV<@╖\┼\ц|wСХЦN3PФkб╘пlФВ2МКpKT0\┌РvqГз<к\╩·=3(y}iЬ\х8ЯЯA·mMZ\Ў\ф\"\шT┴;zT╗жuB;o\╧∙■(P▒ЙЭJ▒pp	\█\чFQл\Zе,ЪyyК\═7Fид┴И\ёЭ\єи╛H>y\єоУ\у!3е╢\╧!К+J	┴\╞1┐зе	\фЯ:УСEiдР!I\▀\фdН\╪\Є\ЇоБw\▄\╘\яШ\ф:T\шй;xHЙNн\╚\▄╤ЫВGТz\╘bФ7Еq╢\▀*\╤v{ГkojЬa╩К╢<O,ФQ,Щ8╣1╛\╠Y\╦mЧ\rИ\Ёчйл\█~■F\ё-\nIV4\\\"\Є\ф\щ]л\▄\┼\уKh\Є\'\фC#\ь/▒╝Ф{^иr\ї;[Рp╟жz№йг1\щL∙Яt\╘TО@╡t\█!Е\ni╩Б\'\Ў√\▀.┐┐╥║.r)?9O\╚Eмг\╬p+НF638а\═0+Fд√q]\0ЪEЖ.╗;TKлlibT1\\\╨\р7░,wb%ly\╘R\ь\╚\─цУЧJл\ЄаE\"оН\╞gбЫsL%\╚м-╕LXй\╘\сV\╦\═Eo\Ў%г\═\ї7│;=\├7%\═,\ф;йиЮ\╬\╒└Rж\╒yкГF<e╢$╣CHB\▄\╟k\╔&┴У^u─жV\ЄYdФ$д\ч8\щ\╨V█╡ТШ8t0\ZCМs\═c\тТ \\Cе▒Х sм>t╒иG\с│├Л\т\х/з,#m%_R║Юcmи│H╨┤jЮ4Ь\я╬з\юTй\╘╦л~`\╥\ъa╖╜I8П║Ю$Мso*\є\▄l\▌Fж]№nфБ░\▄\╥\ю\╦\▐kU!А ■3I[_№LЮкЕ\╒\╪>-y\▀ Tб&\ЇRpKeД·Dе\╔\╪y=j\ыЖ\Ўf\яЙ@%\r\▌F√оz\╒e°U\╟Щ.зМнК\я■\с_╜z=┤Ол▓\шA╢[aZ\ё°Л&\фgЧХ\ы\╥2#░\▄@У°\ш\0\хЪ4ЖQс║╜:\ё\╔GN╡лЧЙE\n#\чy\nв╝\у/4а,gGM▒VП\Ї\ш№B?\ъ∙*╕\яex}З╗║ОF2Geg\'\ц\Ў\ўs4LKly\р\ЄпD\у╝VYx/]/\"nДК\Є{\╟\┬=ЕBXcSН\ў9E5+=;░< _B\ўЧ■\Z6■gЩ?J\▀┴jБB\0АVvr\╫\╪°u╜ФhT\├\'?<\╪}j·|А\╞@╣\є\є\ЄнX╜xЦ╗3\фОLЭ\Ї)5┤j|и▒\╟)╣аИFг▒╟Ше¤╢;v	\ь\┘#Ы2С\чУU\ў\▀DЧПO`дЦ$=█Ба\ю26пЦ\рбЭJ}\╓#\Є4╘б\чГ:а^и[╬Д\╤{DkЫ\╧4 о=M#Ь_╥лЧHV{╜/Е|Г╩ХВ■\┌F\юЦL2√╕8┌мв\р\Ўл+%┬Жc\тVw\'P¤\┼╕uАx√╕уМГйJ(·╥╝░°Кo▒Тe\▌╕∙PV\щ\фLмY\╬Fn1\ц:U╘Ц\╩PМ=Ы╥лk<m°sA\ZЬ\чL;■╛yоYP^RГy$ЩH?\r╣▒\'\Ё\ё\ц\ча├Й\ф\╨/ \0\'?╖▐пН┤QРwм\▐\ё}\є\ЇпМ\╦\nКк:\0(й╢wн/е-\╟\r╣С2ЪГ\у╢·\ч■\щШxU▓─╜\ьD╢7\r! ~Яе15\█z\╥3▄ТOИн	\╚x\т %Хc\чКV[\┘W ▒жdp\фА@∙\їеЪ\╙[dЪ\█и\є\Є)^А\╞\╫-\с$\╒┼╡┤║бDсЦ▒\┬\╒aq*C┐ кI4П%:E#К╒╢yoo▀ИИ╤▒\▌\0╗7ST\Ў\ё+ЖqМmПJЧЩ\я.жР1,\юH$T┴\юв\ў╡░ \n\Є│I\╩mЫ\ёе\╨┼╡к\\LшН╢ЭОz\╒giмg╡\тЧ╗H:и2ЮXл\▐jЧWV\ц*daиc№U\ч\ї/АL8MД\╠3*\╟▄╝К▄▒║ \0ЪT╡e\Z╤Ж\р\╓G┤7Лg\├-Щ\ф°ШЬ\"6=z■Ш┴c*\═\╟\я=гqж8\Є▒\ч╚Юg\Є·\╓k·5\╞\у\с|b\чЖ\▌\0Ж\ўJ$Н\Ё║\чыЯ╛<\ы\┘n\"w\ЁФ2gf\▄\0*\╪\у╢I╣5б7\╓╤И\рPF\0QАвУС$t╒МЬy\╙╠л/\эMlЪ╖╫Я\▀\'a╛1∙\╫bЖ(└pKКAнQ\╧\ЇfЧН9=Ф7l\рkbw\╔\0gj)▒m\Z╗Ж	░\╔J\╥xU?\rОxеДУ\╧D═Я2Шг°\╟\╥@№\n\э│3\┌^,Ю\т2NИк-\▀\┬X\э\╙\х]Д░N!┌Оm*Ю\эж\рy(,G \05\э\▄m\ф\тЭ╝╢ЖH\цЪH\┘u/_╡y╖g;7\╟l°\╘7\ё╞╢K\╚f\▄pгЮ╞▓JR╔Х╔Ъ°\╟8\┼╝╢\╤\╞\сЦ2H\ъ\фTBI\▀T>ДП╜)\├nМ1Бq$▓╛0^B1\Ї└е6xдd\рe╛BЛSo\Ї\╪SЕ~к\ыq*Х>F\ч8к\ыЫ;[x╧┤\╔°c\ы┐╚Ъ`\ё\ы╡\▌[\╔\'xP4Г`[zдcЧ°д$еЕ■\ы`V\цЕВI!\Ё\рt?:▓ЙD(вГ\ц\0╔еM\с>\ш \0&ЮB}я░жxе.\╬Y!в┼Эrc#\ыPyВПкйn\╓=Ю]№З:J[\╫}гП\ъ√\╙G┼▒\'\цE/x79CJM\┼cM╣ЪзЦI\ф\╪\фКC!\чБZc\т┴vcЯЫ7·K)x╣btВ\╠RSqWВ№\═*\╤cЫ\Z\┬z\╒V(.С	g\╩√g\╙\ёwl+ГфФЫ\ё[d$z\эG6\ЄД¤к\═\╧\┬~\╘x$/▓O▒\─2\╟tat\╩:\ъ\█p(╛╚Нu!@\nsKXY]д¤\ї\╒\╥D\╪\ў\фq╕=\0нVЦ\┌E\├\╚\\ПМxAп=╩ПV1\ф!d\ў]∙Д\─X(\╔#Я┌Э╛К[Оy\▄°┤о:m╢\ї╫╣А \0╔О1\х\╦н0СG-д▓@LСС\уlЬ·∙ЪrJ╞КЛtxвеФr\'Эrw	p5\ьX~uow\┬^\┌\щ\├.d\╥\═\├\╓yW^\ыл&▓qm\Ї;i\┼\ЁеЦH\ю\╟Т2\юм+i\╞@╛\с╖,#=\фxA\с\╧L\т▓¤Ъyн8\\P#кк№!~\┘<\╔\╞>\╒gs;И\╦3\ыnФ\╒√Jд\ыЧ\├\╔°\▀g¤Т\їЫ╛XеRh\ёВ|∙Нк╙З\Ўз╢]№\╟r╖QЕ	НХ▒╒И┐<╓╣xJ]\╬dХFж▌Й\ъ\┌\┘,m#Am}\▄\r\єO\ын}!\▐\юРi\ь\ч║@\╥J4╚╕h\ЁpO╓Иm\╓5ЙX\02sН#\щS)$·K\╩\┘SРл\с╜M\╓@Дi╚еЧ▒н\Z#i\█&ЧС\├ЕSзЦOZ^n\"РГМ`\є▀ЭW\▌\▄m\▌Xкл╢К],·Б\ыQу╜▓Ю╚едk?\╘\у\ЁЬМ\ъNмrЬл)└?G?Хilp\ЁС░н\▐*Дl\є№╣\фЪIf\'Р\╔\їи4П\ёЖZial°qКУA\'-лo(№<■·*r\╪\╤Q░rг3\\ВHeп╜Н╣\╞ь╛Зz^he╢2ЗЩPj,О\ч\╟\╫z_2\█d├П1DN\╫^Ч\ЁТ6bд\чOгRВТ\█,\╟R~Г1b\n\Є╟й░\тaЙH\▌X]\швIe^m\Ї49\═¤kеdЮ\╩\▌\ф\█\чКZo\Ї°╘ЦmXв\╟j\╥\\\"Iи\▄\┌Д▒\╨q╕\0sа\цЧr9A╛вРШ╕▓/з║l0\ы╡FIUr ДdЭЛ╢┬гЛytБЩW\т\'Х4	Y;│l\┼┴│\╠\╨sП└мr√@cxК╕UW=T`\n╓мYX)\ы\ZА\╒6bбx/\┬\═KмТи№%:d\ЄбK╗uU■Б\╦k`Т\┼=\╙\╦$З\▌F}ZП\╚S\╩\ў\╤\0\┬TИrНp	·~\ї╪К&Y╣H╞кДЦ\╫М\╔r\ъ√chйд\э░<nЪK┐√e|6\▄╦йбЗ\'fХ├┐█Х]\═t░\█%╬в3С╗\ЁH\ї?ЭS\\XAмУ$\Єwж3жLj\╨q\╧ФД\╨\'\с\Ё{RУl`!%#\╙\ўбТ^╬╢k╘╖бЙa\ЎЖ=ъж╛~\у╓╕,Х\Ё\у\' \0s,\р*+\╞3С\ч\ўжЦ═Э╝#жz╓Д\╥TeФ[v\╓дgР\ш)╣vF┬╣еb\ч╜q\ю\╩\nQP\ф\э,о1\т\╪DН\╨\Ё:ИЭb\╪╡\'-\фн╬Ч\яШ╒гЕ}3\╦;\щ╛\▐\╩<+Pn\'1\╪\Їк\┬\ьy\╘LЕEt▒D\ш\цЧ\╓OИH\╙\ч\┼TюНЯ\═?$ЫRП\▐Р2+Or│d3╢иP\ъW┌м-пЭNгБ@\n\фWвrZ\╔$\с-\Z\"∙\"\┼8д╤Р\╔)#\╚\╙\╤\ёy&LЦ#╓│,5\чN\╘▌Х\Є┴w*f╡x∙7∙║3\чЛk\ЄЦs\ё9\т:Ц@~u4\уs╝y┌к\чТ\╨\щ\╩\цФDu8\╘J\╒\┌NZ д\╥\┘\'w\ZXМ\╙67a░НПЭgA╬ТM.└К/\nнЭ\ю\Їhn-a}L\\\╟44нн\╙[>Т\Є┐AкТПЙ:yд\я/dv╓д\фT\'ЙндhЖX╡╢j\э°\┬\╞°x\█Х1q}СГиFмdW\╧*щЩ┤Я:∙\цu\\\ў╣_J_\\o▓Ю\щ\╫E\═\▀ВbdQи√┬гk\┌Оc\яI\╟Z\═\╦,S>\Z3П\юб╩▒.ЦИ\щ▀Х	b}жt3╖жНr\ёЫy\▄┼ЦsМ\╒l\ьVf\┬\╚r#╩й\╦w%dИ\ф\ї╟Х5\э0\▄c╗╕dnб\╬*СqZЧd\ц\ч/\╙\╤ \┘','Vulpes vulpes'),(29,_binary ' \╪ \р\0JFIF\0\0\0\0\0\0 \█\0Д\0		\n\n	\r\r\r \"\" $(4,$&1\'-=-157:::#+?D?8C49:7\n\n\n\r\r\Z\Z7%%77777777777777777777777777777777777777777777777777 └\0\0а\0\Ё\"\0 \─\0\0\0\0\0\0\0\0\0\0\0\0\0\0 \─\0=\0\0\0\0!1A\"QaqБС#2б▒┴\ЁB\╤\с3R\ёbrВ$4CТ \─\0\Z\0\0\0\0\0\0\0\0\0\0\0\0 \─\0%\0\0\0\0\0\0\0\0\0!1A\"2QaqБ \┌\0\0\0?\0AhиЕ][J\юs╣\ў\╒\ї\т \╞ARsдO\яPКHB\r╢ЬМ\Ё1J║Л[╡№\╦h°НЗ\ч\у^<q╢\Ў\┬\╟\ї.XР\├+\╞\├8\ю(С4лp#ФИ\рG╖\є╓ТXhF9cЬnG\╙+S▒0,2=3░∙\╙U XT╢╝ЕЩ\рЙ&G8\├\Ё3П▐ЦEw\т╚▒▌и\╓\0\╨\щ▀╢\їп╢Gx\├Y|\єН\ёЬR▐б\╨u\╬gВЙQFЬЯ\\Sc╩╛мVРа┌ЩY\цЪDК%9\╥Р\яQА \0\ўB№GИ√\хUdов4Ц\╪b╣\"2┴─Н(,0°\у╫К╝;┤жh/║Bum║дd+Е0p▄й·dRШ`ЖV\╘ \0╒▒Б░\╪VЛа╦ОС}j·YОЩ9Ж_\тP╬╕╙╛\├Оa\ф\┬\эЪ(дLз\ь└c?Д\я\╟=й╝B\╞▓1YmГЕe▓q╛>┤%\тG4а]$У▒OXКYcОK%\╓UF\nzЦ■\Ї░Ел@пe \0i▒teЖ\▄0LЭЧ\'=Н)R░ЖUeУv\╘x\ўF┐O╝Ц\╬3\╙lоZ\╫:gШ\r┘╕#\╫\╨\▌5\n\ы_JМ∙┴\"Д┤к┬Лм║У\┘▀П│\▄416╧Я\┬\▀O\рЙSXе┤ОРйVЗ¤╗Д?╘дl{q\╟Р\ёХд>+Э\Ё~T\╦\┘■г-Х\─KнЪ╨ЭM	\Z╖\ёCTГ┌▒О<W]:\щZЛп\┌\т_\┬3╟п╥Э\▐[\\hcС#\╓~\╩%#<\уcЄж╖╜6[█ЛH\рe\╧reЗФ#\є4\├\█+л^СgУЩU1╢\ь\╟■4\╧\Zж\n1}z\ьZ┌И▄лgHX\╞\рcЯн	╥п$Юб1╓ик╩дz╡}\▌\─\═,Ы\╚═лJНЧ╜]╤д╒йЦ\r2║\щ\ЇSЮ \0\ZЕ\┼tn┤8╣0Z\┘\╟\яе\┘CзV▐Щ\эB4╢\ўoP\╥\╬\я\╚\═\╘<\╓\ю\"I╗\╨W\я\╫MК\х[D░∙КЬ°С\ЄZ\чQrЪYmаЗЭ&&6Б\фzoV\┌\╟e\Zв┌┤qМфАА\ю9\╬7°R(\хK\█H ╡И5\ёЄлкМ8=П\ўз}б┴m5╝\╫JgAй\Ёv°PН+LЧ─СХDЖx\▀╠Огp{\╓Sп│5╦к▒(\▌s▐Щ\▀^CoQ*бB\э\ц\╬)$\с\'f,\r╣\▀?_JмRвИZ6!QЖР2\═√P\╧xZ\фЖQгБГ└и];#\╨$cn\їTP\╚Asi\ьqV]▓\ёА\╥$ Р·vВ(╗\┼-tи@E1й\╧l`P\ёИ╤Ф╦Э,8\ыa\╙:Mе¤╒Л¤\сp6\╥╩г╜5rCz3Ж\ъ\┼K╗]~Q\n\э┐~\═(╛be\ё#╙Т√Б\█\ўu\╫D32\╦o#\├\"╣g\Ё\ё\╬Нх╕╡╛Ы/и)!└\╚Э,*]	v7\щ\Ёx\шfЩ▒{╛?*g\╙\╥,Р╙ЭО\╥v#\▀Y\╦y]\цfН0Ъ|\╩En\с-VV	;(\ь;~Ф\'AгV2йХ,x┘Гc\сU\╠\┼%\ёРд■\"\┘>·Ii<з*\фН\┼9\"++Ро~YоGПf\Z\▐[н\╠f4Э\рХЖЦ\╒\╧\є▒е?\щw=:\─<zf@\═тМХc \0Ц(\╦\╓UVU;\0[№Q\╥HТ┘┤Т\0#AЮw&О9\╩-!j\╩:\ё,пгeU│m\ы▒\═a#║П8ШLМ8··G│6\х5╛m\╫nAмЯS\шП;\ъf\'\╨\ў\шdТM&f╥оR\ч\╬%\ф=j.kK\ь,Квhдm\с#\ZЗq\Ёд\▌>Л9■═г\─Q\╞W\ўнUН\█▌╝*╚бaзЭ╣·\╫;Я\ш[а.Ы\╫n:\\B$Ъ(WeН\у\╒\Є\╚4┴=╡{Ш═┤╜>\▐\Ї9\▐<∙И∙Кк \0д┤\Є°\ёoy▄│dУ\ш*иz┤\Ўз┬▒\шСF \0\╒4\╙\r■Г&н)-в\╤M\Ў2\ы}#ж\їk4\ы╙о#NФ┬Х\Їq\ы\я▐ЗьнКЮ\ю\с\▐l\уJ\ь(║▓\\ОhД$╝\n┌Б#╥Юt	-\ц√\╚\┌b\ёЮН&Эб\╥C.Ч\╤\ц\ш╖rx░╝ИЦ\▐, \0IЯ\nA\╫¤Я╛╜╝Т·\ЄE╕LУж\─\╨f╡R]H\╥eКМj\▄\фP2\╦n\╫8\юHР╘НП┬ДЧ5L\╬(┴uллY\0╡П╦А|╜╜7\яCZ╗в#L┌Ч:\\з·\╓u╡y&\т*+\ф)╤йГz\0zG1╢%\э\х&n<H\┌?\█нr╝RZ]	E░NУ3┴\ъe9\Z╕╟е=Ъ)2╝(Б╨ЙUЭ╢\▀n7╔л!│\ё&M\Z∙б$М\ў\╬j7W\r5╝А+м\═0\nGloQV┤Дe\╓\Є\├╙Ы]д\┌Y\Ёs┐и\ўU7╜K°│?▐Р\nЕ;О\ЇЪ\щ▄╗3▓Je╥╗\єБ·U╖(BаЦC#w @\ЇкG\ZR∙╣│{o$▓OГ¤!╕\nМzaVm \юДq]ЫBF\╬\╠4аA▒4-▓]%\┬\єЖ8к Е┴zТ.Ш\сRj╪┤┬╣T(ЬРFjл││л╚ИM╢\ч5╟О3m#ЙГ R\ь~Ф\╞#q ╕.TгH\яZ┐efx\ь\тX[Cм1Т·Б\у\хX√8\├Z\ъИi\╦n3║√\ўнwKGТkvfS!\уa▒·Ъдbg/$Ц\┬╨г<Т6юд╢▐ДcК¤B&Оh╒Л;·№\щ\эд┐h╢x\'Cй_?;\ў\═7│в\т`\ъ\╚!\╚gv\';\ф\ў\ц\у\═й\щУ(│╖Жp~e а<6▄С№цМО\╓\0LГK\rF\уЭ\ё\щU\╔\╙!rймК$╟Ж╜▒└\▀\чWx\у\╞\╫*О┴p╗\r^\р;S\╩\\ХEБЬ╡\щ\ЁA/Н#\хu\рo\┼[Ьr\╩\╫/.еlН:░3Юhi\я$x╡*KСМУ\ц\э┐╩амйУ╡\╪g╬╢\╘7\ў|\ъMM\ь\╓╦║М&\▄QФа└\r┴n\ї\ш\ч2iXУIqD@╓╖║4dк\ь№g\їPY<KБ#(UXaq░\█U╝}\═&24=\0-нЬ\Є0,гC^╣щ╢Ч-ЩеР╛\ь╛}8S╩Мvк\'║\Ё║\╥\Ё\ZD$О°¤\щwO\ъй<_НLи\╧\'\ч╥ПЮ\цзqШztЫxm\\\├#9,[Q\чЩ4mМ0\├~\"#╠лМ\Ёw\ч\'╓Х\ївQ\уБХW$·ЯJНХ\ЇFmWкД]ZIк°ШЪ\\\ч\╪\╨K╢0╗╗\х╨БЬБ╕\╬\╪\тФuа\ыиЬ6∙bF\▀JЭ\ьВviС\тw\у\┌C)Оe╒Ю	\у\█■\nYG│Ц\r\╓/&hБ\Ё\у\╞\э└\═}з\ЇSlHV0\╦\▀5Р\ЎN\ЁY╦б\ё	u\╙┴\э∙Vб:╗K\╘\╔\╧▌и└а┬З\▌/U▒X\╪\ъ╙Х<\р\╨=)Ъ\┌)╝0ок\у╓П\щ\▌IзШ\ъR\0=√\╒]Sкм0\Ё∙\▀\0\n	\╞\▀\╦\р^xR╕Sи>ЖЙ\╫\ЎВ[\┬\╘\╔.|\▀*╗\┌xmж\ъ▓\╞гФd╕8\▀№\╨~,6\х#8aМj╜`u\╪Q,mоФ╚д1F*|▐аPwдЦ■▒I\Z\╧&\Z6\Ї+╕ж^сЫз\╦;4lвE\╧(\╩\├?ЦjЮЧ\╥D\╤Eyh4Мqл8;В╬╣│V9)ТЪзb.кZ\▌─ТB┴╫┐=\ъ7\эq.Ц	иЭ\╚нP\щ21&\т9\0Ы╖°е\╧╤╛\═;KlО\ъЯЕI\ц\╟o\ЇЫЮuiY╫Е\╪\ыB╡фдЬЭ8\у\ь\ЇЫЫД\╠\┼X\рМ\0)·P╝╕hХП.▒А▐┤°\Є\у~\├`\т\ю-y╣b└╖СявН\╩]t\щ\э\эa+u[\ъг╕\Ї\цкe║пМ!Ю╨лqйNб\ёж}/б\▌\┘^дЕBН\╫O№У;|\ъ\╥╦Й.┬Ъ\0\Ў~q0Х$RN\├$Оvнm╡\фС\\\─└y$Ч\╦\ю\╬)]╖│If\э(ЧJ!\╓У┐з\╙gMК╡J╫О\╥[`%!░T9\╟\╘sGHN\▄C5\╠\ЄФХ%╘╣\ZЧ$L`\ъ/e4М<%:Y▒╖┬н▓\щ-жu\Ё\╪G)№Z░S\╙╗\╒\ў╜.V▒	xМ}k\═╔УТ^Д)╢\ыiq/\┘\с╩Ц\'╦НЫ°qV\╧\rм\ўp▄┤└ШЙWR\█Яеp\╪╚УZ┘СsД╢F*\у╤ЦvМxТ\"▒:№▄ПOp■╘оx\╙°║3,·Yн\ч╨Оu╕█ЯA\ыY\ч\щw7mpVYaМ\ф\┼ \0Y\Ї\ўК\┘%и[at&Э\╞IZГXЗD\n\┌B \0\╟\╨v№кx№\╬ г)\╤\э\Ї\"@#pYNвFjk\╓\▐s\Z8d\єIРrs\▄f┤>\r╣ЮA▓ЩId8\╚°\╒w^С4H.Та\у=ип;\чihМr\╟s\╨$\╨\╠P2Э:I\с╖■{\ы=i\╙ZK█│И\є║║··|лO\╥\"qisкЮи и└\╬7¤+\┌#У*и\╚Й\ьN*■gТ╣д╜Щ\Ўd\юg\рНАДЮyЗV*GP\╞\р\ы(NB\эP╕-дb╜u\╥*ГмВUnЖ\чoМЕu*ЛB┴\Єt∙Ef&9SG\╧\n\╪R\╪_(\╓\rН}ЩР\╔w#.r#!▒\▄\фz\┌Yj:ОЭ\єЬЪ\┬{┤\╙\╬█жТ■\т└Б\Ї\Ї6ПV3Пu+\ьx\Їо╗O>·нI╝l\я\сиmDcy=1M\уT)дoY\╧jXG╘н!RД-В{@\"▐лx[dR╠м7\ю\╪\\g\Їк\Ё\┌5·JO╓г\╘\с34>ТPdcЬУ┌Э\Ї√dЕkи╡\чUЖ@#;■u■DpB╪н\╤T=\Ў■iР╚Ц\╠4З\╘2s▒ \Zm\╙:\щ░<\ь╬м·┘ШУМdАйЮе\у\╠cv\╔╞а;\╫e╝nI╨зoХx\┘№\┘eUZ!&\┘R\─E!$~ \─QЙcТU\r#r6ав╛┴\Ёs\█\0gЪ&бжC\т1\├W,dЯb\╤\'╢h\▌Х!╢┴и\╔	,\┌\█.з+┐╥╣$┌ЫэБЯZЫu\├F\n\уH█СO%░\╤UДнsq-║j3─║\┘G°¤*╢╖К\ш+I╛\\ЬПХGз▄Ы~з\уРx№</>\ь╫ж╣0,кМUЖ\р7\ЇЪ\ъ\ЄV&\у(д╒гe╢Я	П!\rЖ\█VoаBnH╢Ч&7P\ё╕¤\ыJ\╙O%▓\╞fG\┘\╪\ю4║\╞\┘\э:ВН\╘c|dj\╞AоП\niFJ╞ПE\ц\сг\'Zй;№~Х{Я\╘\╚\у\'b$7╬иkШ\чН\"U]П\т\'П\сйIвRЛ(P═Б\╔oZ\фQ\ю\╔\╪─║▒\ZpA\ч\╙\ы\\║░\n\ф\фу░б]гЦ?╕╙Т0№}j\ыkO;MМЭ 2П_ZЧAОc╢Sz\├\уRg	иЬ\р`n()<V\▐2┐Е@\╚lmЭЙвmI\0\rАwдpIYЙLМ|╤РG\чVh`\ъЧ╟ША+ПеdCХ\╩\у\▀\╧\хS√\тн\р▒eW\'c\╬■\ъ1ЙЩ8▄ШГи=│\▀\с\┼\╘/,-\"o┤\▐;б\ч#╢┬Щ\╧НE\х.\рВWO4-\фk~кSJ\ш\▄\r■uH\╩1Тy6А|\ъb<rx╧║б,д\рQЭb╒н\ю.!o\┼С√П\╦Ще\'л\щ ╘Тh▒	\█KdQ·\█\╞├В)k1\'~\╘\чд\├\'P\Ё-mP\╔<П\св╣&ЩБ¤Ч╡√7K2Г■\Їд\э\█~╒и░\ф#>\Ў\┼S\э/FГ┘и║gOЖOy!&№ЬI\ўsПХr└I,1\ю8\╟\ц)\nоЗкX`RsH╜░{xD3\▄.d\Ё\╪Я∙жrj√лx╖ЦF╥╛lВO╝\╓c \0V,n:w╡>\═\цw╖Т\═Yu\Ёd\╘u~╒Т│6{г\╩\╫i2Рs\хзSЙR<ЭDТs╕Ч\┘\ь¤Ю0@└c\ёцЩ▓▒ХР6F1А╛╝┐фХ╕ \0\╥S.Мxr,ЪБ\╚╤ЬvвUг6\├\┬Rа~,Ъ_#hBkУ░;*J\хб\n_█ХС^Z╛\─/ХR`2\ф░8№\ъ°bRqе┤о└M\rZ\├~;TтРА║Г`nGий│\щIеXЖ\═·ти╝\╨Р\╔\├>u[\\ib\┘\у<s\\И°╕OМF\─\чmй\╥\╒й%Т9YqФ\╞U╜\rv\▐vЭ╟М┐\╘u>\чFЛ}KС@\╪╬п]\є╡z╢\╓\Є;i@!К┐\цG~j╝@ГЦжIk\\и*sПЖ(IЦS$`HF|Т=i|-&Y\╤\ЄTU#Ь\ё·\╙%УDq\┼ R\┼wfИ№}3G\ш\ьc!\ZHО\с8┴>S¤╕л\╓\рoP\щ9\╙\╞6\э\їв\эаMG▓) H█М{■yе│\Ї\ь\═$С\╠\0╬ХБ█Ъ\ье\"v1╡ФL\╠└7\'s\╔?\їW█лЦ\┌]#╛о°аaИ8У1Н\╦\уrGa\ЄгEй_QB7Q\▀jДХ3m\Ё\╪29PG\с$o№▐л\Є13gbнЬКз\"R\рe\ё\r\є∙\ё\\╥мН\х\╦\уbO\эKI#Y{\╧\рк)lЭ`М&\р\є╧е▓\ъaп-°╢\╔\╧oЭ[\┼\╓\╥0╘а\Єx\▀\Ї\═J\▀VA\"ГЖ\├#╖╛│TМ6vI(?O|\Ї \Ёb}\сp\├\╦\я \0┘ОиdBB*╝ГBj√\╟\╦aT\фi\ч№R(\╪lK\э2ы╗О|/n\у■ \0*\╠]█Э|c>·\▌u+F║\щoЕL°ЛБ╛Fr>ХЖХ\╚№c#╢+\█\Ёз\╦_Е\"\э\0Ш\▌q▒5\Ў?¤\n\ш\╓\ё\┌]\ї√ЬIpм\╤[EН\╨\rЩ╛\'ПА\ў\╫\╔\ь!Ю\ыиGg	MRТWlj╛\т√к\Ї╛\╩\╙Ko6И\ф:H=\┼t╣oК\ь:7\╪/X=t\їn╖g-Х╗╔в=c .vw4\▐\╞&kxоХвЧx\▌Po\э_?=_иGk\у\┌▄│╗иI\чpx4\у\┘/h:к╝▒O(@йй4 ]/ЬГ╡Кж8\ъw╙╖]\щ░\┘░╕И▒\ўk\\\╤ \0¤Bвн \0@Ш0cЩ1\▀·Я:s\╤¤лЮxТ\ц√з\ЇыЙГy&\Ё\Ї>}{\╫\╬ \0\їkл^uпi\с8Xб╢(\╫·uЭ \0°ПеOhJN▒╢\ь]╟Й\╙\╫X\╔I<\яZP╩║╝0З!A\▄\я\Ёмw▒>#YNЪrе┴╟йнSжe\╤&@#P>В╣?РЕ\┼?└OгЧ$CHm:Йbn\▄■u\шМr▓╗\0к\0\уfD╛dЖд#,?кЕТ\0\┌eY4и\╞\╒\єпWLНЦ\╔>4МAm\╚]U)\х\Ё\т\╔╩╖SНкйоR9uV	▓8$>C\Ё\Їи║л\─DВD\Zqл|{\ы(]\╚ZПW1=╗w\▀\сD4Ъd\┘r▒\ьX7\╫!h\╒amlК\ni╪Ж\ьH\я\ыS╖│\ZА\╓\ъ·F╦д\ъoV\╧?\цЭ└┴6Т+╠дг:\ї<w╬Б║\╙+hHJ9M\ў\яNm<6kvГ@Чp∙\\\╬\█|+╙мL\═:╞и\╩NC\08Я?Х:Л\0Т\╬\╒╤Т\\hQРTМq\▄~t\┬B6.UHKccКн\█\├`QФ\─╦лI>lЮk\╥\╟R▓6\ZXn8\цз(\Єv0п\├EП-+c_┐Jен\э\0ЕT\Ё sQ╢yжЕP#L_Е\╙°╖\э\ъk╥╝&dUД4\█)\╠y\╟ \0/Z\ь\▀LЩ\╓CЕ╒╝ \0З\╚■\╒lyh\▌Dg!ОsПw\├zТ+\╞UФж\├,1Ю√\ч5Rh\╫%B\┘9#ЮIеh\'М+╖▌йU╬Ц\╟cP\╦E\'С\с▓W<VLл)+i╘║░7\є|>╗\╘l2\▐V*\я▒\╩З\я\ЁмНDИ\rЦо5j╩Н╜} \0\╠T\╫VМDгS√Ж\▌ \01A\▐4▒\▌*F>\Ё╕!\╟}И\╬╞П╡Д┤\Zдg\ZЙR\╚9\█\▌\ъG╓ДХ\ZО}е#ьмн\╞Ш\▀<\єUL▒┤\╥L	╦М°ТH\╞\─╘м\Ў│\╩<W√G\Ё╢?\х\ю\ЇиNR\▐vК}J\╩\▐a&└q╛MdЧа╖\є\рaFX:ЮNNH5Л\ыv\щ\ь\╔6mJ~;╓в\╩@▓╢Ч\╘\\Т╗У \0t│л└нr2бA\\п╝d\я\ёо\я\n\у6ЗЗfwг╞░ukyд_\┬\▄qЬВ?qZ_lн\ў@3Ф_▄ЙД<Б\ю■\╒_K▒S+;*Э\0~/Н5╝Ж+Л)\сН7hH;Ц\у╡\"uЪ2^Г/▒Д░╕\╤\╙\т\╔\тB┐!O╜Ь\┼\╒\╘\╥`\щ\╨N \0A·■UЪВ0╤ФbT\э∙╓з\┘\╓▌д\nIg9\▀W{*Щй╡-IСЕ▒\у╥│~\┘@\Z{k\╠Rl\▌¤▀╜6Я@!МТBЗwf\0·п╕\ьhNе╝ЙФaYЖ2N┴З\єЪ\ё\ё/\ы\═╚В{\ЎH┘▒▓gМ╓║Ux\уЖ\\оmБ°V3\┘y\\\╦1\├c\╙╓╢Ч \0з\╚╩е╝22\0\'9~\ї\шy1чНв\Є·Лпо\╓(#Щ\ц]Э+\ю=┴\Їй\█▌ЧЙ\ш╤и╢ж\ро1╣·PN4Ы┤ьПаn\уSЮ\▐\ю\╒wБ\╓iЗAо>|╫Ф▒Fм\чCЛХФЯGВ\ю6лЩ\▐$\Ё\╪\╞H\╥uф╖╗Я\ц)5╕&\'\╒\ўk\╪\╞rq\═7Ю9EФJУБН?A\Ё\Їб¤t\╠в6-\'ЖД!\╚ \щ╘╣\╟\╟\р(h\┌X\яb[9с╖М\╚\\Я.\с\╟j\ўKЪ\т\'Ev`й╒л╠з∙\ыD\▐┌дi╥ВY>ЬЙ2}kj2\╪F0мP\▄&АI,дЬ\ъ\╧w5\щЮB\─3Ж\рБМ■Ф╗и,GЙ╛ж*@>\ьWРБ*\щm:\╬N2=\╒v`\╥ж\n/Ч@\╞\┌oнV\╥&\р╕qТ\═·ч░б%╣tКlЩ\0Q\ф\▀∙╡Q\╧\▌▓ЕsГйЧc\є\тЭ~│v\Z\╔9\─╩▒&\┼╫Б\ю└\ў|Нr3r\ЄOПн\╘\╠]{Ь\ю=\тЧ6и\▐[Й2TF[\├ВN7\▄l~j1H\є\▐}╣Ш.У╛>]\ўпJ8yX \0╡Чd!\ZGr\у\Ў┴\▀\хM ╜Y\у\ў\"\╔ cbA\ч\рd\ўм\є\ї\rТI$Uru\r\ї\яМ\ў°\╤\╦q│ЩвСО▓\0v\ЁA?*ОLMа \0▒\▄@П+АAQЭЗ=П¤Uk<Lc\╩4кv\╘\▐A█ЬsKгХ&\╓МЙ\ўy (\▄\є\┼D╕┤╢1┼оkи\ф8НT\'№З┬д▒·\0\фа{Б4\╦Ф╒СН\╧\у~j\┘-\┌p\яК2з+╛w|°■oT[\┌\ыПp2гZ▓\юн\ъ╝ \0\▌_\с$vЙ\"\╚-╪УН\',3╖└■\─Vк\╨,╗\ь\ъaqйlН,WH\'Bhk°Сm\ЄжV:ДzЬdg\х\▀\╙>ЖН╢[лbЪдV\╞N6\╧╟Ъ\ЁХW\яN\єS\─E╞в=\╟\╙zG\╪\┬4╢e-#tb>\ьНHGкЬ`Н/║\щ\╫-\n\\Ф]К╢yrr3\Є;\Ўнd\╦┘НИ\ЄХ\╓q▄О \0н+Э>\╨_\ь2мj\ф\ы\╥0зqГПN>5|9ЬX\╤╨╜ ЖDФ╢╜MбР\х■N(\├c4vмJ8ЫA\nШ\╦)\ч_\щ\╞wз=\Z\╓О!\Z\╞\ы4yЪx[!┴`3г=О\ЇoQKV╡Y\▐!H\є2\ы-▒c \0Y\тл%\╩V┴-│\уЛkжй%cБ ]7g9\█\▌╟╛Щ\ЇLЗ?■═Е}к\╪\█\╧\ё\╦hИ╫м<8XЯ\0╒╛1\щО\▀*\─Б=┐RXb}QТ\┼\ьJОIО∙Wt&дК&2┴{6ЩR\╨\\|(iМ6\╥\─\чe\\¤\ч·sVu>Эs╙КMsn\╞\╓LЪ<▓СЮ\фl(y\"Y$iЖ┐╛|1▒>з\▀\\│К\хDе\┘B▓C\╫n\Z\╓Fh█В╦ГУ\╬╒й╡╕\┬4l\╠|HИ╥╛гz─╣qr0б&X!\яУZNНs\т\шR╦ХRr9╘╛ЕУ°Д\\\╚\є\─\╨└\╙4Й\ц9\ї\█=╣4ЧDБ\╨Gl\╤6u.}6¤i\єE?\┌╡╢uБМ\ўй(Тg	и9╦и\╞N;\я\\uв\"╛РY$ЩYXб┬бs√\╙╞С\╓═аЖ2uВBКX╠Чб\чT■мз\фh┤╕&ГCВ6╙▒ \0кIE░\╤uЬ\шP$\╩\─Ц\'\ZЙ \0)жVС\┌\с\у ■\0└6\Ї8\═2мMp\ыЗЖ\╥\├p;Е(i\┌D╫йХA 9└m└\ю}┬з,vCЛвC│ЖФ1\╒\╞5√■UD\╫7+.Й░м╗М;\╫Tмб\├N\щиdz\ёЯv╞ЖУ▒Э^]Ye`r\їФR\ь\\╡╛dР╕sл▒#\э\╬*PH\n\щe.\╚r¤}hid}\█Dx\сГ\чЧLJ$ЖEIBТ\├╩МG╩│Вн\n-╫й^C:░\╫!U1\у\╠\╪°\╒R\\[\▀╞ЧШT╒бПгv №7\┼hв\щP\"\щ`й┐┬ИУзФ$LЙ \\мh╝■;\╫z╠гzб╡Ь\є\"Z\═ r┴╛\ё@P6▀Я_╓ЩxП\n\╩u\╔╫Е;Юw\Ї \0кН\╧OТXOНЦ,\0:w\▀#╕\═Uqq,wtХУ+n╗\тз9svAX+ШЮEaи&4╢0{S[ОзООOЗ\сЯ)\╥_│\▌Jз\╞`ТаrN№Mй┐D╕Ю\'ЦqйЦ&@I=┴\'О)e6Гmt¤ЙЫ|A\ўq\╚4A╬е\'\шF4\┬	╝mw#║М\r\Є \0еWКM`Л\рШс╖А▓┌ШJ7@X \0NsЯЕSMМР\┬\0,М[┼Р¤\┘\╟ Б\я\тб(ж╥▒xА┐T╥Т1Ф``\╚I№\Ў∙c\Є·Td╣Ъ\▌&╖√°\╒№А╛Я\\Я\цxдТ█Б2\╟iВFmмлТ_|m¤iХЗOЪ\▐\▄,Ю\у\ъ╔╖W*АrA\у#q\єл8(\Ї7JЗ\╨I┌С4Лпo*c1╢G#╢\╒PКШ\┼\╞QH└эЭО└\ухКХем3┴┼Э╗─оdС<\╩\0|З┐\хL\энRС\хX^MC \ю?OZД°\єT\nг╢6╢\╨┌▒╢dТ0\─)Л}▓3Э╢\╪vвВZ,вg\╓░>╕\э¤\ўе\╤,\ч\ьqаv,HqГ\╪oМTnCгГ$ДAЭ┐	\╧cN\ч\ё5М\ю#Ъ\у\яLx*╬к\0\╘∙╧о▐З4з\┘\юЩ\с\╦t\эIЩ \фМ\щ╢F\╪■п\╦\▌F╜─▒\┌,Ц\═#╚к0МHNF;qЪо\ь\╠\Ў\ъ\┌\хY┤╕QУО6\у\▀U\╟&\╞L╢■\┘?\╥┼┤Щ\ю№?∙·Э│■i▓E+\ё,D╢\╩s\█4\Є\┌m╩л║╗)E╓╛P\─oО\ч\╙;W^╛ЙзЬ(EBP(=О7█ЬГ╡O$St╢`z¤Д\"\эз╖╣МРК<0 \я┴\╞■·e\ь\╫IO▒Gy/Р┤МД▒!}▌╕\╪№\Ё)─╜\n╒ЧE\─ \\╦Н.Й╢}N0╜3Ъд┤√4\эвx[1вГЩ@\╬3\ё\╞+╢3\\TG]Pи└ж0@:[╕\╘EЭЛЦ2иg^BВs\ю\┼2\ъ░ZRIJ\╚TQ\╬\╫\ЎааЗ┴bЪKМ\єЬ\ф\╫\"\\e\ёb/Л\╨,Ц╢p╞▓ClT╢#\╞?:\э^o \0,X\▀PСжТ*I8НV<l║G?Jж\▐XIU*╚╝Fq\ё▐ОF\╪\╙~\┼}I:Э\ф	╕\╩z\ЁT~°а\эzO[╕+нZHРi┬░ВF\чn@н\n\╟─ГK\0\ъ0╣;S{]b(bvM\'╕■╡%2F[\ьзG\┘J29>\\╢│\я#Б╡]╡\ф\╠nа)!#P8\╞\рw\ўСZ╦ШЗМK -У╣\╪sWм^пЕБ\ц╬Д\х│\шЯ:\Z\ь&)\х\╙p\╤\\D@\╔╦Г\╬7\╬;PWv\эеDOсжгп<МЮ}╒╣╝Йг╖U√09▓Меgюб╛yeAoв\"Д\'╙Ъd\ўA0И8УJ\ъ\╧\0dКЖpd\╥6\█\хR{IDм0*7d;g\ўк\┌\╞\рn\╥mМ\r \0+O\Ї\╠\у┤4▒\╚\ч\сKn:uФ\┌╦╗)$yР\уО2nЩ(PъбЛrL╜.\ї\█\0 Н¤(&└f$ОH$Я\\hNu;!0\Ї8·\╘\яо\ф╣G\╫b^0аmХ$╕╧оs\Ё\тЪ\▌{?yr╣t\╚йG#\╙jХЧ│\ўv─ЗФhR\├╘ТA\єw\яЪ\шЛ_жAv3Гo\nLЩРДЫ\0\щlПP8Ц\Ї\\\╦\╬\ЁjИ╚Д\╧9\я\ы\▄pjи:\\p°d`┤kбH\█oЧ\ўлbc2x,▒ V\ZА4Б\щ\\╓ВТ67VRГpН<Ю&ЭK\╬0y\0q░№л\╨unЭ\с@╢\р}ЮRcbNFsЬ.y▌│N	╝%ЖY\0LЖ%░=~{P\ЄtV&\сW├Ы\─\\keРN∙\'z╜аЗY\▄\╩\эHc∙B\╞WP▀╖\▀\їл\╥4╕(Ta\хР\Ў;\r \0QC│]ж┤ЪMp[─б\рf╕.\ф$ЛpR7П*е1л#<z\╘$\╥u`n╩нМ\▀sа╗FK+Уз_;m┌╣,Д?Зrа\─\сИ\'q╖cRr╕╖Ь \ё\╥4╟▒\╧9?╜1bLдг}▐з}[Я╓С№╢На\ї╗\╒dСР>└c╡Zd╕К═оpБI#\╫з}∙\Ї\тВ\ё\╓\═BfXTЕ!ЖЬЭО\┘¤jO3,F$qмк\чТj\╨╩╜БЧX\\\═t\╔\";0╟Х\\\р\ё\╬>вЮ\┘┘В┤Сг2F7\╟n=iг╟ди(╩╛IH\╔\╔\Ї \0\▌GXкB]!│Нd$\щe┴ √ЙлrJМЖ\є\┼fСйTЗB.tЕ\╚\╒IlбgЕq,l@ \ч \яВ}(y$ueG\┘√\сЖ\0\Їй\╬%2Eб4М\є\█\х[Шl\т\╞\▐W\0 P\┘%╕▐║l\"К\┌4\\Й	\╘Ibp*pжBx▓BА\▄5u<дxЮ#x$ \0\rF╥Рдp\├=╜0k\╙t\ш#\ыB╟░\█;\╙Й#)l+38\'╥З_<ь▓л/Ж\▐B\Z\ў\фb╡│6\╚\╩bТFTБ~\єa┐пОhgАм║TgQ└ЫQ■Q\цAВ\╩{Ь\ўЗyT░.uХ\▌|AЭ■t}l$╖w%eЪG\"з\nШ╘йГ└9▐е5\┘gQЬQЬ\Z\р2hft\Є\┘<R\╨HN\╟¤╕\╪S\╧\чC4\0\юug \0\ы\╞B7xTЮ\ыи\╒o4\ш0#$Оp(V═│ \┘','Elephantidae'),(30,_binary ' \╪ \р\0JFIF\0\0\0\0\0\0 \с\0-Exif\0\0II*\0\0\0\0\0ШВ\0\0\0\0\Z\0\0\0\0\0\0\0Ken Canning \э\0LPhotoshop 3.0\08BIM\0\0\0\0\00P\0\nKenCanningt\0Ken Canningn\0Getty Images \с┤http://ns.adobe.com/xap/1.0/\0<?xpacket begin=\"я╗┐\" id=\"W5M0MpCehiHzreSzNTczkc9d\"?>\n<x:xmpmeta xmlns:x=\"adobe:ns:meta/\">\n	<rdf:RDF xmlns:rdf=\"http://www.w3.org/1999/02/22-rdf-syntax-ns#\">\n		<rdf:Description rdf:about=\"\" xmlns:photoshop=\"http://ns.adobe.com/photoshop/1.0/\" xmlns:Iptc4xmpCore=\"http://iptc.org/std/Iptc4xmpCore/1.0/xmlns/\"   xmlns:GettyImagesGIFT=\"http://xmp.gettyimages.com/gift/1.0/\" xmlns:dc=\"http://purl.org/dc/elements/1.1/\" xmlns:plus=\"http://ns.useplus.org/ldf/xmp/1.0/\"  xmlns:iptcExt=\"http://iptc.org/std/Iptc4xmpExt/2008-02-29/\" xmlns:xmpRights=\"http://ns.adobe.com/xap/1.0/rights/\" dc:Rights=\"Ken Canning\" photoshop:Credit=\"Getty Images\" GettyImagesGIFT:AssetID=\"157533956\" xmpRights:WebStatement=\"https://www.gettyimages.com/eula?utm_medium=organic&amp;utm_source=google&amp;utm_campaign=iptcurl\" >\n<dc:creator><rdf:Seq><rdf:li>KenCanning</rdf:li></rdf:Seq></dc:creator><plus:Licensor><rdf:Seq><rdf:li rdf:parseType=\'Resource\'><plus:LicensorURL>https://www.gettyimages.com/detail/157533956?utm_medium=organic&amp;utm_source=google&amp;utm_campaign=iptcurl</plus:LicensorURL></rdf:li></rdf:Seq></plus:Licensor>\n		</rdf:Description>\n	</rdf:RDF>\n</x:xmpmeta>\n<?xpacket end=\"w\"?>\n \█\0Д\0		\n\n	\r\r\r \"\" $(4,$&1\'-=-157:::#+?D?8C49:7\n\n\n\r\r\Z\Z7%%77777777777777777777777777777777777777777777777777 └\0\0а\0j\"\0 \─\0\0\0\0\0\0\0\0\0\0\0\0\0 \─\0?\0\0\0\0\0\0!1A\"QaqБб2С▒┴#$B\╤\с\ЁRSbr\ё3CВТв▓\┬ \─\0\0\0\0\0\0\0\0\0\0\0\0\0\0\0 \─\0\"\0\0\0\0\0\0\0\0\0!1\"AaQб \┌\0\0\0?\0лWT<R\╓\уеe\'в╖Ok\═\єЕ\'ап╞Ф\ы7\╫B\т\▀I\╥o\ю\Ў/■w9\э▐Щ\щЗ\юc9Z(Ь,│аrOД.┤╛}n\┌\▌\Ё\ё╦М\рВ	∙u∙WйьоПз\█┐sut\ф\0№EЭЫcw▐С\ъвL╢\ь&HДдA\ьA\с$\ї\█\\|■uk\тС╦О\n(пb╣ПЪО╩Я\ц\\Q(СФ\тl\ўи°\ь/о9ж╝Ю\╥INc@А6\╞3\╫\╫mи\╦\ї-:Qkкlr#ЭGV^кq\▄Yе_зЧ\ЎK░+ОMf\ЁМ\╒Ц\сc\n\█T\їЬЖ┴oЮ\їD#IaЗ╥│╛Ю\╩\'╖\╟ОФ┤CЖ)Ж\═\'{КнU╖\Ў%ДHМ@\═c└|\ы?xv\╟\╫_\ro╒СжI\├j\┘cмм┴,\█y\Z/c\╨╓д╬н#╕xC63\┬6╧Яj@\┬Ki\ї\хE\ц\╔\Z─ЕО\ъ╝Ю\▀\n{и╕О\┬LgЙЩ@a┐\\¤2>8ей$fK[&\╟\эq[gИР{¤Т~ХoВq6XОе7>\╙^i║Г▌Щ#К\ц\┼!ШЬ\╠:В\рm╨УЯ╞мuKш╜а\╙tMf╟К$Т\хxГ\ьF√¤Ae╟▓·M\я\э:╡кI\╦√\╚8\ы\╪\ю;╨▓\═iqk=ндj ╙б\чD\" Н┐wЙ\▀\уOжжtЩM\╫D?╢Ю╓╜\ц▒%┤%нЫr\╓bе\█\' ╗o■\╠4Л√\╚\ь\фWT	\╠\n\ч!xA=┐\╥╬ШY\шЪ╕M\╘╨дЧdП▒\ы\ъеsм\╟╚╖╢а\╦,\ф[\├:О#┐\▌\\\╓Ш\чD╗\ўЛFF╟А\фgоO╩Ъ\├z\ё\╟ГDЛЖ\ё\т\ц\">├┐\хN\э\э_П\╞+\╓W\┼\╚\┌^D▀ЮГТ\ї\ф+Й╠Т.▓МfМHУЗ[Ноu\Ў;6\я\╩└РfК\ўи¤+yмХ■\═l=ZИR▒\"p\їbY\▀\яо\─#\╠\╫\ыsС╜>+▄╡А\ю\т┼╗ V~i	О\┘ \у?╞Р\▄\─L|╗ж),-╠Пп7Ш\╟cT\ZЭ┼╡┐╛&8\╤\ЄN\уl|~ЮвБV\╫s,fhв%<XР~\ы+╫н\\\сXЛY\эK°aen5.Ш\▄8└dF\0╟╢\ч\┼\'╓н\ю\эn/I╡NE\─<\╞UG\╟\0\Ї╡LЧ1Aд,xдГ\фsО╒Е\ьнpВ9-\х\т; ,~\яB>&ЭPйcSЧиЬ\╙-,Э░Н&C\тh\єС\ы╢	\Ї\єнZ\╞_}Кn)^^Q1┤А!U\╬8В\э\╫\р>tE╓п╕0ХЩ\фИЬТG_79·mJ\їЭZLнп(\├-\╞\r\├g\─7\Ёз`3\ЁиxС\╔=╥╢╣Т{gКIBЧ|Ж\╞3┐\├·\┼;\╥u[}E	Д\с\╙\э\╞zнO^Й\э-dОykx\╒Taq)\ы\█|\ї\Є\╙\█\ъKаЧ╓Г3J\├\├\╞pw\ёЖ╧ЮF*Чк\с∙e\чТkНR\ш·b╣вQK.╘ж\┌\ьO\n\╚\╠2\r\r┴\ш\reqz[l@b\╬\ЁЬ8┌║\ў\╒■\э(╛iг░\Єе■\ёr6\ц\n│s|]U└_C\фP╜(Ыmд\у\0ГИ\▄\Ў·\т▒\┼bкy╝}0\╫∙U╪Д╝\ьDk▒\ъ_д\═█│-ШШ\ё┐N^q\┬\╟\рО√oXD\╞¤d\ў	a{d\╧6;АE\ц\╟l\яёкЛЕ\ў╗D\╚Fl#й\0¤вI>╕}к{?g5иНВE4Q)\чB╝9\'9J│+<i\яТZ;ЗDв\─\╧\'\╪RI\є┴;\у╬╗║*╢н\щ#\ZF┘ХШpЦ>Jz\┼WZ√3erD.дR	2\р\r\є\хJu\╧fнR\ъЦТIaМ│4r╢Bпз\├4X\╥v╚ЛЫйuИа\╙nШдc└╥╛?Б\█\'╥Я\ш\┌?\ш∙#╕╛2\\\ё╖\ы\ю|1\уа*{d\юЭ>■\╬\щ\╬\╥ChR&Ю1,2ж\ф\ф~\ъ\╓\╚GyвЬ\╦╩║Л1M╛\▄k▒$w\єи\┬t\ю(═╡\├\"E╚СA\╚	\щ\ц╕\▄y}\р\├5лЩз╖\я,RM°░|к\╓\╩\ф	nm\┘DNД)Й║п·O\ўOQ\ёиk╗Щ4\▀hK\├\ЎбС\\u\э\ы\хБA^3\хг\щЪ#%╬Щkq\ZЁм▒ЖЬ\у=йИ\r/\ЎgЩ·▀Э\Ў\Є\рП/\█\хLёЪпЭИп\'h2:\їе$оi\╙!(\╨[\ёН\єMйUМ6\"┐ЫKР\▌@\▀╫з\╫\уV3╢at\╞C2\щЦ?ZЬ\╟\╒C*~У1Т9A▀ФbиА╕\Z\тKЦ╜\╤F\├\▐\┘d\'\ч┐\ц((Uг╡ГдС.ДТ\ў█ЙС┐\ї\═m7╗]╞▒д2O/жxйЙ\р╓КН.¤ndВrpY|k\фq╥░▓Эn\╓EЧЙdЙ6;Е╔м,\Єn╥ЦQ\х░\╧\сBcУиX\▌(+\═VYПШa\╨№\┼░{=и*X$W\rЩнЯЧ\─W\э\Їб,$\Zv┐и\┌HW;	\0`OЯ╞▒Нc║\Ў~Y\0+:;/|Ж■▓Сг╘П9\х)8ЛХ&6!▒Р~№\╨■  \0Y╬дСA{╦║\╤,▓╝bз\с╓ж5[=\▄мМ╖>\█\ю~JI5I-\╦\\i\т\хУ7.\\c\э\071╜J\ъ\рE34sпQВз>!ЕШи \0\╟\ЁбkQ	\Ў}#\┘C\ьэЩП$0bs\ч\─sN\┬`P:\ZИtk5#ИglQ3L╝5UvРК}│ЫЩ\╓$9;Ъ*Р\r	p\х\ф\╟a▐│\у:л^╜K\╠▌Г╣$о!ei8d\▌IP\юУ]Z+и╘Ь8\╧\ї\ыZ	НЯ\"\╪\ю=\┘¤\ф\╒\═j]\ё√д9o■П\▌\\Ke7ЧrМ\сеI3╪В1Lг╖Co{jGД!\╔I`>Ф5╞Ш\"°╛\ю┐=░~г\ыN_╤п\Ї\Ў╟ЛЬ2q\"6■┐\ю+k╖\ў\'bs\├\╠{e\╧\фh{iд\у\'╕\т╢вЖ\ъ\╩\єД\фI/\ц	в^\0¤\\гYX▄Фpd\\\Ї \уннFнu\Ё▒Sv\э╙Иn(\ы\щy·\rм\▌\╤QШgи└\═л\"6ЬТ\─vЕ\╓E>Я\э@\├\▐└\цЦHпXhЙe^Яyи╗\┼u,2HyNп\╩\'▒\0\р|┴5[u:\╔u┴╝K\╞\р∙l└¤jv\юuwk /\ыЩA\╟\яn∙Хб├С\ї\▌.U║\╤lеНЛ╖CУ\╘\ь)}\ы\╔	9\щMнЦ(mФи ]╜(╣\"Щ╢ им^}\ў7╜mv-\ўХ╣\▄\╫\їн\▐\▐d\▀@▓ЗqU╛]А\Z5\ъбuмi[║8\ЎH0M\┬\╧\яoЯ╞зnР┴~\╠8F<Пo╛кн\Ў\r║Ьy\ZХ\Ў║\Ў-9▄░\ёRг·°\╙j,C\ўn/СФ°Кt\єв,╡xеО8╒Б.├Иg\ь\эУSWoq5дw.Z>k2\╞1Т6\╞>4=ХЭ\эЬ\я4╝\ё╢6\▀°\╤MQИн!╙Е│ег\╟\╧oж)m▄НС╩аF╕)2\ъ,\шЖPCqб\0w5Жл~&╛kH\╚*O\─\рП\ы╥еСН│=nKknHЧ<.е°И_╬Ф$╛\їЛ\█GЖi\уФ∙фкУ\їf√\ш\═n╜N8\rм*\╥\┼2╖1FT\Ў$y\n\ўB\╤\їw\╙\─╓│з.dB\хG\n.rF▌▒\\\╓KKfI∙Еcm│Cx\р\╚r\r2\є_$\яX▄п\\\'╡c\╩\┘k\nАq\▄╩зv\═·I╝\шA\'4R╪М	бЩ\ф \0	\╞Y\╦√4\\\┘№■jEи{_ah╛\ц7Сo\ы\ёе▒h\Z╬к\▄\═wR1)$\Є`<GS░∙fЭ\┘√9г\┌aТ\╞9$\є\'¤cg■к\╓\╒°ЗtЕp{aи^[░▒\╙%Я}Ю8<T╞╡uо]<:д╓Ж8\═┴Й8ОМg▒\щВZ·~└`\0Ра\їKD┐▓Т\▌ёУВд\Ўa\╨\╘:м){┐\─|ЛS\ЎК\Ї\╟KB¤U╖v\▄y\їнm=\ю\ъYПl\╙╡g\э.Г4z\╘@DъУ░\эО√\╒Хи62[Fа<L\╠{)o\хGйj{/6П,3д\╪\цrЫ,н\▄\nЮVв║Нт║пf^\Z{ua\ўУм	3\┬j\█\"Y\╬.ЖЬGЮ@o\хR°└\ў▒]╞╣s\ЄLи\╦*а\Ї\╙g╡\█√Рn,\э\фЦ8╕K\я╕ж\┘\▀\х\хK╡;5Ъ└\╔\ь\╟;w5E\ь>Ьm\Ї&un!,ДЖ\є∙\ф|й\\┤°\уg\╚7M-M\эDo*B\ёО%6Фx\█\╚yК1ч┤╗М<4l{6ыЯП_╞В╝╢YЧВ\сUУ╔Жi5╒мP╪жda√Н\тS∙КJпТv╨ЭU\фvbЮ╠ЛХ\╬)╩ЯЭ\Ё755cо]XJй2▓лlrrз╥Яi┤Г╣▒L\ў\├\уLИЧ=2R\┼\╤Pж┤ЗVо\├SQ╞Д\╓o]f╝m\┼O┤Р+√t╗ИsЙ\с\ё)>^U2bV╣║[ycVЭoМБНБ*╜SО9Жq\р№\ъVm)╣Т\\\р\ф/\╔\Їp:{Ю\─\уOЯH╕М╗qй!Y└8╧Чй┌╢║╤╡З<╓Б<ATЭ√цОЪ^\╓)\ёХtdBrNн\ц\╥ndУ$о√\ф╢\╘╓О\'=з╡6~\╧E\╟q#Е^Щ9\█\чU┴4Э.\▐\╤qИ\"	\цN\ч\яб5И\╥+Лx\├,L\╬s╪П│\єбnп9\█М\╓_н\ї?{g╚оZ№8Ю∙\ю$+МJ\ї ╧ИнemN+\╦\┘cЕ~\╫N\╒IUS\┌evs└▒ФС\╘\їVЧ√нЗ°б\╦\╞\█}+█ЙЪg└\╬\ї╪▒b\р4-K\єБ&╫Г\шиsZ\nC▒нWМ\Ї№ki<^^,Nz\╫FОже\ЄI\╟00\чД\╧\┌║Ч\═\├\╓┴Ъ@╕D\р~BН\хp8u▄ОЩоZd,└\─2{Э\ё\\╣%ЛIvD\ы+q\экDк№\є$nsР\Єz│П-`p1░\ыY\▌Ej\фP#Н\┼dВyV\ь°\ю[\╦\╚T?Q0╗}Е|УЭ╡xД\Є\ч9\n*f\Ё<razU%\э┬Б╡\"╣n&\╬+╜\╫\╩\█*╖пCtй ╓ЪД(\▌N\ц│\╙\їy\╬	5Жк\╥oЖ\щLЮ%=\╤6V0╣\╔\╧\▌\у\┼I\┘\▌▄дЮ&<4\шj\rшлЛО√$ \┘','Strigiformes');
/*!40000 ALTER TABLE `living` ENABLE KEYS */;
UNLOCK TABLES;

--
-- Table structure for table `meaning`
--

DROP TABLE IF EXISTS `meaning`;
/*!40101 SET @saved_cs_client     = @@character_set_client */;
/*!50503 SET character_set_client = utf8mb4 */;
CREATE TABLE `meaning` (
  `Meaning_ID` int NOT NULL AUTO_INCREMENT,
  `Description` varchar(400) NOT NULL,
  `Example` varchar(240) NOT NULL,
  PRIMARY KEY (`Meaning_ID`)
) ENGINE=InnoDB AUTO_INCREMENT=55 DEFAULT CHARSET=utf8mb4 COLLATE=utf8mb4_0900_ai_ci;
/*!40101 SET character_set_client = @saved_cs_client */;

--
-- Dumping data for table `meaning`
--

LOCK TABLES `meaning` WRITE;
/*!40000 ALTER TABLE `meaning` DISABLE KEYS */;
INSERT INTO `meaning` VALUES (1,'a large wild animal of the cat','The zoo has a large collection of tigers.'),(2,'any living or extinct member of the family Hominidae characterized by superior intelligence, articulate speech, and erect carriage','I am a human.'),(3,'having human form or attributes as opposed to those of animals or divine beings','the experiment was conducted on 6 monkeys and 2 human subjects.'),(4,'a reference book containing an alphabetical list of words with information about them.','Search the word in Dictionary.'),(5,'It is an elongated, edible fruit тАУ botanically a berry тАУ produced by several kinds of large herbaceous flowering plants in the genus Musa.','Monkey likes to eat banana.'),(6,'a written or printed work consisting of pages glued or sewn together along one side and bound in covers.','I am reading a good book on economics.'),(7,'reserve (accommodation, a place, etc.)','I have booked a table at the Swan'),(8,'a reference book containing an alphabetical list of words with information about them','This information is obtained from the lexicon.'),(9,'a language user\'s knowledge of words','Chocolate equals sin in most people\'s lexicon.'),(10,'physical objects consisting of a number of pages bound together','he used a large book as a doorstop.'),(11,'the magnitude of sound','the kids played their music at full volume.'),(12,'a (usually) large and scholarly book','She\'s written several weighty tomes on the subject.'),(13,'the indefinite continued progress of existence and events in the past, present, and future regarded as a whole.','he waited for a long time'),(14,'plan, schedule, or arrange when (something) should happen or be done.','the first track race is timed for 11.15'),(15,'a period of time equal to 1/24th of a day','the job will take more than an hour'),(16,'a special and memorable period','it was their finest hour'),(17,'doing something or taking place after the expected, proper, or usual time.','his late arrival'),(18,'far on in time; towards the end of a period.','it happened late in 1963.'),(19,'happening or doing something at the agreed or proper time.','he\'s the sort of person who\'s always punctual'),(20,'performed with little or no delay','a prompt reply'),(21,'a cue given to a performer (usually the beginning of the next line to be spoken)','the audience could hear his prompting'),(22,'serve as the inciting cause of','She prompted me to call my relatives'),(23,'to travel to a place','went to the gas station before heading home.'),(24,'the act or manner of going','finished the job at one go'),(25,'a person of subnormal intelligence','he is an idiot.'),(26,'having the capacity for thought and reason especially to a high degree','an intelligent question'),(27,'having or showing a quick-witted intelligence.','if he was that smart he would never have been tricked'),(28,'(of a wound or part of the body) feel or cause a sharp stinging pain.','her legs were scratched and smarting.'),(29,'intelligence','I don\'t think I have the smarts for it.'),(30,'temporarily unable or unwilling to speak.','they stood dumb while the attacker poured out a stream of abuse'),(31,'make dumb or unheard; silence.','a splendour that dazed the mind and dumbed the tongue'),(32,'(of an object) having an edge or point that is able to cut or pierce something.','cut the cake with a very sharp knife'),(33,'precisely (used after an expression of time).','the meeting starts at 7.30 sharp'),(34,'a musical note raised a semitone above natural pitch','play a c-sharp.'),(35,'intelligent and quick-witted.','a bright idea'),(36,'brightly.','a full moon shining bright'),(37,'bold and vivid colours.','a choice of colours from pastels through to brights'),(38,'stupid; very foolish.','there are dozens of brainless action movies out there'),(39,'move forward.','from the High Street, proceed over Magdalen Bridge'),(40,'have or maintain an upright position, supported by one\'s feet.','Lionel stood in the doorway'),(41,'an attitude towards a particular issue; a position taken in an argument.','the party\'s tough stand on immigration'),(42,'bring or come to an abrupt stop.','there is growing pressure to halt the bloodshed'),(43,'a suspension of movement or activity, typically a temporary one.','a halt in production'),(44,'(of an event, action, or process) come to an end; cease to happen.','his laughter stopped as quickly as it had begun'),(45,'a cessation of movement or operation.','all business came to a stop'),(46,'a domesticated carnivorous mammal that typically has a long snout, an acute sense of smell, non-retractable claws, and a barking, howling, or whining voice.','he had pet dog.'),(47,'a small domesticated carnivorous mammal with soft fur, a short snout, and retractable claws. It is widely kept as a pet or for catching mice, and many breeds have been developed.','he have many variety of cat.'),(48,'a member of a North American people formerly living in southern Wisconsin, and now mainly in Iowa, Nebraska, and Kansas.','he acts like a fox.'),(49,'a very large plant-eating mammal with a prehensile trunk, long curved ivory tusks, and large ears, native to Africa and southern Asia. It is the largest living land animal.','The elephant is the world\'s largest living creature.'),(50,'a nocturnal bird of prey with large eyes, a facial disc, a hooked beak, and typically a loud hooting call.','The owl is a predatory bird which kills its prey with its claws.'),(51,'A speaker or writer uses I to refer to himself or herself.','I reached home at six in the evening.'),(52,'at a lower level than.','the room under his study'),(53,'used to connect words of the same part of speech, clauses, or sentences, that are to be taken jointly.','bread and butter'),(54,'used to express grief, pity, or concern','Alas! That is really sad.');
/*!40000 ALTER TABLE `meaning` ENABLE KEYS */;
UNLOCK TABLES;

--
-- Table structure for table `part_of_speech`
--

DROP TABLE IF EXISTS `part_of_speech`;
/*!40101 SET @saved_cs_client     = @@character_set_client */;
/*!50503 SET character_set_client = utf8mb4 */;
CREATE TABLE `part_of_speech` (
  `Tag_ID` int NOT NULL AUTO_INCREMENT,
  `Part_of_Speech_Tag` varchar(20) NOT NULL,
  PRIMARY KEY (`Tag_ID`,`Part_of_Speech_Tag`)
) ENGINE=InnoDB AUTO_INCREMENT=9 DEFAULT CHARSET=utf8mb4 COLLATE=utf8mb4_0900_ai_ci;
/*!40101 SET character_set_client = @saved_cs_client */;

--
-- Dumping data for table `part_of_speech`
--

LOCK TABLES `part_of_speech` WRITE;
/*!40000 ALTER TABLE `part_of_speech` DISABLE KEYS */;
INSERT INTO `part_of_speech` VALUES (1,'Noun'),(2,'Adjective'),(3,'Verb'),(4,'Adjective'),(5,'Adverb'),(5,'Pronoun'),(6,'Preposition'),(7,'Conjunction'),(8,'Interjection');
/*!40000 ALTER TABLE `part_of_speech` ENABLE KEYS */;
UNLOCK TABLES;

--
-- Table structure for table `synonyms`
--

DROP TABLE IF EXISTS `synonyms`;
/*!40101 SET @saved_cs_client     = @@character_set_client */;
/*!50503 SET character_set_client = utf8mb4 */;
CREATE TABLE `synonyms` (
  `Meaning_ID` int NOT NULL,
  `Synonym_ID` int NOT NULL,
  PRIMARY KEY (`Meaning_ID`,`Synonym_ID`),
  KEY `fk_word_6` (`Synonym_ID`),
  CONSTRAINT `fk_mean_2` FOREIGN KEY (`Meaning_ID`) REFERENCES `meaning` (`Meaning_ID`),
  CONSTRAINT `fk_word_6` FOREIGN KEY (`Synonym_ID`) REFERENCES `word` (`Word_ID`)
) ENGINE=InnoDB DEFAULT CHARSET=utf8mb4 COLLATE=utf8mb4_0900_ai_ci;
/*!40101 SET character_set_client = @saved_cs_client */;

--
-- Dumping data for table `synonyms`
--

LOCK TABLES `synonyms` WRITE;
/*!40000 ALTER TABLE `synonyms` DISABLE KEYS */;
INSERT INTO `synonyms` VALUES (8,5),(10,5),(12,5),(6,6),(12,6),(6,7),(8,7),(12,7),(6,8),(8,8),(10,8),(18,9),(13,10),(20,12),(33,12),(19,13),(33,13),(39,14),(38,15),(27,16),(35,16),(26,17),(35,17),(25,18),(38,18),(26,19),(29,19),(35,19),(26,20),(27,20),(25,21),(23,22),(43,23),(42,25),(43,25);
/*!40000 ALTER TABLE `synonyms` ENABLE KEYS */;
UNLOCK TABLES;

--
-- Table structure for table `tag_mean_rel`
--

DROP TABLE IF EXISTS `tag_mean_rel`;
/*!40101 SET @saved_cs_client     = @@character_set_client */;
/*!50503 SET character_set_client = utf8mb4 */;
CREATE TABLE `tag_mean_rel` (
  `Tag_ID` int NOT NULL,
  `Meaning_ID` int NOT NULL,
  PRIMARY KEY (`Tag_ID`,`Meaning_ID`),
  KEY `fk_Tag_2` (`Tag_ID`),
  KEY `fk_mean_4` (`Meaning_ID`),
  CONSTRAINT `fk_mean_4` FOREIGN KEY (`Meaning_ID`) REFERENCES `meaning` (`Meaning_ID`),
  CONSTRAINT `fk_Tag_2` FOREIGN KEY (`Tag_ID`) REFERENCES `part_of_speech` (`Tag_ID`)
) ENGINE=InnoDB DEFAULT CHARSET=utf8mb4 COLLATE=utf8mb4_0900_ai_ci;
/*!40101 SET character_set_client = @saved_cs_client */;

--
-- Dumping data for table `tag_mean_rel`
--

LOCK TABLES `tag_mean_rel` WRITE;
/*!40000 ALTER TABLE `tag_mean_rel` DISABLE KEYS */;
INSERT INTO `tag_mean_rel` VALUES (1,1),(1,2),(1,4),(1,5),(1,6),(1,8),(1,9),(1,10),(1,11),(1,12),(1,13),(1,15),(1,16),(1,21),(1,24),(1,25),(1,29),(1,34),(1,37),(1,41),(1,43),(1,45),(1,46),(1,47),(1,48),(1,49),(1,50),(2,3),(2,17),(2,19),(2,20),(2,26),(2,27),(2,30),(2,32),(2,35),(2,38),(3,7),(3,14),(3,22),(3,23),(3,28),(3,31),(3,39),(3,40),(3,42),(3,44),(4,18),(4,33),(4,36),(5,51),(6,52),(7,53),(8,54);
/*!40000 ALTER TABLE `tag_mean_rel` ENABLE KEYS */;
UNLOCK TABLES;

--
-- Table structure for table `word`
--

DROP TABLE IF EXISTS `word`;
/*!40101 SET @saved_cs_client     = @@character_set_client */;
/*!50503 SET character_set_client = utf8mb4 */;
CREATE TABLE `word` (
  `Word_ID` int NOT NULL AUTO_INCREMENT,
  `Searched_Word` varchar(46) CHARACTER SET utf8mb4 COLLATE utf8mb4_0900_ai_ci NOT NULL,
  `Pronunciation` varchar(120) CHARACTER SET utf32 COLLATE utf32_unicode_ci NOT NULL,
  `Syllable` varchar(120) CHARACTER SET utf32 COLLATE utf32_unicode_ci NOT NULL,
  `Status` varchar(3) COLLATE utf32_unicode_ci NOT NULL DEFAULT 'NO',
  PRIMARY KEY (`Word_ID`),
  CONSTRAINT `Status_chk` CHECK ((`Status` in (_utf32'\0\0\0Y\0\0\0E\0\0\0S',_utf32'\0\0\0N\0\0\0O')))
) ENGINE=InnoDB AUTO_INCREMENT=35 DEFAULT CHARSET=utf32 COLLATE=utf32_unicode_ci;
/*!40101 SET character_set_client = @saved_cs_client */;

--
-- Dumping data for table `word`
--

LOCK TABLES `word` WRITE;
/*!40000 ALTER TABLE `word` DISABLE KEYS */;
INSERT INTO `word` VALUES (1,'Tiger','taj╦Иg╔Ъ','ti-ger','YES'),(2,'Human','hju╦Иm╩Мn','hu-man','YES'),(3,'Dictionary','d╔к╦Иk╩Г╩Мn╔Ы╦М╔╣i','dic-tion-ar-y','NO'),(4,'Banana','b╩Мn├ж╦Иn╩М','ba-nan-a','YES'),(5,'Book','b╩К╦Иk','book','NO'),(6,'Lexicon','l╔Ы╦Иks╔кk╔С╦Мn','lex-i-con','NO'),(7,'Volume','v╔С╦Иljum','vol-ume','NO'),(8,'Tome','tow╦Иm','tome','NO'),(9,'Time','taj╦Иm','time','NO'),(10,'Hour','aw╦И╔Ъ','hour','NO'),(11,'Late','lej╦Иt','late','NO'),(12,'Punctual','p╩М╦И┼Лk╩зu╩Мl','punc-tu-al','NO'),(13,'Prompt','p╔╣╔С╦Иmpt','prompt','NO'),(14,'Go','gow╦И','go','NO'),(15,'Idiot','╔к╦Иdi╩Мt','id-i-ot','NO'),(16,'Intelligent','╔кnt╔Ы╦Иl╩М╩д╩Мnt','in-tel-li-gent','NO'),(17,'Smart','sm╔С╦И╔╣t','smart','NO'),(18,'Dumb','d╩М╦Иm','dumb','NO'),(19,'Sharp','╩Г╔С╦И╔╣p','sharp','NO'),(20,'Bright','b╔╣aj╦Иt','bright','NO'),(21,'Brainless','b╔╣ej╦Иnl╔кs','brain-less','NO'),(22,'Proceed','p╔╣╩Мsi╦Иd','pro-ceed','NO'),(23,'Stand','st├ж╦Иnd','stand','NO'),(24,'Halt','h╔Ф╦Иlt','halt','NO'),(25,'Stop','st╔С╦Иp','stop','NO'),(26,'Dog','d╔Ф╦Иg','dog','YES'),(27,'Cat','k├ж╦Иt','cat','YES'),(28,'Fox','f╔С╦Иks','Fox','YES'),(29,'Elephant','╔Ы╦Иl╩Мf╩Мnt','el-e-phant','YES'),(30,'owl','aw╦Иl','owl','YES'),(31,'I','aj╦И','i','NO'),(32,'Under','╩М╦Иnd╔Ъ','un-der','NO'),(33,'And','╩Мnd','and','NO'),(34,'Alas!','╩Мl├ж╦Иs','a-las','NO');
/*!40000 ALTER TABLE `word` ENABLE KEYS */;
UNLOCK TABLES;

--
-- Table structure for table `word_mean_rel`
--

DROP TABLE IF EXISTS `word_mean_rel`;
/*!40101 SET @saved_cs_client     = @@character_set_client */;
/*!50503 SET character_set_client = utf8mb4 */;
CREATE TABLE `word_mean_rel` (
  `Word_ID` int NOT NULL,
  `Meaning_ID` int NOT NULL,
  PRIMARY KEY (`Word_ID`,`Meaning_ID`),
  KEY `fk_word_4` (`Word_ID`),
  KEY `fk_mean_3` (`Meaning_ID`),
  CONSTRAINT `fk_mean_3` FOREIGN KEY (`Meaning_ID`) REFERENCES `meaning` (`Meaning_ID`),
  CONSTRAINT `fk_word_4` FOREIGN KEY (`Word_ID`) REFERENCES `word` (`Word_ID`)
) ENGINE=InnoDB DEFAULT CHARSET=utf8mb4 COLLATE=utf8mb4_0900_ai_ci;
/*!40101 SET character_set_client = @saved_cs_client */;

--
-- Dumping data for table `word_mean_rel`
--

LOCK TABLES `word_mean_rel` WRITE;
/*!40000 ALTER TABLE `word_mean_rel` DISABLE KEYS */;
INSERT INTO `word_mean_rel` VALUES (1,1),(2,2),(2,3),(3,4),(4,5),(5,6),(5,7),(6,8),(6,9),(7,10),(7,11),(8,12),(9,13),(9,14),(10,15),(10,16),(11,17),(11,18),(12,19),(13,20),(13,21),(13,22),(14,23),(14,24),(15,25),(16,26),(17,27),(17,28),(17,29),(18,30),(18,31),(19,32),(19,33),(19,34),(20,35),(20,36),(20,37),(21,38),(22,39),(23,40),(23,41),(24,42),(24,43),(25,44),(25,45),(26,46),(27,47),(28,48),(29,49),(30,50),(31,51),(32,52),(33,53),(34,54);
/*!40000 ALTER TABLE `word_mean_rel` ENABLE KEYS */;
UNLOCK TABLES;

--
-- Table structure for table `word_tag_rel`
--

DROP TABLE IF EXISTS `word_tag_rel`;
/*!40101 SET @saved_cs_client     = @@character_set_client */;
/*!50503 SET character_set_client = utf8mb4 */;
CREATE TABLE `word_tag_rel` (
  `Word_ID` int NOT NULL,
  `Tag_ID` int NOT NULL,
  PRIMARY KEY (`Word_ID`,`Tag_ID`),
  KEY `fk_Tag_1` (`Tag_ID`),
  CONSTRAINT `fk_Tag_1` FOREIGN KEY (`Tag_ID`) REFERENCES `part_of_speech` (`Tag_ID`),
  CONSTRAINT `fk_Word_2` FOREIGN KEY (`Word_ID`) REFERENCES `word` (`Word_ID`)
) ENGINE=InnoDB DEFAULT CHARSET=utf8mb3 COLLATE=utf8mb3_bin;
/*!40101 SET character_set_client = @saved_cs_client */;

--
-- Dumping data for table `word_tag_rel`
--

LOCK TABLES `word_tag_rel` WRITE;
/*!40000 ALTER TABLE `word_tag_rel` DISABLE KEYS */;
INSERT INTO `word_tag_rel` VALUES (1,1),(2,1),(3,1),(4,1),(5,1),(6,1),(7,1),(8,1),(9,1),(10,1),(13,1),(14,1),(15,1),(17,1),(19,1),(20,1),(23,1),(24,1),(25,1),(26,1),(27,1),(28,1),(29,1),(30,1),(2,2),(11,2),(12,2),(13,2),(16,2),(17,2),(18,2),(19,2),(20,2),(21,2),(5,3),(9,3),(13,3),(14,3),(17,3),(18,3),(22,3),(23,3),(24,3),(25,3),(11,4),(19,4),(20,4),(31,5),(32,6),(33,7),(34,8);
/*!40000 ALTER TABLE `word_tag_rel` ENABLE KEYS */;
UNLOCK TABLES;
/*!40103 SET TIME_ZONE=@OLD_TIME_ZONE */;

/*!40101 SET SQL_MODE=@OLD_SQL_MODE */;
/*!40014 SET FOREIGN_KEY_CHECKS=@OLD_FOREIGN_KEY_CHECKS */;
/*!40014 SET UNIQUE_CHECKS=@OLD_UNIQUE_CHECKS */;
/*!40101 SET CHARACTER_SET_CLIENT=@OLD_CHARACTER_SET_CLIENT */;
/*!40101 SET CHARACTER_SET_RESULTS=@OLD_CHARACTER_SET_RESULTS */;
/*!40101 SET COLLATION_CONNECTION=@OLD_COLLATION_CONNECTION */;
/*!40111 SET SQL_NOTES=@OLD_SQL_NOTES */;

-- Dump completed on 2023-03-29  3:37:00
